Date,Open,High,Low,Close,Adj Close,Rendimiento,IPC,Rendimiento,Correlaci√≥n,Volume
2019-01-07,1602.310059,1634.560059,1589.189941,1629.51001,1629.51001,0,43542.871094,0,0,7993200
2019-01-08,1664.689941,1676.609985,1616.609985,1656.579956,1656.579956,0.016612322620835,43648.070313,0.002415991788251,0,8881400
2019-01-09,1652.97998,1667.800049,1641.400024,1659.420044,1659.420044,0.001714428566948,43668.949219,0.000478346599295,1,6348800
2019-01-10,1641.01001,1663.25,1621.619995,1656.219971,1656.219971,-0.001928428556453,43556.109375,-0.002583983494407,0.893262781196017,6507700
2019-01-11,1640.550049,1660.290039,1636.219971,1640.560059,1640.560059,-0.009455212637332,43397.980469,-0.003630464434704,0.942032045021171,4686200
2019-01-14,1615,1648.199951,1595.150024,1617.209961,1617.209961,-0.014233004071934,43603.621094,0.004738483744581,0.090525012979856,6005900
2019-01-15,1632,1675.160034,1626.01001,1674.560059,1674.560059,0.035462369997114,43819.53125,0.004951656550142,0.472756010848867,5998500
2019-01-16,1684.219971,1705,1675.880005,1683.780029,1683.780029,0.005505905835056,43932.078125,0.002568418049885,0.46894969859129,6366900
2019-01-17,1680,1700.170044,1677.5,1693.219971,1693.219971,0.005606398601607,44241.539063,0.007044076929834,0.402306285359667,4208900
2019-01-18,1712,1716.199951,1691.540039,1696.199951,1696.199951,0.001759948530633,44028.960938,-0.004804944165647,0.375522145765431,6020500
2019-01-22,1681,1681.869995,1610.199951,1632.170044,1632.170044,-0.037749032454724,43768.078125,-0.005925254819603,0.581888300082281,6416800
2019-01-23,1656,1657.430054,1612,1640.02002,1640.02002,0.004809533191016,43679.671875,-0.002019879642591,0.558255434326521,5225200
2019-01-24,1641.069946,1657.26001,1631.780029,1654.930054,1654.930054,0.009091373165067,43566.109375,-0.0025998936147,0.5151744864664,4089900
2019-01-25,1670.5,1683.47998,1661.609985,1670.569946,1670.569946,0.009450485210658,43638.621094,0.001664406577504,0.521993372762961,4945900
2019-01-28,1643.589966,1645,1614.089966,1637.890015,1637.890015,-0.019562144690947,43626.148438,-0.000285816913718,0.502335566787473,4837700
2019-01-29,1631.27002,1632.380005,1590.719971,1593.880005,1593.880005,-0.026869942179848,43700.101563,0.001695155947702,0.418915350719202,4632800
2019-01-30,1623,1676.949951,1619.680054,1670.430054,1670.430054,0.048027485607362,43631.359375,-0.001573044124415,0.269098022745505,5783800
2019-01-31,1692.849976,1736.410034,1679.079956,1718.72998,1718.72998,0.028914665348807,43987.941406,0.008172608786613,0.369861229017926,10910300
2019-02-01,1638.880005,1673.060059,1622.01001,1626.22998,1626.22998,-0.053818808699666,43738.269531,-0.00567591633115,0.480405814412366,11506200
2019-02-04,1623,1649.630005,1613.5,1633.310059,1633.310059,0.004353676347794,44337.101563,0.013691260272096,0.40762847772799,4929100
2019-02-05,1643.339966,1665.26001,1642.5,1658.810059,1658.810059,0.015612467369247,43855.789063,-0.010855750218947,0.290384194834945,4453100
2019-02-06,1670.75,1672.26001,1633.339966,1640.26001,1640.26001,-0.011182744461523,43624.550781,-0.005272696876297,0.306535420191651,3939900
2019-02-07,1625,1625.540039,1592.910034,1614.369995,1614.369995,-0.015784092059892,43180.449219,-0.010180083325773,0.337175243725994,4626600
2019-02-08,1586,1588.589966,1566.76001,1588.219971,1588.219971,-0.016198284210554,43285.171875,0.002425233129671,0.317335203259331,5657500
2019-02-11,1600.97998,1609.290039,1586,1591,1591,0.001750405517348,43113.789063,-0.003959388505951,0.311324823827399,3317300
2019-02-12,1604,1639.400024,1598.880005,1638.01001,1638.01001,0.029547460716531,42284.058594,-0.019245129853643,0.101094209240087,4858600
2019-02-13,1647,1656.380005,1637.109985,1640,1640,0.001214882685607,42725.21875,0.010433250039593,0.097800053713749,3560300
2019-02-14,1624.5,1637.900024,1606.060059,1622.650024,1622.650024,-0.010579253658537,42988.71875,0.006167317750714,0.077283431697684,4120500
2019-02-15,1627.859985,1628.910034,1604.5,1607.949951,1607.949951,-0.009059299776647,42981.308594,-0.000172374432536,0.076423860201503,4343900
2019-02-19,1601,1634,1600.560059,1627.579956,1627.579956,0.012208094529181,42949.5,-0.000740056434774,0.075080019026298,3681700
2019-02-20,1630,1634.930054,1610.119995,1622.099976,1622.099976,-0.003366949795491,43178,0.005320201632149,0.069276815047681,3337600
2019-02-21,1619.849976,1623.560059,1600.910034,1619.439941,1619.439941,-0.001639871178939,43577.640625,0.009255653920978,0.063351557971857,3483400
2019-02-22,1623.5,1634.939941,1621.170044,1631.560059,1631.560059,0.007484141704271,43738.660156,0.003695003416675,0.069137813524905,3096200
2019-02-25,1641.449951,1654.599976,1630.390015,1633,1633,0.000882554700979,43664.328125,-0.001699458344972,0.068782267033641,3184500
2019-02-26,1625.97998,1639.98999,1616.130005,1636.400024,1636.400024,0.002082072259645,43623.328125,-0.000938981584295,0.068314223569353,2665800
2019-02-27,1628.180054,1641.810059,1615.099976,1641.089966,1641.089966,0.002866011935478,43311.179688,-0.007155539258847,0.062969121296935,3148800
2019-02-28,1635.25,1651.77002,1633.829956,1639.829956,1639.829956,-0.000767788497952,42823.808594,-0.011252778093575,0.063293978563748,3025900
2019-03-01,1655.130005,1674.26001,1651,1671.72998,1671.72998,0.019453251163806,42619.230469,-0.004777205291093,0.044565882984734,4974900
2019-03-04,1685,1709.430054,1674.359985,1696.170044,1696.170044,0.014619624157246,42418.488281,-0.004710131689168,0.032092568973864,6167400
2019-03-05,1702.949951,1707.800049,1689.01001,1692.430054,1692.430054,-0.002204961709606,42128.910156,-0.006826696017116,0.036096829598192,3681500
2019-03-06,1695.969971,1697.75,1668.280029,1668.949951,1668.949951,-0.013873603192348,41908.148438,-0.005240147850551,0.049131980507693,3996000
2019-03-07,1667.369995,1669.75,1620.51001,1625.949951,1625.949951,-0.025764703114216,41641.839844,-0.006354577902528,0.075940909786352,4957000
2019-03-08,1604.01001,1622.719971,1586.569946,1620.800049,1620.800049,-0.003167318893692,41586.699219,-0.001324163994832,0.076078357611393,4667000
2019-03-11,1626.119995,1672.290039,1626.01001,1670.619995,1670.619995,0.030737872960171,41876.171875,0.006960702855391,0.118828723226618,3876400
2019-03-12,1669,1684.27002,1660.97998,1673.099976,1673.099976,0.001484467447668,41740.621094,-0.003236942990028,0.118324238690527,3614500
2019-03-13,1683,1700,1679.349976,1690.810059,1690.810059,0.010585191114724,41932.558594,0.004598338380441,0.127079811474342,3552000
2019-03-14,1691.199951,1702,1684.339966,1686.219971,1686.219971,-0.002714727166169,41777.808594,-0.003690449740936,0.128716690503141,2946600
2019-03-15,1703,1718.800049,1693.130005,1712.359985,1712.359985,0.015502137591514,42210.460938,0.010356032510095,0.152947174611532,7550900
2019-03-18,1712.699951,1750,1712.630005,1742.150024,1742.150024,0.017397065605922,42378.609375,0.003983572632552,0.164059293457401,5429100
2019-03-19,1753.51001,1784.160034,1753.51001,1761.849976,1761.849976,0.011307839008473,43156.210938,0.018348916457337,0.180453179663373,6364200
2019-03-20,1769.939941,1799.5,1767.030029,1797.27002,1797.27002,0.020103893340803,43251.191406,0.002200852807408,0.185326074492601,6265600
2019-03-21,1796.26001,1823.75,1787.280029,1819.26001,1819.26001,0.012235217722043,42259.121094,-0.022937410040047,0.133866096393288,5767800
2019-03-22,1810.170044,1818.97998,1763.109985,1764.77002,1764.77002,-0.029951732957622,42703.378906,0.010512708274548,0.078144422251038,6363000
2019-03-25,1757.790039,1782.680054,1747.5,1774.26001,1774.26001,0.005377465557807,42826.160156,0.002875211590874,0.07960176960197,5103800
2019-03-26,1793,1805.77002,1773.359985,1783.76001,1783.76001,0.005354344879813,42947.550781,0.002834497058756,0.08097335073162,4865900
2019-03-27,1784.130005,1787.5,1745.680054,1765.699951,1765.699951,-0.010124713469723,42942.230469,-0.000123879287718,0.080479280192123,4324800
2019-03-28,1770,1777.930054,1753.469971,1773.420044,1773.420044,0.004372256450269,43281.28125,0.007895509322571,0.082609414571867,3043000
2019-03-29,1786.579956,1792.859985,1776.630005,1780.75,1780.75,0.004133231731986,43672.058594,0.009028784100517,0.084490973041847,3320800
2019-04-01,1800.109985,1815.670044,1798.72998,1814.189941,1814.189941,0.01877857138846,43324.589844,-0.007956317178228,0.065042202208301,4238800
2019-04-02,1811.02002,1820,1805.119995,1813.97998,1813.97998,-0.000115732644777,43339.75,0.000349920358267,0.064918891170307,3448100
2019-04-03,1826.719971,1830,1809.619995,1820.699951,1820.699951,0.003704545294927,43937.390625,0.013789664799636,0.066114968860528,3926100
2019-04-04,1820.650024,1828.75,1804.199951,1818.859985,1818.859985,-0.00101058167162,44989.859375,0.023953829188053,0.05280249912728,3623900
2019-04-05,1829,1838.579956,1825.189941,1837.280029,1837.280029,0.010127246820486,45436.28125,0.009922722168989,0.061024700341969,3640500
2019-04-08,1833.22998,1850.199951,1825.109985,1849.859985,1849.859985,0.006847054233125,45151.628906,-0.006264868870623,0.056781266088139,3752800
2019-04-09,1845.48999,1853.089966,1831.780029,1835.839966,1835.839966,-0.007578962253189,44909.140625,-0.005370532290315,0.063067755243455,3714400
2019-04-10,1841,1848,1828.810059,1847.329956,1847.329956,0.006258710025272,44580.058594,-0.00732772942034,0.058777312781673,2964000
2019-04-11,1848.699951,1849.949951,1840.310059,1844.069946,1844.069946,-0.001764714521849,44686.058594,0.002377744743796,0.057860528685865,2654800
2019-04-12,1848.400024,1851.5,1841.300049,1843.060059,1843.060059,-0.000547640289996,44625.78125,-0.001348907151281,0.058345028704103,3114400
2019-04-15,1842,1846.849976,1818.900024,1844.869995,1844.869995,0.000982027683342,45009.359375,0.008595437754941,0.056964988144165,3724400
2019-04-16,1851.349976,1869.77002,1848,1863.040039,1863.040039,0.009848956321716,45525.289063,0.011462720091203,0.065685603109377,3044600
2019-04-17,1872.98999,1876.469971,1860.439941,1864.819946,1864.819946,0.000955377749667,45381.21875,-0.003164621597474,0.066050680341769,2893500
2019-04-18,1868.790039,1870.819946,1859.47998,1861.689941,1861.689941,-0.001678448906938,45148.320313,-0.00513204456414,0.068156571203986,2749900
2019-04-22,1855.400024,1888.420044,1845.640015,1887.310059,1887.310059,0.013761753466981,45045.328125,-0.002281196449524,0.064189855064335,3373800
2019-04-23,1891.199951,1929.26001,1889.579956,1923.77002,1923.77002,0.019318479666939,45026.679688,-0.000413992699715,0.061965567293976,4640400
2019-04-24,1925,1929.689941,1898.160034,1901.75,1901.75,-0.01144628503983,44974.96875,-0.001148451059645,0.064098030170898,3675800
2019-04-25,1917,1922.449951,1900.310059,1902.25,1902.25,0.000262915735507,44956.730469,-0.000405520704225,0.064271377091921,6099100
2019-04-26,1929,1951,1898,1950.630005,1950.630005,0.025433042449731,44597.320313,-0.007994579504571,0.041997610274497,8432600
2019-04-29,1949,1956.339966,1934.089966,1938.430054,1938.430054,-0.006254364471339,44312.429688,-0.006388065986937,0.047928042216854,4021300
2019-04-30,1930.099976,1935.709961,1906.949951,1926.52002,1926.52002,-0.00614416495216,44277.238281,-0.00079416559299,0.04877829925162,3506000
2019-05-01,1933.089966,1943.640015,1910.550049,1911.52002,1911.52002,-0.007786059757635,44116.699219,-0.003625769542833,0.052659847548987,3117000
2019-05-02,1913.329956,1921.550049,1881.869995,1900.819946,1900.819946,-0.005597678228868,43583.601563,-0.012083806482295,0.061544247655062,3962900
2019-05-03,1949,1964.400024,1936,1962.459961,1962.459961,0.032428118786165,43410.738281,-0.003966245922796,0.047804358659552,6381600
2019-05-06,1917.97998,1959,1910.5,1950.550049,1950.550049,-0.006068868785446,43193.359375,-0.00500749157024,0.051853192909568,5417800
2019-05-07,1939.98999,1949.099976,1903.380005,1921,1921,-0.015149597937848,43382.351563,0.004375491759258,0.043656908000107,5902100
2019-05-08,1918.869995,1935.369995,1910,1917.77002,1917.77002,-0.001681405517959,43142.460938,-0.005529682379058,0.045574336786119,4078600
2019-05-09,1900,1909.400024,1876,1899.869995,1899.869995,-0.009333770375657,43431.53125,0.006700366778229,0.037624178646346,5308300
2019-05-10,1898,1903.790039,1856,1889.97998,1889.97998,-0.005205627240826,43338.820313,-0.002134645828312,0.039054939201141,5718000
2019-05-13,1836.560059,1846.540039,1818,1822.680054,1822.680054,-0.035608803644576,43442.488281,0.002392034837388,0.029202827692997,5783400
2019-05-14,1839.5,1852.439941,1815.75,1840.119995,1840.119995,0.009568295303241,43445.621094,7.21140322289958E-05,0.029215085348368,4629100
2019-05-15,1827.949951,1874.430054,1823,1871.150024,1871.150024,0.016863046477575,43519.21875,0.001694017812308,0.031507632037588,4692600
2019-05-16,1885.939941,1917.51001,1882.290039,1907.569946,1907.569946,0.019463924074962,43190.101563,-0.007562571122672,0.018546860780231,4707800
2019-05-17,1893.050049,1910.530029,1867.329956,1869,1869,-0.020219413752496,42942.230469,-0.005739071801867,0.029826844240622,4736600
2019-05-20,1852.689941,1867.780029,1835.540039,1858.969971,1858.969971,-0.005366521669342,42812.570313,-0.00301940897303,0.031631035802332,3798200
2019-05-21,1874.790039,1879,1846,1857.52002,1857.52002,-0.000779975482455,42617.601563,-0.004554007119278,0.032509074861371,4005100
2019-05-22,1851.780029,1871.48999,1851,1859.680054,1859.680054,0.001162859068405,42491.429688,-0.00296055785339,0.032578515806345,2936600
2019-05-23,1836.589966,1844,1804.199951,1815.47998,1815.47998,-0.023767568999264,42207.710938,-0.006677081757033,0.04668308490142,4424300
2019-05-24,1835.890015,1841.76001,1817.849976,1823.280029,1823.280029,0.004296411464697,42854.75,0.01532987806305,0.049744007175116,3369700
2019-05-28,1832.75,1849.27002,1827.349976,1836.430054,1836.430054,0.007212290372759,43345.820313,0.011458947094546,0.05503516197778,3200000
2019-05-29,1823.119995,1830,1807.530029,1819.189941,1819.189941,-0.009387840806922,42749.160156,-0.013765113976192,0.066535112978555,4279000
2019-05-30,1825.48999,1829.469971,1807.829956,1816.319946,1816.319946,-0.001577622509512,43108.421875,0.008403948000124,0.064048591727545,3146900
2019-05-31,1790.01001,1795.589966,1772.699951,1775.069946,1775.069946,-0.022710756489154,43241.820313,0.003094486696516,0.05693606778438,4618800
2019-06-03,1760.01001,1766.290039,1672,1692.689941,1692.689941,-0.046409441602928,43420.378906,0.004129303338933,0.038693403445171,9098700
2019-06-04,1699.23999,1730.819946,1680.890015,1729.560059,1729.560059,0.021781967923918,43147.828125,-0.006277024472542,0.027706991019137,5679100
2019-06-05,1749.599976,1752,1715.25,1738.5,1738.5,0.005168910413651,43291.328125,0.003325775739726,0.028857581158147,4239800
2019-06-06,1737.709961,1760,1726.130005,1754.359985,1754.359985,0.009122798389416,43609.171875,0.007341972717544,0.033515851093869,3689300
2019-06-07,1763.699951,1806.25,1759.48999,1804.030029,1804.030029,0.028312344344767,43713.660156,0.002396016170623,0.038056551573058,4808200
2019-06-10,1822,1884.869995,1818,1860.630005,1860.630005,0.031374187286325,43800.160156,0.00197878648668,0.041861703469834,5371000
2019-06-11,1883.25,1893.699951,1858,1863.699951,1863.699951,0.00164994974377,43483.199219,-0.007236524612492,0.041526758979988,4042700
2019-06-12,1853.97998,1865,1844.380005,1855.319946,1855.319946,-0.004496434630212,43130.648438,-0.008107747068573,0.044873507428545,2678300
2019-06-13,1866.719971,1883.089966,1862.219971,1870.300049,1870.300049,0.008074134616133,42964.710938,-0.003847322171345,0.042868587236706,2795800
2019-06-14,1864,1876,1859,1869.670044,1869.670044,-0.000336847021063,43161.050781,0.004569793179415,0.042180011884422,2851200
2019-06-17,1876.5,1895.689941,1875.449951,1886.030029,1886.030029,0.008750199027096,43375.671875,0.004972564154867,0.044821585586273,2634300
2019-06-18,1901.349976,1921.670044,1899.790039,1901.369995,1901.369995,0.008133468589646,43645.109375,0.006211719342964,0.047740984143468,3895700
2019-06-19,1907.839966,1919.579956,1892.469971,1908.790039,1908.790039,0.003902472438038,43526.730469,-0.002712306320117,0.047214842686882,2895300
2019-06-20,1933.329956,1935.199951,1905.800049,1918.189941,1918.189941,0.00492453429028,43743.71875,0.004985172988229,0.048360570740061,3217200
2019-06-21,1916.099976,1925.949951,1907.579956,1911.300049,1911.300049,-0.003591871614345,43792.171875,0.001107659028189,0.047936306516324,3933600
2019-06-24,1912.660034,1916.859985,1901.300049,1913.900024,1913.900024,0.001360317550015,43792.078125,-2.14079357076875E-06,0.047937170561629,2283000
2019-06-25,1911.839966,1916.390015,1872.420044,1878.27002,1878.27002,-0.018616439496946,43316.558594,-0.010858574229857,0.063236182738623,3012300
2019-06-26,1892.47998,1903.800049,1887.319946,1897.829956,1897.829956,0.010413804081269,43161.171875,-0.003587236014209,0.060725852323316,2441900
2019-06-27,1902,1911.23999,1898.040039,1904.280029,1904.280029,0.003398656965872,43438.238281,0.006419343914072,0.061447530331893,2141700
2019-06-28,1909.099976,1912.939941,1884,1893.630005,1893.630005,-0.005592677462249,43441.800781,8.20129945637838E-05,0.061358637752883,3037400
2019-07-01,1922.97998,1929.819946,1914.660034,1922.189941,1922.189941,0.01508210998167,43483.230469,0.000953682565068,0.062105182856424,3192100
2019-07-02,1919.380005,1934.790039,1906.630005,1934.310059,1934.310059,0.006305369589904,43461.480469,-0.000500192827566,0.061901212860077,2645900
2019-07-03,1935.890015,1941.589966,1930.5,1939,1939,0.002424606633346,43405.320313,-0.001292182304744,0.061807845100671,1690300
2019-07-05,1928.599976,1945.900024,1925.300049,1942.910034,1942.910034,0.002016520887055,43589.078125,0.004233531988127,0.061865202705969,2628400
2019-07-08,1934.119995,1956,1928.25,1952.319946,1952.319946,0.004843205210396,42818.660156,-0.017674564412459,0.056239916011397,2883400
2019-07-09,1947.800049,1990.01001,1943.47998,1988.300049,1988.300049,0.018429409110795,42805.609375,-0.000304791905035,0.055747795198403,4345700
2019-07-10,1996.51001,2024.939941,1995.400024,2017.410034,2017.410034,0.01464063988463,42882.019531,0.001785050069737,0.057297448564425,4931900
2019-07-11,2025.619995,2035.800049,1995.300049,2001.069946,2001.069946,-0.008099537389334,42647.308594,-0.005473411456994,0.06079526007316,4317800
2019-07-12,2008.27002,2017,2003.869995,2011,2011,0.004962372264822,43063.949219,0.009769447093752,0.062555687608198,2509300
2019-07-15,2021.400024,2022.900024,2001.550049,2020.98999,2020.98999,0.004967672799602,42984.96875,-0.001834027543511,0.062136084575335,2981300
2019-07-16,2010.579956,2026.319946,2001.219971,2009.900024,2009.900024,-0.005487392839586,42551.539063,-0.01008328491573,0.066612971159569,2618200
2019-07-17,2007.050049,2012,1992.030029,1992.030029,1992.030029,-0.00889098700762,41618.109375,-0.021936449504635,0.079596612524074,2558800
2019-07-18,1980.01001,1987.5,1951.550049,1977.900024,1977.900024,-0.007093269074409,41606.539063,-0.000278011475623,0.079478509379397,3486900
2019-07-19,1991.209961,1996,1962.22998,1964.52002,1964.52002,-0.00676475243321,41209.320313,-0.009547026956473,0.083987112064794,3185600
2019-07-22,1971.140015,1989,1958.26001,1985.630005,1985.630005,0.010745619685769,40935.339844,-0.006648507350255,0.079866993220131,2900000
2019-07-23,1995.98999,1997.790039,1973.130005,1994.48999,1994.48999,0.004462052334871,41167.738281,0.005677207954927,0.080803893323227,2703500
2019-07-24,1969.300049,2001.300049,1965.869995,2000.810059,2000.810059,0.003168764461936,40933.429688,-0.005691558554922,0.080107013835711,2631300
2019-07-25,2001,2001.199951,1972.719971,1973.819946,1973.819946,-0.013489592816966,40673.78125,-0.006343187951244,0.085421277331549,4136500
2019-07-26,1942,1950.900024,1924.51001,1943.050049,1943.050049,-0.01558900904936,41276.671875,0.014822586110063,0.067147076420022,4927100
2019-07-29,1930,1932.22998,1890.540039,1912.449951,1912.449951,-0.015748486775083,41159.269531,-0.002844278345782,0.069506969235994,4493200
2019-07-30,1891.119995,1909.890015,1883.47998,1898.530029,1898.530029,-0.00727858106442,40863.089844,-0.00719594128795,0.072884878023059,2910900
2019-07-31,1898.109985,1899.550049,1849.439941,1866.780029,1866.780029,-0.016723464741152,40346.800781,-0.012634606559881,0.085413789340751,4470700
2019-08-01,1871.719971,1897.920044,1844.01001,1855.319946,1855.319946,-0.006138957360787,39977.519531,-0.009152677358595,0.088791558111217,4713300
2019-08-02,1845.069946,1846.359985,1808.02002,1823.23999,1823.23999,-0.017290794544177,39496.359375,-0.012035768142816,0.100406244803899,4956200
2019-08-05,1770.219971,1788.670044,1748.780029,1765.130005,1765.130005,-0.03187182450951,39785.628906,0.007323954298003,0.082845259798966,6058200
2019-08-06,1792.22998,1793.77002,1753.400024,1787.829956,1787.829956,0.012860214791941,40432.359375,0.016255378808464,0.093297242829865,5070300
2019-08-07,1773.98999,1798.930054,1757,1793.400024,1793.400024,0.003115546856851,40439.421875,0.000174674446636,0.093377695587963,4526900
2019-08-08,1806,1834.26001,1798.109985,1832.890015,1832.890015,0.022019622210064,40421.28125,-0.000448587644405,0.092802142679053,3701200
2019-08-09,1828.949951,1831.089966,1802.219971,1807.579956,1807.579956,-0.013808825839449,39851.210938,-0.014103222222824,0.103027270432274,2879800
2019-08-12,1795.98999,1800.97998,1777,1784.920044,1784.920044,-0.012536049608641,39476.5,-0.009402749105491,0.109026697027912,2905500
2019-08-13,1783,1831.73999,1780,1824.339966,1824.339966,0.022084979174563,38650.089844,-0.020934230643547,0.081864855133562,3994000
2019-08-14,1793.01001,1795.650024,1757.219971,1762.959961,1762.959961,-0.033645047602931,38574.179688,-0.001964035693226,0.082788339289522,4893600
2019-08-15,1781.98999,1788,1761.959961,1776.119995,1776.119995,0.007464737878979,39339.550781,0.019841539060339,0.088360182821504,3759100
2019-08-16,1792.890015,1802.910034,1784.550049,1792.569946,1792.569946,0.009261734030532,39556.320313,0.00551021879245,0.090891816598916,3018000
2019-08-19,1818.079956,1826,1812.609985,1816.119995,1816.119995,0.013137590001746,39700.050781,0.003633565176505,0.093388314296717,2816300
2019-08-20,1814.5,1816.819946,1799.880005,1801.380005,1801.380005,-0.008116198291182,40076.039063,0.009470725467685,0.088095045340664,1929500
2019-08-21,1819.390015,1829.579956,1815,1823.540039,1823.540039,0.01230169866352,40144.238281,0.001701745471722,0.089248104124796,2031800
2019-08-22,1828,1829.410034,1800.099976,1804.660034,1804.660034,-0.010353490790558,39862.070313,-0.007028853456501,0.09272595851367,2653500
2019-08-23,1793.030029,1804.900024,1745.22998,1749.619995,1749.619995,-0.030498840758392,40081.71875,0.005510211468579,0.081656821121724,5270800
2019-08-26,1766.910034,1770,1743.51001,1768.869995,1768.869995,0.011002389121645,40648.96875,0.014152337217326,0.088431970010592,3080000
2019-08-27,1775.72998,1779.400024,1746.680054,1761.829956,1761.829956,-0.003979964056092,40941.960938,0.007207862757896,0.08637580040808,3019700
2019-08-28,1755,1767.859985,1744.050049,1764.25,1764.25,0.001373596805843,41831.300781,0.021721965011563,0.08520337208104,2419700
2019-08-29,1783,1798.550049,1777.25,1786.400024,1786.400024,0.012554923621936,42622.5,0.018914047716139,0.094711782495308,3015100
2019-08-30,1797.48999,1799.73999,1764.569946,1776.290039,1776.290039,-0.005659418307307,42108.230469,-0.012065681998944,0.097710303105082,3058700
2019-09-03,1770,1800.800049,1768,1789.839966,1789.839966,0.007628217634789,41826.550781,-0.00668942116215,0.095271795208669,3543000
2019-09-04,1805,1807.630005,1796.22998,1800.619995,1800.619995,0.006022901044104,42324.46875,0.011904351654696,0.097704424251569,2324100
2019-09-05,1821.949951,1842,1815.579956,1840.719971,1840.719971,0.022270093696255,42731.480469,0.009616463738839,0.106661556340516,3310800
2019-09-06,1838.219971,1840.650024,1826.400024,1833.51001,1833.51001,-0.003916924417397,42707.660156,-0.00055744179089,0.106737529220864,2496900
2019-09-09,1841,1850,1824.609985,1831.349976,1831.349976,-0.001178086832479,42662.46875,-0.001058156916931,0.106819862615794,2999500
2019-09-10,1822.75,1825.810059,1805.339966,1820.550049,1820.550049,-0.005897249101228,42588.101563,-0.001743152451767,0.107270572283822,2613900
2019-09-11,1812.140015,1833.420044,1809.079956,1822.98999,1822.98999,0.001340221874889,42749.171875,0.003782049588703,0.10730411044803,2432800
2019-09-12,1837.630005,1853.660034,1834.280029,1843.550049,1843.550049,0.011278207292844,42670.410156,-0.001842415081871,0.106263297334869,2823500
2019-09-13,1842.01001,1846.119995,1835.170044,1839.339966,1839.339966,-0.002283682508258,42841.460938,0.004008650991979,0.105571221711225,1971300
2019-09-16,1824.02002,1825.689941,1800.199951,1807.839966,1807.839966,-0.017125708451006,43448.941406,0.014179732779868,0.092337513428338,3675500
2019-09-17,1807.079956,1823.98999,1804.099976,1822.550049,1822.550049,0.008136828080279,43070.339844,-0.008713711997313,0.088966843833213,1982400
2019-09-18,1817.040039,1822.060059,1795.5,1817.459961,1817.459961,-0.002792838530164,43017.460938,-0.001227733660601,0.089144249834082,2505600
2019-09-19,1821.02002,1832.569946,1817.900024,1821.5,1821.5,0.002222903990566,43559.449219,0.012599262466494,0.089405111452378,2031500
2019-09-20,1821.709961,1830.630005,1780.920044,1794.160034,1794.160034,-0.015009588800439,43507.949219,-0.001182292267771,0.09000237541153,5341900
2019-09-23,1777,1792.699951,1767.319946,1785.300049,1785.300049,-0.004938235626756,43099.328125,-0.009391872090849,0.092038517853081,2922300
2019-09-24,1790.609985,1795.709961,1735.550049,1741.609985,1741.609985,-0.024472112698631,43014.078125,-0.00197798907103,0.093532544243848,4616000
2019-09-25,1747.359985,1773,1723,1768.329956,1768.329956,0.015342109444785,42984.75,-0.000681826189899,0.092844173260537,3493200
2019-09-26,1762.790039,1763.369995,1731.5,1739.839966,1739.839966,-0.016111240949876,42857.578125,-0.002958534712892,0.094690604386394,3536800
2019-09-27,1748,1749.119995,1713.819946,1725.449951,1725.449951,-0.008270884265915,43011.269531,0.003586096385375,0.093119131258207,3907200
2019-09-30,1726.98999,1737.459961,1709.219971,1735.910034,1735.910034,0.006062234951491,42937.160156,-0.001723022263888,0.09264452867211,2644700
2019-10-01,1746,1755.599976,1728.410034,1735.650024,1735.650024,-0.000149783107942,42222.898438,-0.016635047949257,0.092043084629879,3084500
2019-10-02,1727.73999,1728.890015,1705,1713.22998,1713.22998,-0.012917376020501,42443.308594,0.005220156932705,0.08856717365096,3301100
2019-10-03,1713,1725,1685.060059,1724.420044,1724.420044,0.006531559761755,43416.898438,0.022938594474645,0.092814398421174,3468200
2019-10-04,1726.02002,1740.579956,1719.22998,1739.650024,1739.650024,0.00883194326869,42952.289063,-0.010701118497985,0.088431115868711,2471900
2019-10-07,1731.630005,1747.829956,1723.699951,1732.660034,1732.660034,-0.004018043803965,42535.140625,-0.009711902371213,0.089951205947081,2154700
2019-10-08,1722.48999,1727,1705,1705.51001,1705.51001,-0.015669562099451,42501.921875,-0.000780971909623,0.09014764983053,2542000
2019-10-09,1719.609985,1729.949951,1714.359985,1721.98999,1721.98999,0.009662787027559,42929.761719,0.010066364651893,0.093730576133606,2043500
2019-10-10,1725.23999,1738.290039,1713.75,1720.26001,1720.26001,-0.001004639986322,43214.601563,0.006635020382001,0.093171008157048,2575200
2019-10-11,1742.920044,1745.449951,1729.859985,1731.920044,1731.920044,0.00677806490427,43299.53125,0.001965300706896,0.093647086001265,3255000
2019-10-14,1728.910034,1741.890015,1722,1736.430054,1736.430054,0.002604052084058,43244.628906,-0.001267966243861,0.093518124055696,1910200
2019-10-15,1742.140015,1776.449951,1740.619995,1767.380005,1767.380005,0.017823897328144,43538.488281,0.006795280302642,0.098017632101863,3111700
2019-10-16,1773.329956,1786.23999,1770.52002,1777.430054,1777.430054,0.005686410942507,43479.980469,-0.001343818178123,0.097679414839777,2763400
2019-10-17,1796.48999,1798.849976,1782.02002,1787.47998,1787.47998,0.005654189304037,43178.628906,-0.006930811829938,0.095973724307524,2647400
2019-10-18,1787.800049,1793.97998,1749.199951,1757.51001,1757.51001,-0.016766604569188,43405.429688,0.005252616577839,0.091703932474461,3362500
2019-10-21,1769.660034,1785.880005,1765,1785.660034,1785.660034,0.016016992130816,43363.539063,-0.000965101032316,0.090804211166896,2130400
2019-10-22,1788.150024,1789.780029,1762,1765.72998,1765.72998,-0.011161169327039,43546.480469,0.00421878402808,0.088537951932255,2111700
2019-10-23,1761.300049,1770.050049,1742,1762.170044,1762.170044,-0.002016127063777,43776.601563,0.005284493523278,0.08788647420522,2138200
2019-10-24,1771.089966,1788.339966,1760.27002,1780.780029,1780.780029,0.010560833821552,43389.160156,-0.008850422215677,0.083796617953156,4446100
2019-10-25,1697.550049,1764.209961,1695,1761.329956,1761.329956,-0.010922220983645,43765.488281,0.008673321254594,0.079327845869361,9626400
2019-10-28,1748.060059,1778.699951,1742.5,1777.079956,1777.079956,0.008942106472639,43851.058594,0.001955200692623,0.07991480578951,3708900
2019-10-29,1774.810059,1777,1755.810059,1762.709961,1762.709961,-0.008086296258917,43741.621094,-0.002495663810838,0.080739180303497,2276900
2019-10-30,1760.23999,1782.380005,1759.119995,1779.98999,1779.98999,0.009803103960561,43337.28125,-0.009243823934442,0.076839875192823,2449400
2019-10-31,1775.98999,1792,1771.47998,1776.660034,1776.660034,-0.00187077231822,43814.550781,0.011012908914308,0.075410991552774,2781200
2019-11-01,1788.01001,1797.449951,1785.209961,1791.439941,1791.439941,0.008318928054415,43815.761719,2.76378047570654E-05,0.075347171202776,2790400
2019-11-04,1801.01001,1815.060059,1801.01001,1804.660034,1804.660034,0.007379590405147,43611.839844,-0.004654075770902,0.073931729917324,2771900
2019-11-05,1809.160034,1810.25,1794,1801.709961,1801.709961,-0.001634697363725,43818.511719,0.004738893743976,0.073440817617668,1885500
2019-11-06,1801,1802.5,1788.579956,1795.77002,1795.77002,-0.003296835300119,44119.898438,0.006878068359161,0.072227037361466,2029800
2019-11-07,1803.76001,1805.900024,1783.47998,1788.199951,1788.199951,-0.004215500267679,43702.230469,-0.009466657535192,0.073825487570491,2651100
2019-11-08,1787.890015,1789.880005,1774.040039,1785.880005,1785.880005,-0.001297363865099,43595.601563,-0.002439896198791,0.07399198824091,2123300
2019-11-11,1778,1780,1767.130005,1771.650024,1771.650024,-0.007968049902658,43100.769531,-0.011350503588875,0.07749664520308,1946000
2019-11-12,1774.660034,1786.219971,1771.910034,1778,1778,0.003584215795433,43098.660156,-4.8940541501999E-05,0.077483966138975,2037600
2019-11-13,1773.390015,1775,1747.319946,1753.109985,1753.109985,-0.013998883577053,43188.691406,0.0020889570505,0.07605706130337,2989500
2019-11-14,1751.430054,1766.589966,1749.560059,1754.599976,1754.599976,0.000849913019005,43392.359375,0.004715770780953,0.076074335620887,2264800
2019-11-15,1760.050049,1761.680054,1732.859985,1739.48999,1739.48999,-0.008611641517542,43602.25,0.004837041083342,0.074187563427046,3927600
2019-11-18,1738.300049,1753.699951,1722.709961,1752.530029,1752.530029,0.0074964725724,43604.699219,5.61718489298581E-05,0.074150307675302,2839500
2019-11-19,1756.98999,1760.680054,1743.030029,1752.790039,1752.790039,0.000148362650395,43255.429688,-0.008009905749971,0.074071786978495,2270800
2019-11-20,1749.140015,1762.52002,1734.119995,1745.530029,1745.530029,-0.004141973561273,43521.859375,0.006159450707616,0.072828761762279,2790000
2019-11-21,1743,1746.869995,1730.359985,1734.709961,1734.709961,-0.006198729222779,43535.109375,0.000304444713307,0.072719965157736,2662900
2019-11-22,1739.02002,1746.430054,1731,1745.719971,1745.719971,0.006346888095145,42852.359375,-0.015682744566437,0.068351751126786,2479100
2019-11-25,1753.25,1777.420044,1753.23999,1773.839966,1773.839966,0.016107964316804,43036.160156,0.004289163623211,0.070800768350442,3486200
2019-11-26,1779.920044,1797.030029,1778.349976,1796.939941,1796.939941,0.013022581203924,43100.121094,0.001486213866854,0.071414951260102,3181200
2019-11-27,1801,1824.5,1797.310059,1818.51001,1818.51001,0.012003778483546,42820.179688,-0.006495141983232,0.068285191076001,3025600
2019-11-29,1817.780029,1824.689941,1800.790039,1800.800049,1800.800049,-0.009738720657358,42544.140625,-0.006446471383616,0.070698628711295,1923400
2019-12-02,1804.400024,1805.550049,1762.680054,1781.599976,1781.599976,-0.010661968279411,42294.519531,-0.005867343665495,0.073056675215542,3925600
2019-12-03,1760,1772.869995,1747.22998,1769.959961,1769.959961,-0.006533461583298,42191.921875,-0.002425790791282,0.073642283572984,3380900
2019-12-04,1774.01001,1789.089966,1760.219971,1760.689941,1760.689941,-0.005237417910156,42216.03125,0.000571421588034,0.073463904831866,2670100
2019-12-05,1763.5,1763.5,1740,1740.47998,1740.47998,-0.011478432703785,41938.691406,-0.006569538532829,0.076242565423444,2823800
2019-12-06,1751.199951,1754.400024,1740.130005,1751.599976,1751.599976,0.006389039878528,41951.589844,0.000307554612879,0.076314186541024,3117400
2019-12-09,1750.660034,1766.890015,1745.609985,1749.51001,1749.51001,-0.001193175398856,42633.429688,0.016253015595725,0.074607682705804,2442800
2019-12-10,1747.400024,1750.670044,1735,1739.209961,1739.209961,-0.005887390721474,43195.191406,0.0131765546922,0.070949249422698,2514300
2019-12-11,1741.670044,1750,1735.709961,1748.719971,1748.719971,0.005468005711359,44254.429688,0.024522134235823,0.074243885583032,2097600
2019-12-12,1750,1764,1745.439941,1760.329956,1760.329956,0.006639133304666,44356.21875,0.002300087532878,0.074715707047722,3095900
2019-12-13,1765,1768.98999,1755,1760.939941,1760.939941,0.00034651742301,44401.160156,0.001013192902066,0.074711162414819,2745700
2019-12-16,1767,1769.5,1757.050049,1769.209961,1769.209961,0.004696366870584,45106.289063,0.015880866727864,0.07661902835623,3145200
2019-12-17,1778.01001,1792,1777.390015,1790.660034,1790.660034,0.01212409689796,44649.429688,-0.010128507232371,0.071784568272748,3644400
2019-12-18,1795.02002,1798.199951,1782.359985,1784.030029,1784.030029,-0.003702548152141,44505.640625,-0.003220400887643,0.072267062743627,3351400
2019-12-19,1780.5,1792.98999,1774.060059,1792.280029,1792.280029,0.004624361622783,44276.851563,-0.005140675626439,0.071381860871168,2652800
2019-12-20,1799.619995,1802.969971,1782.449951,1786.5,1786.5,-0.003224958659627,44157.96875,-0.002684987952019,0.071736802090915,5150800
2019-12-23,1788.26001,1793,1784.51001,1793,1793,0.003638399104394,44300.171875,0.003220327588098,0.072073219962039,2136400
2019-12-24,1793.810059,1795.569946,1787.579956,1789.209961,1789.209961,-0.002113797546012,44261.511719,-0.000872686365847,0.072159644005552,881300
2019-12-26,1801.01001,1870.459961,1799.5,1868.77002,1868.77002,0.044466586221962,43657.480469,-0.013646873469546,0.048488973587534,6005400
2019-12-27,1882.920044,1901.400024,1866.01001,1869.800049,1869.800049,0.000551180182139,43541.019531,-0.002667605568368,0.048488234724347,6186600
2019-12-30,1874,1884,1840.619995,1846.890015,1846.890015,-0.012252665204631,44437.230469,0.020583140855531,0.03837524105884,3674700
2019-12-31,1842,1853.26001,1832.22998,1847.839966,1847.839966,0.000514351689751,44624.851563,0.004222159932557,0.03834288112509,2506500
2020-01-02,1875,1898.01001,1864.150024,1898.01001,1898.01001,0.027150643412374,44495.300781,-0.002903108412968,0.035216029566429,4029000
2020-01-03,1864.5,1886.199951,1864.5,1874.969971,1874.969971,-0.012139050309856,44157.808594,-0.007584895058044,0.038565674564604,3764400
2020-01-06,1860,1903.689941,1860,1902.880005,1902.880005,0.014885589866335,44470.910156,0.007090514044271,0.041910220845105,4061800
2020-01-07,1904.5,1913.890015,1892.040039,1906.859985,1906.859985,0.00209155595179,44572.171875,0.002277032753429,0.042007475757323,4044900
2020-01-08,1898.040039,1911,1886.439941,1891.969971,1891.969971,-0.007808656176715,44660.328125,0.001977831599663,0.041420422466359,3508000
2020-01-09,1909.890015,1917.819946,1895.800049,1901.050049,1901.050049,0.004799271732204,44847.46875,0.004190310122134,0.04197513026002,3167300
2020-01-10,1905.369995,1906.939941,1880,1883.160034,1883.160034,-0.009410596532906,44773.238281,-0.0016551763359,0.042563130191574,2853700
2020-01-13,1891.310059,1898,1880.800049,1891.300049,1891.300049,0.004322529606106,44453.328125,-0.007145119903819,0.041562569037546,2780800
2020-01-14,1885.880005,1887.109985,1858.550049,1869.439941,1869.439941,-0.011558244294214,45303.078125,0.019115554129278,0.033070514501635,3440900
2020-01-15,1872.25,1878.859985,1855.089966,1862.02002,1862.02002,-0.003969060913522,45817.761719,0.011360896771294,0.031184777720454,2896600
2020-01-16,1882.98999,1885.589966,1866.02002,1877.939941,1877.939941,0.008549811940261,45902.679688,0.001853385364409,0.031603128242244,2659500
2020-01-17,1885.890015,1886.640015,1857.25,1864.719971,1864.719971,-0.007039612775348,45637.320313,-0.005780912504534,0.033130743402996,3997300
2020-01-21,1865,1894.27002,1860,1892,1892,0.014629558016355,45604.441406,-0.000720439034862,0.032617443808249,3707800
2020-01-22,1896.089966,1902.5,1883.339966,1887.459961,1887.459961,-0.002399597780127,45476.429688,-0.002807001117728,0.032921177682112,3216300
2020-01-23,1885.109985,1889.97998,1872.76001,1884.579956,1884.579956,-0.00152586283127,45141.621094,-0.007362244492301,0.033426818800119,2484600
2020-01-24,1891.369995,1894.98999,1847.439941,1861.640015,1861.640015,-0.012172442419843,44134.390625,-0.022312678290897,0.042550952629948,3766200
2020-01-27,1820,1841,1815.339966,1828.339966,1828.339966,-0.017887480249505,44717.941406,0.01322213296108,0.034136571949065,3528500
2020-01-28,1840.5,1858.109985,1830.02002,1853.25,1853.25,0.013624399435132,45132.601563,0.009272791724361,0.037959147518416,2808000
2020-01-29,1864,1874.75,1855.02002,1858,1858,0.002563064886011,44862.761719,-0.005978823171169,0.03751502458998,2088000
2020-01-30,1858,1872.869995,1850.609985,1870.680054,1870.680054,0.006824571582347,44108.308594,-0.016816912202721,0.033739425348744,6327400
2020-01-31,2051.469971,2055.719971,2002.27002,2008.719971,2008.719971,0.073791302101519,45047.070313,0.021283103998409,0.079455374027791,15567300
2020-02-03,2010.599976,2048.5,2000.25,2004.199951,2004.199951,-0.002250199164272,44782.859375,-0.005865219117785,0.079952853662399,5891700
2020-02-04,2029.880005,2059.800049,2015.369995,2049.669922,2049.669922,0.022687342636304,44493.148438,-0.006469237137674,0.075110586393985,5289300
2020-02-05,2071.02002,2071.02002,2032,2039.869995,2039.869995,-0.004781222037174,44399.328125,-0.00210864630384,0.075468440539837,4376200
2020-02-06,2041.02002,2056.300049,2024.800049,2050.22998,2050.22998,0.005078747677741,44290.53125,-0.002450417148064,0.075119533303424,3183000
2020-02-07,2041.98999,2098.530029,2038.099976,2079.280029,2079.280029,0.01416916603668,45027.410156,0.016637391451474,0.08110023516514,5095300
2020-02-10,2085.01001,2135.600098,2084.959961,2133.909912,2133.909912,0.026273461120229,45338.371094,0.00690603649916,0.085683591269155,5056200
2020-02-11,2150.899902,2185.949951,2136,2150.800049,2150.800049,0.007915112491403,45005.121094,-0.00735028612539,0.083977719078608,5746000
2020-02-12,2163.199951,2180.25,2155.290039,2160,2160,0.004277455267996,44999.679688,-0.000120906373936,0.083943901394816,3334300
2020-02-13,2144.98999,2170.280029,2142,2149.870117,2149.870117,-0.004689760648148,45016.960938,0.000384030511324,0.08387872896551,3031800
2020-02-14,2155.679932,2159.040039,2125.889893,2134.870117,2134.870117,-0.006977165681493,44974.109375,-0.000951898175868,0.084096308838563,2606200
2020-02-18,2125.02002,2166.070068,2124.110107,2155.669922,2155.669922,0.009742890133864,44901.5,-0.001614470547812,0.083575024345424,2945600
2020-02-19,2167.800049,2185.100098,2161.120117,2170.219971,2170.219971,0.006749664617717,44774.539063,-0.002827543333742,0.083029512300102,2561200
2020-02-20,2173.070068,2176.790039,2127.449951,2153.100098,2153.100098,-0.007888542741643,44802.539063,0.000625355404789,0.082837368328932,3131300
2020-02-21,2142.149902,2144.550049,2088,2095.969971,2095.969971,-0.026533892712683,43818.070313,-0.021973503524335,0.099227653506694,4646300
2020-02-24,2003.180054,2039.300049,1987.969971,2009.290039,2009.290039,-0.041355521882141,43045.679688,-0.017627216796237,0.118482292879495,6547000
2020-02-25,2026.420044,2034.599976,1958.420044,1972.73999,1972.73999,-0.018190529137441,42737.28125,-0.007164445775634,0.12187327864568,6219100
2020-02-26,1970.280029,2014.670044,1960.449951,1979.589966,1979.589966,0.003472315680081,41607.421875,-0.026437324554893,0.117826302135765,5224600
2020-02-27,1934.380005,1975,1882.76001,1884.300049,1884.300049,-0.04813618912837,41324.308594,-0.006804393741351,0.124431934348025,8144000
2020-02-28,1814.630005,1889.76001,1811.130005,1883.75,1883.75,-0.000291911577613,42167.238281,0.020397913859408,0.122695775038159,9481000
2020-03-02,1906.48999,1954.51001,1870,1953.949951,1953.949951,0.037266065560717,42472.25,0.007233381445743,0.128468020822393,6761700
2020-03-03,1975.369995,1996.329956,1888.089966,1908.98999,1908.98999,-0.023009781277658,43404.761719,0.021955788049844,0.112621155110855,7534500
2020-03-04,1946.569946,1978,1922,1975.829956,1975.829956,0.03501326164628,42344.859375,-0.024419033811584,0.088322611900791,4772900
2020-03-05,1933,1960.719971,1910,1924.030029,1924.030029,-0.026216794032654,41388.78125,-0.022578375252899,0.10238500021594,4748200
2020-03-06,1875,1910.869995,1869.5,1901.089966,1901.089966,-0.011922923579277,38730.558594,-0.064225680866116,0.11322193489695,5273600
2020-03-09,1773.859985,1862.77002,1761.290039,1800.609985,1800.609985,-0.052853880035681,39565.441406,0.021556177920174,0.083168876828578,7813200
2020-03-10,1870.880005,1894.27002,1818.170044,1891.819946,1891.819946,0.050655034549306,38678.550781,-0.022415789979422,0.056307175266597,7133300
2020-03-11,1857.849976,1871.319946,1801.5,1820.859985,1820.859985,-0.037508834363458,36636.699219,-0.052790280937905,0.095183224535025,5624800
2020-03-12,1721.97998,1765,1675,1676.609985,1676.609985,-0.079220808402794,38085.050781,0.039532807072556,0.02633163999205,11346200
2020-03-13,1755,1786.310059,1680.619995,1785,1785,0.064648317718327,36862.839844,-0.032091618940672,-0.013204228883708,8809700
2020-03-16,1641.51001,1759.449951,1626.030029,1689.150024,1689.150024,-0.053697465546219,35532.738281,-0.036082449660115,0.022300380670347,8917300
2020-03-17,1775.469971,1857.780029,1689.23999,1807.839966,1807.839966,0.070266074838596,35143.628906,-0.010950728646997,0.008886087812315,10917100
2020-03-18,1750,1841.660034,1745,1830,1830,0.012257740959799,34269.511719,-0.024872707065569,0.003819285451441,9645200
2020-03-19,1860,1945,1832.650024,1880.930054,1880.930054,0.027830630601093,32964.21875,-0.038089044854302,-0.01370927411795,10399900
2020-03-20,1926.310059,1957,1820.72998,1846.089966,1846.089966,-0.018522798296465,34371.53125,0.042692123562006,-0.02723202312498,9817900
2020-03-23,1827.75,1919.400024,1812,1902.829956,1902.829956,0.030735224742563,35536.699219,0.033899216200908,-0.009646133538544,7808500
2020-03-24,1951.5,1955,1900.339966,1940.099976,1940.099976,0.01958662668857,35706.570313,0.004780159602138,-0.007965821094827,7147100
2020-03-25,1920.689941,1950.26001,1885.780029,1885.839966,1885.839966,-0.027967636034856,33799.488281,-0.053409835088689,0.016093216939819,6479100
2020-03-26,1902,1956.48999,1889.290039,1955.48999,1955.48999,0.036933157243312,34199.96875,0.011848713970771,0.023064423662066,6221300
2020-03-27,1930.859985,1939.790039,1899.920044,1900.099976,1900.099976,-0.028325388666398,34554.53125,0.010367334034479,0.017952004572497,5387900
2020-03-30,1922.829956,1973.630005,1912.339966,1963.949951,1963.949951,0.033603481820159,33691.878906,-0.024964955761048,0.005520878691095,6126100
2020-03-31,1964.349976,1993.02002,1944.01001,1949.719971,1949.719971,-0.007245591972827,33590.621094,-0.003005407097731,0.005793248174281,5123600
2020-04-01,1932.969971,1944.959961,1893,1907.699951,1907.699951,-0.021551823146402,33075.410156,-0.015337940211294,0.010695158662961,4121900
2020-04-02,1901.640015,1927.530029,1890,1918.829956,1918.829956,0.005834253439156,34381.558594,0.039490014843038,0.013606501052043,4336000
2020-04-03,1911.150024,1926.329956,1889.150024,1906.589966,1906.589966,-0.00637888206911,34526.308594,0.004210105821825,0.013084731341619,3609900
2020-04-06,1936,1998.52002,1930.02002,1997.589966,1997.589966,0.047729192759216,34567.78125,0.001201189982042,0.014236253051633,5773200
2020-04-07,2017.109985,2035.719971,1997.619995,2011.599976,2011.599976,0.007013456334111,34613.671875,0.001327554831133,0.014414746937391,5114000
2020-04-08,2021,2044,2011.150024,2043,2043,0.015609477219441,34746.390625,0.003834286939545,0.015372300842653,3977300
2020-04-09,2044.300049,2053,2017.660034,2042.76001,2042.76001,-0.000117469407734,33855.238281,-0.025647335679201,0.0156307567115,4646500
2020-04-13,2040,2180,2038,2168.870117,2168.870117,0.061735155565337,33759.75,-0.002820487636431,0.013517589377335,6716700
2020-04-14,2200.469971,2292,2186.209961,2283.320068,2283.320068,0.052769389048667,34743.101563,0.029127927872689,0.034890246229761,8087200
2020-04-15,2257.679932,2333.370117,2245,2307.679932,2307.679932,0.010668615557405,34477.058594,-0.00765743290125,0.033927418654315,6866600
2020-04-16,2346,2461,2335,2408.189941,2408.189941,0.043554570807786,33892.28125,-0.016961346699738,0.023988221126326,12038200
2020-04-17,2372.330078,2400,2316.02002,2375,2375,-0.013782110968464,34223.851563,0.009783062714316,0.021733247751663,7930000
2020-04-20,2389.949951,2444.97998,2386.050049,2393.610107,2393.610107,0.007835834526316,34240.601563,0.000489424750139,0.02183329084412,5770700
2020-04-21,2416.610107,2428.310059,2279.659912,2328.120117,2328.120117,-0.027360341522823,34586.820313,0.010111351267091,0.017461862293704,7476700
2020-04-22,2369,2394,2351,2363.48999,2363.48999,0.015192460535747,34968.089844,0.011023549651273,0.019651566756319,4212200
2020-04-23,2399.97998,2424.219971,2382.080078,2399.449951,2399.449951,0.015214771863705,35830.808594,0.024671600703635,0.024294297564582,5066600
2020-04-24,2417,2420.429932,2382,2410.219971,2410.219971,0.004488537048048,36870.089844,0.029005241321125,0.025326975089743,3824900
2020-04-27,2443.199951,2444.879883,2363,2376,2376,-0.014197862191724,36470.109375,-0.010848372507156,0.027457442345764,5645600
2020-04-28,2372.100098,2373.5,2306,2314.080078,2314.080078,-0.026060573232323,36370.429688,-0.002733188594941,0.028198644834122,5269400
2020-04-29,2330.01001,2391.889893,2310,2372.709961,2372.709961,0.025336151310145,36616.058594,0.006753533244097,0.030443626814504,4591600
2020-04-30,2419.840088,2475,2396.01001,2474,2474,0.042689599936315,36986.199219,0.010108696544981,0.035983297268737,9534600
2020-05-01,2336.800049,2362.439941,2258.189941,2286.040039,2286.040039,-0.07597411519806,36792.410156,-0.005239496544442,0.03989851858713,9772600
2020-05-04,2256.379883,2326.97998,2256.379883,2315.98999,2315.98999,0.013101236412771,37623.679688,0.022593505793054,0.043189355348828,4865900
2020-05-05,2340,2351,2307.129883,2317.800049,2317.800049,0.000781548714725,37631.890625,0.000218238542006,0.04318576819476,3242500
2020-05-06,2329.439941,2357.449951,2320,2351.26001,2351.26001,0.014436086069821,37462.890625,-0.004490871895969,0.042446457458804,3117800
2020-05-07,2374.780029,2376,2343.110107,2367.610107,2367.610107,0.006953759656721,36394.589844,-0.028516240022522,0.040071278691759,3396400
2020-05-08,2372.139893,2387.23999,2357,2379.610107,2379.610107,0.005068402083823,36094.140625,-0.008255326417686,0.039669657914313,3206600
2020-05-11,2374.699951,2419.669922,2372.110107,2409,2409,0.012350717839677,35691.390625,-0.011158320797394,0.038104283593529,3259200
2020-05-12,2411.850098,2419,2355,2356.949951,2356.949951,-0.021606496056455,37112.460938,0.039815492983471,0.025865862550512,3074900
2020-05-13,2366.800049,2407.699951,2337.800049,2367.919922,2367.919922,0.00465430799468,35862.039063,-0.033692777126501,0.024202003089362,4782900
2020-05-14,2361.01001,2391.370117,2353.209961,2388.850098,2388.850098,0.008839055664653,36026.980469,0.004599331502323,0.024666404177692,3648100
2020-05-15,2368.52002,2411,2356.370117,2409.780029,2409.780029,0.008761508734903,35560.761719,-0.012940822237411,0.023477232542251,4235000
2020-05-18,2404.350098,2433,2384.01001,2426.26001,2426.26001,0.006838790595687,35784.421875,0.006289520954792,0.023927239735553,4357200
2020-05-19,2429.830078,2485,2428.969971,2449.330078,2449.330078,0.009508489570333,35832.769531,0.001351081098051,0.024105740737178,4320500
2020-05-20,2477.870117,2500.01001,2467.27002,2497.939941,2497.939941,0.019846187100961,36206.859375,0.010439880838024,0.02653041044218,3998100
2020-05-21,2500,2525.449951,2442.540039,2446.73999,2446.73999,-0.020496870304857,36889.960938,0.018866633969133,0.021206691843543,5114400
2020-05-22,2455.01001,2469.850098,2430.129883,2436.879883,2436.879883,-0.00402989571442,36508.140625,-0.01035024985908,0.021839565985115,2867100
2020-05-26,2458,2462,2414.060059,2421.860107,2421.860107,-0.00616352742898,36122.730469,-0.01055682785817,0.022741553255667,3568200
2020-05-27,2404.98999,2413.580078,2330,2410.389893,2410.389893,-0.004736117485418,36980.851563,0.023755709572853,0.020838261004653,5056900
2020-05-28,2384.330078,2436.969971,2378.22998,2401.100098,2401.100098,-0.003854063206529,37460.441406,0.01296859922717,0.019968366192742,3190200
2020-05-29,2415.939941,2442.370117,2398.199951,2442.370117,2442.370117,0.017187962731906,38290.769531,0.022165465590777,0.024174614877927,3509900
2020-06-01,2448,2476.929932,2444.169922,2471.040039,2471.040039,0.011738565666377,37872.890625,-0.010913306551901,0.022807817011914,2928900
2020-06-02,2467,2473.530029,2445.310059,2472.409912,2472.409912,0.000554371025309,38948.078125,0.028389369870022,0.022366692817341,2529900
2020-06-03,2468.01001,2488,2461.169922,2478.399902,2478.399902,0.00242273337076,39954.011719,0.025827554077805,0.022564956005773,2671000
2020-06-04,2477.429932,2507.540039,2450.01001,2460.600098,2460.600098,-0.007181974138087,39185.660156,-0.019230898974648,0.024415634026474,2948700
2020-06-05,2444.51001,2488.649902,2437.129883,2483,2483,0.009103430507951,38266.191406,-0.02346441903338,0.022168595022978,3306400
2020-06-08,2500.199951,2530,2487.340088,2524.060059,2524.060059,0.016536471606927,36827.359375,-0.037600607171332,0.015298338393013,3970700
2020-06-09,2529.439941,2626.429932,2525,2600.860107,2600.860107,0.030427187231998,37679.238281,0.023131685802547,0.023054892950494,5176000
2020-06-10,2645,2722.350098,2626.26001,2647.449951,2647.449951,0.017913244881802,37416.738281,-0.006966701344713,0.021762521451066,4946000
2020-06-11,2603.5,2671.379883,2536.22998,2557.959961,2557.959961,-0.033802334947332,37894.050781,0.012756657098633,0.016326463011772,5800100
2020-06-12,2601.209961,2621.47998,2503.350098,2545.02002,2545.02002,-0.00505869567831,37897.238281,8.41161062041487E-05,0.016295082187328,5436100
2020-06-15,2526.600098,2584,2508,2572.679932,2572.679932,0.01086824928002,37632.890625,-0.00697538047601,0.015560963681176,3865100
2020-06-16,2620,2620,2576,2615.27002,2615.27002,0.016554755789964,38404.628906,0.020507015756247,0.019077958683495,3585600
2020-06-17,2647.5,2655,2631.820068,2640.97998,2640.97998,0.009830709564743,38123.558594,-0.007318657151667,0.018393908850603,2959300
2020-06-18,2647.01001,2659.639893,2636.110107,2653.97998,2653.97998,0.004922415201345,38217.679688,0.002468843347032,0.018499014506393,2487800
2020-06-19,2678.080078,2697.429932,2659,2675.01001,2675.01001,0.007923959546974,37908.378906,-0.00809313345355,0.017916270365478,5777000
2020-06-22,2684.5,2715,2669,2713.820068,2713.820068,0.01450837860603,37734.519531,-0.004586304664494,0.017268492598248,3208800
2020-06-23,2726.02002,2783.110107,2718.040039,2764.409912,2764.409912,0.018641561611446,37431.949219,-0.008018395775556,0.015745798517326,4231700
2020-06-24,2780,2796,2721,2734.399902,2734.399902,-0.010855846620188,37769.191406,0.009009474367122,0.014406303826623,4526600
2020-06-25,2739.550049,2756.22998,2712.139893,2754.580078,2754.580078,0.007380111440627,37716.429688,-0.001396951219655,0.014332232816037,2968700
2020-06-26,2775.060059,2782.570068,2688,2692.870117,2692.870117,-0.022402674546607,37619.769531,-0.002562813018082,0.014911544491827,6500800
2020-06-29,2690.01001,2696.800049,2630.080078,2680.379883,2680.379883,-0.004638260835957,37894.078125,0.007291607509024,0.014372913911458,4223400
2020-06-30,2685.070068,2769.629883,2675.030029,2758.820068,2758.820068,0.029264577568836,37950,0.001475741798376,0.014881388491637,3769700
2020-07-01,2757.98999,2895,2754,2878.699951,2878.699951,0.043453317014222,37884.761719,-0.001719058787879,0.014109111871814,6363400
2020-07-02,2912.01001,2955.560059,2871.100098,2890.300049,2890.300049,0.004029630804687,37837.390625,-0.001250399681839,0.014083630461448,6593400
2020-07-06,2934.969971,3059.879883,2930,3057.040039,3057.040039,0.057689508761448,37483.878906,-0.009342920142237,0.008310301402916,6880600
2020-07-07,3058.550049,3069.550049,2990,3000.120117,3000.120117,-0.018619292280719,36795.949219,-0.018352681394718,0.012336502127833,5257500
2020-07-08,3022.610107,3083.969971,3012.429932,3081.110107,3081.110107,0.026995582457207,36465.460938,-0.008981648469863,0.009918414852691,5037600
2020-07-09,3115.98999,3193.879883,3074,3182.629883,3182.629883,0.03294909057919,36389.390625,-0.002086092182664,0.00930545157014,6388700
2020-07-10,3191.76001,3215,3135.699951,3200,3200,0.005457787313813,36190.910156,-0.005454349896798,0.009108828835683,5486000
2020-07-13,3251.060059,3344.290039,3068.389893,3104,3104,-0.03,36590.261719,0.011034581923434,0.005090822305976,7720400
2020-07-14,3089,3127.379883,2950,3084,3084,-0.006443298969072,36465.671875,-0.003405000077802,0.005362976803406,7231900
2020-07-15,3080.22998,3098.350098,2973.179932,3008.870117,3008.870117,-0.024361181258106,36327.839844,-0.003779774892739,0.006314217868648,5788900
2020-07-16,2971.060059,3032,2918.22998,2999.899902,2999.899902,-0.002981256967298,36323.691406,-0.000114194458515,0.006299376054242,6394200
2020-07-17,3009,3024,2948.449951,2961.969971,2961.969971,-0.012643732204102,36881.671875,0.01536133711641,0.003828043357712,4761300
2020-07-20,3000.199951,3201.360107,2994.02002,3196.840088,3196.840088,0.079295239080599,37447.101563,0.015330912598441,0.016582506821908,7598200
2020-07-21,3232.48999,3240.580078,3105.719971,3138.290039,3138.290039,-0.018314975847488,37433.300781,-0.00036854072609,0.016571450574589,6121300
2020-07-22,3125,3150,3065.26001,3099.909912,3099.909912,-0.012229630315568,37357.460938,-0.002025999348647,0.016814770711104,4104200
2020-07-23,3098.27002,3098.27002,2970,2986.550049,2986.550049,-0.036568760453707,37742.140625,0.010297265321068,0.01244500784182,5656900
2020-07-24,2930,3031.580078,2888,3008.909912,3008.909912,0.007486853604709,37771.210938,0.000770234875887,0.012507040418354,5632400
2020-07-27,3062,3098,3015.77002,3055.209961,3055.209961,0.015387648801099,37720.839844,-0.001333584302676,0.012349205144051,4170500
2020-07-28,3054.27002,3077.090088,2995.76001,3000.330078,3000.330078,-0.017962720631494,37136.78125,-0.015483711296341,0.015442436038289,3126700
2020-07-29,3030.98999,3039.159912,2996.77002,3033.530029,3033.530029,0.011065432848019,37019.679688,-0.00315325017566,0.015161919180965,2974100
2020-07-30,3014,3092,3005,3051.879883,3051.879883,0.00604901017118,37546.71875,0.014236726693528,0.015784995068689,6128300
2020-07-31,3244,3246.820068,3151,3164.679932,3164.679932,0.036960841620384,37466.949219,-0.002124540669749,0.015050897558263,8085500
2020-08-03,3180.51001,3184,3104,3111.889893,3111.889893,-0.016681004125001,37901.960938,0.011610545509251,0.012731451531115,5074700
2020-08-04,3101.209961,3167.23999,3101.209961,3138.830078,3138.830078,0.008657178089945,37998.339844,0.00254284748374,0.012927518181432,4694300
2020-08-05,3143.77002,3213.590088,3127.300049,3205.030029,3205.030029,0.021090645034911,38005,0.000175274920624,0.012998429943918,3916500
2020-08-06,3194.360107,3247.469971,3165.429932,3225,3225,0.006230821808004,38289.761719,0.007492743560058,0.013339254959223,3940600
2020-08-07,3224.01001,3240.810059,3140.669922,3167.459961,3167.459961,-0.01784187255814,38703.589844,0.010807801000095,0.011062481062836,3936100
2020-08-10,3170.310059,3172.51001,3101.52002,3148.159912,3148.159912,-0.006093225877402,38634.101563,-0.001795396274095,0.011189144384778,3167300
2020-08-11,3113.199951,3159.219971,3073,3080.669922,3080.669922,-0.021437916715331,38615.621094,-0.000478346027275,0.011230844948342,3718100
2020-08-12,3108,3174.389893,3101.419922,3162.23999,3162.23999,0.026478029151219,38949.878906,0.008656025787759,0.013448958977899,3522100
2020-08-13,3182.98999,3217.52002,3155,3161.02002,3161.02002,-0.00038579298341,39285.851563,0.008625768973783,0.013240151357243,3149000
2020-08-14,3178.179932,3178.23999,3120,3148.02002,3148.02002,-0.00411259654091,39087.351563,-0.005052709616888,0.01353272553281,2751700
2020-08-17,3173.120117,3194.969971,3154.179932,3182.409912,3182.409912,0.010924292660629,39021.921875,-0.001673935055296,0.01339004478731,2691200
2020-08-18,3212,3320,3205.820068,3312.48999,3312.48999,0.040874708663238,38707.238281,-0.008064277177532,0.010186207163576,5346000
2020-08-19,3303.01001,3315.899902,3256,3260.47998,3260.47998,-0.015701182541536,38095.878906,-0.015794445745826,0.012945762289042,4185100
2020-08-20,3252,3312.620117,3238,3297.370117,3297.370117,0.011314327101006,38029.621094,-0.001739238308781,0.012799119690556,3332500
2020-08-21,3295,3314.399902,3275.389893,3284.719971,3284.719971,-0.003836434962148,38249.898438,0.005792257131764,0.012441739162232,3575900
2020-08-24,3310.149902,3380.320068,3257.560059,3307.459961,3307.459961,0.006922961531201,37753.039063,-0.012989822072479,0.011775351759855,4666300
2020-08-25,3294.98999,3357.399902,3267,3346.48999,3346.48999,0.011800605135126,37647.191406,-0.002803685733044,0.011516963745163,3992800
2020-08-26,3351.110107,3451.73999,3344.570068,3441.850098,3441.850098,0.028495560508161,37794.25,0.003906230146469,0.012610826474322,6508700
2020-08-27,3450.050049,3453,3378,3400,3400,-0.012159186718887,36840.730469,-0.025229222196498,0.016092510904655,4264800
2020-08-28,3423,3433.370117,3386.5,3401.800049,3401.800049,0.000529426176471,37487.988281,0.01756908193079,0.015796034726974,2897000
2020-08-31,3408.98999,3495,3405,3450.959961,3450.959961,0.014451146831646,37053.769531,-0.011582876806971,0.014359502995609,4185900
2020-09-01,3489.580078,3513.870117,3467,3499.120117,3499.120117,0.013955582372519,36429.660156,-0.016843343684044,0.012347494909169,3432200
2020-09-02,3547,3552.25,3486.689941,3531.449951,3531.449951,0.009239418173423,36448.5,0.000517156732161,0.012407742476669,3931500
2020-09-03,3485,3488.409912,3303,3368,3368,-0.046284091030008,36637.449219,0.005184005350014,0.009664659085785,8161100
2020-09-04,3318,3381.5,3111.129883,3294.620117,3294.620117,-0.021787376187649,36071.429688,-0.015449206837972,0.013166731981742,8781800
2020-09-08,3144,3250.850098,3130,3149.840088,3149.840088,-0.043944377153817,36157.960938,0.002398886064358,0.01183516800943,6094200
2020-09-09,3202.98999,3303.179932,3185,3268.610107,3268.610107,0.03770668214316,36180.738281,0.000629939919429,0.012135403424889,5188700
2020-09-10,3307.219971,3349.889893,3170.550049,3175.110107,3175.110107,-0.028605430730255,36334.890625,0.004260619084187,0.010729020634912,5330700
2020-09-11,3208.689941,3217.340088,3083.97998,3116.219971,3116.219971,-0.018547431117481,36881.988281,0.015057088285924,0.007659314142813,5094000
2020-09-14,3172.939941,3187.389893,3096,3102.969971,3102.969971,-0.004251946307804,36729.148438,-0.004144023956505,0.007879486765996,4529600
2020-09-15,3136.159912,3175.02002,3108.919922,3156.129883,3156.129883,0.017131945361001,36130.921875,-0.016287515187286,0.005475625506992,4021500
2020-09-16,3179.98999,3187.23999,3074.149902,3078.100098,3078.100098,-0.024723249008317,36017.351563,-0.003143299592325,0.00617451891609,4512200
2020-09-17,3009.25,3029.429932,2972.550049,3008.72998,3008.72998,-0.022536667356943,35517.769531,-0.013870593209114,0.009301660484431,6449100
2020-09-18,3031.73999,3037.800049,2905.540039,2954.909912,2954.909912,-0.017887968796721,35853.578125,0.009454664480181,0.007437771934464,8892600
2020-09-21,2906.5,2962,2871,2960.469971,2960.469971,0.001881634014431,35829.578125,-0.00066938925639,0.00743690283814,6117900
2020-09-22,3033.840088,3133.98999,3000.199951,3128.98999,3128.98999,0.056923400896067,36217.488281,0.010826534285352,0.013254684760403,6948800
2020-09-23,3120.429932,3127,2992.379883,2999.860107,2999.860107,-0.041268870598081,36583.710938,0.010111762973694,0.008923860993623,5652700
2020-09-24,2977.790039,3069.300049,2965,3019.790039,3019.790039,0.006643620465333,37231.5,0.017707035327768,0.00975746422371,5529400
2020-09-25,3054.860107,3101.540039,2999,3095.129883,3095.129883,0.024948702733303,37134.921875,-0.002593989632435,0.00923421509271,4615200
2020-09-28,3148.850098,3175.040039,3117.169922,3174.050049,3174.050049,0.025498175838587,37458.691406,0.008718734674866,0.011227423481443,4224200
2020-09-29,3175.389893,3188.26001,3132.540039,3144.879883,3144.879883,-0.009190203541116,36626.109375,-0.022226671561373,0.01342457286227,3495800
2020-09-30,3141.139893,3212.879883,3133.98999,3148.72998,3148.72998,0.001224242941936,36642.378906,0.000444205821411,0.013421101530208,4896100
2020-10-01,3208,3224,3172,3221.26001,3221.26001,0.023034693498869,36740.328125,0.002673112988959,0.013997667093994,4971900
2020-10-02,3153.629883,3195.800049,3123,3125,3125,-0.029882719712526,36947.871094,0.005648914410723,0.012198678328169,5613100
2020-10-05,3145.840088,3202.530029,3140.850098,3199.199951,3199.199951,0.02374398432,37418.789063,0.012745469632118,0.014837030860343,3775300
2020-10-06,3165,3182,3090,3099.959961,3099.959961,-0.031020252413101,38404.050781,0.02633066816623,0.006697408733759,5086900
2020-10-07,3135,3200,3132.389893,3195.689941,3195.689941,0.030881037563182,38478.578125,0.001940611536658,0.007256771340496,4309400
2020-10-08,3224.98999,3233.290039,3174.98999,3190.550049,3190.550049,-0.001608382569928,38342.089844,-0.0035471238193,0.007358141917479,3174100
2020-10-09,3210,3288.98999,3197.830078,3286.649902,3286.649902,0.030120152175679,38131.78125,-0.005485058192072,0.005967092591382,4907900
2020-10-12,3349.939941,3496.23999,3339.550049,3442.929932,3442.929932,0.047549947411466,38025.71875,-0.002781472475797,0.004864377116782,8364200
2020-10-13,3467.98999,3492.379883,3424.219971,3443.629883,3443.629883,0.000203300971505,38059.230469,0.000881290876323,0.00484739765005,5744700
2020-10-14,3447,3464.879883,3340,3363.709961,3363.709961,-0.023208046368321,37876.488281,-0.004801520833398,0.005880885832055,5812700
2020-10-15,3292.01001,3355.879883,3280,3338.649902,3338.649902,-0.007450124799865,37685.738281,-0.005036105738865,0.006282570289613,5223400
2020-10-16,3363.22998,3399.659912,3160,3272.709961,3272.709961,-0.019750480863687,38201.808594,0.013694048107854,0.003545409406619,6474400
2020-10-19,3299.610107,3329,3192.73999,3207.209961,3207.209961,-0.020013994756806,38669.25,0.012236106697666,0.001088905540282,5223600
2020-10-20,3222.280029,3266,3192.01001,3217.01001,3217.01001,0.003055630631973,38652.191406,-0.000441141061696,0.001085786981092,4509700
2020-10-21,3212.5,3233.879883,3160,3184.939941,3184.939941,-0.009968905567689,38707.71875,0.001436589802031,0.000914181370216,4592700
2020-10-22,3189.870117,3198.75,3121.939941,3176.399902,3176.399902,-0.002681381488569,38245.859375,-0.0119319709328,0.0013752873506,4212000
2020-10-23,3191,3205.330078,3140,3204.399902,3204.399902,0.008815010975907,38001.308594,-0.006394176650659,0.000976228706254,3466700
2020-10-26,3198.73999,3282.97998,3153.300049,3207.040039,3207.040039,0.000823909961535,37393.710938,-0.015988861396629,0.001096657718776,5901200
2020-10-27,3224.939941,3291.659912,3211.300049,3286.330078,3286.330078,0.024723744647954,36801.371094,-0.015840627451555,-0.002127999738655,4291000
2020-10-28,3249.300049,3264.02002,3162.469971,3162.780029,3162.780029,-0.03759514293074,36987.859375,0.005067427529362,-0.004000833471439,5588300
2020-10-29,3201.27002,3257.25,3164,3211.01001,3211.01001,0.015249236607596,37466.089844,0.012929390266992,-0.002391941624608,6596500
2020-10-30,3157.75,3167,3019,3036.149902,3036.149902,-0.054456419461614,37475.761719,0.000258150104275,-0.002624039556065,8386400
2020-11-02,3061.73999,3079.709961,2950.120117,3004.47998,3004.47998,-0.010430948083011,38399.070313,0.024637487048913,-0.005235305589489,7257400
2020-11-03,3018.530029,3074.899902,2980.97998,3048.409912,3048.409912,0.01462147602661,38530.5,0.003422730965325,-0.004815835592183,4897900
2020-11-04,3159.98999,3244.850098,3139.72998,3241.159912,3241.159912,0.063229685496443,39652.519531,0.029120295116856,0.010894905866405,6839000
2020-11-05,3319.969971,3366.800049,3288.879883,3322,3322,0.024941715371926,40404.578125,0.018966224666053,0.014675370700679,5789300
2020-11-06,3304.639893,3322,3232,3311.370117,3311.370117,-0.003199844370861,40858.949219,0.011245534914244,0.014179612224933,4647300
2020-11-09,3231.030029,3289,3112.110107,3143.73999,3143.73999,-0.050622588559164,40335.949219,-0.012800133385633,0.019753693797417,7190400
2020-11-10,3095.02002,3114,3019.47998,3035.02002,3035.02002,-0.034583003157332,40791.808594,0.011301565571817,0.016165127575656,6591000
2020-11-11,3061.780029,3139.149902,3050,3137.389893,3137.389893,0.033729554442939,41948.789063,0.028363058880654,0.023743537199934,4366900
2020-11-12,3159.949951,3175.879883,3086.050049,3110.280029,3110.280029,-0.008640897346067,42252.609375,0.007242647971166,0.023103189385549,4362000
2020-11-13,3122,3141.719971,3085.389893,3128.810059,3128.810059,0.005957672565566,41868.820313,-0.009083203799174,0.022754324139584,3756200
2020-11-16,3093.199951,3142.699951,3072.689941,3131.060059,3131.060059,0.000719123231379,41905.058594,0.000865519513784,0.02274773078769,3808700
2020-11-17,3183.540039,3189.25,3135.26001,3135.659912,3135.659912,0.001469104045698,42267.199219,0.008641931001902,0.022727021687912,3444700
2020-11-18,3134,3140,3105.100098,3105.459961,3105.459961,-0.009631130877563,42736.480469,0.011102728798483,0.021654678860782,2916800
2020-11-19,3105.310059,3125,3080.919922,3117.02002,3117.02002,0.003722494942835,42200.589844,-0.012539418761653,0.021403941786168,3010300
2020-11-20,3117.02002,3132.889893,3098.050049,3099.399902,3099.399902,-0.005652872900059,42412.46875,0.005020756979541,0.021093587357683,3374400
2020-11-23,3116.699951,3139.75,3065.459961,3098.389893,3098.389893,-0.000325872437225,41674.300781,-0.017404503693268,0.02132524156597,4708900
2020-11-24,3100.5,3134.25,3086.26001,3118.060059,3118.060059,0.006348512188359,41778.871094,0.002509227774439,0.021424327965807,3602100
2020-11-25,3141.870117,3198,3140.26001,3185.070068,3185.070068,0.021490929530553,42895.628906,0.02673020555025,0.025734916415975,3790400
2020-11-27,3211.26001,3216.189941,3190.050049,3195.340088,3195.340088,0.003224425140025,43674.828125,0.018165002795681,0.025921715736803,2392900
2020-11-30,3208.47998,3228.389893,3125.550049,3168.040039,3168.040039,-0.008543706850649,43934.210938,0.005938954407734,0.025415337378754,4063900
2020-12-01,3188.5,3248.949951,3157.179932,3220.080078,3220.080078,0.016426572378936,43646.03125,-0.006559345936739,0.024574130205357,4537000
2020-12-02,3221.649902,3232,3173.26001,3203.530029,3203.530029,-0.005139638952793,43255.25,-0.008953420020291,0.025064320469389,3129300
2020-12-03,3205.459961,3228.639893,3181.310059,3186.72998,3186.72998,-0.005244230223509,43098.640625,-0.0036205865184,0.025268261774524,2892000
2020-12-04,3198.209961,3198.209961,3158.76001,3162.580078,3162.580078,-0.007578270563106,42736.960938,-0.008391904750476,0.02589252682706,2913600
2020-12-07,3156.47998,3180.76001,3141.689941,3158,3158,-0.001448209337642,43518.710938,0.01829212894043,0.025379021108476,2751300
2020-12-08,3158.899902,3184.129883,3120.02002,3177.290039,3177.290039,0.006108308739709,43612.308594,0.002150745138875,0.025454762400213,3286300
2020-12-09,3167.889893,3174.429932,3088,3104.199951,3104.199951,-0.023003908079794,43569.839844,-0.000973778994259,0.025628941594874,4100800
2020-12-10,3088.98999,3142.100098,3076,3101.48999,3101.48999,-0.000872998209773,43543.351563,-0.000607949928089,0.025642082006584,3030200
2020-12-11,3096.659912,3118.669922,3072.820068,3116.419922,3116.419922,0.004813793385804,43790.421875,0.005674122526892,0.025788054676039,3064700
2020-12-14,3143,3190.469971,3126,3156.969971,3156.969971,0.013011741040975,44326.050781,0.012231645256329,0.026902905001598,4155800
2020-12-15,3181.01001,3188.5,3130.48999,3165.120117,3165.120117,0.002581635579327,43873.808594,-0.010202627552686,0.026796461279976,3319500
2020-12-16,3176.01001,3247,3163.679932,3240.959961,3240.959961,0.023961126654455,43246.238281,-0.014303985295816,0.024076837949507,4427600
2020-12-17,3250,3263.51001,3221,3236.080078,3236.080078,-0.001505690615966,42601.710938,-0.014903662575507,0.024421842654182,3474300
2020-12-18,3243.98999,3249.419922,3171.600098,3201.649902,3201.649902,-0.010639469719575,43597.300781,0.023369714996868,0.021994897563653,5995700
2020-12-21,3200.01001,3226.969971,3166,3206.179932,3206.179932,0.001414904858014,43372.199219,-0.005163199509317,0.021997514880452,3836800
2020-12-22,3202.840088,3222,3180.080078,3206.52002,3206.52002,0.00010607264945,43883.410156,0.011786604004531,0.021838104339424,2369400
2020-12-23,3205,3210.129883,3184.169922,3185.27002,3185.27002,-0.006627122197104,44693.988281,0.018471174462479,0.020561542058348,2093800
2020-12-24,3193.899902,3202,3169,3172.689941,3172.689941,-0.003949454495541,44693.960938,-6.11782502596416E-07,0.020565822301345,1451900
2020-12-28,3194,3304,3172.689941,3283.959961,3283.959961,0.035071192606022,44066.878906,-0.014030576365113,0.016632176317986,5686800
2020-12-29,3309.939941,3350.649902,3281.219971,3322,3322,0.011583587940097,44703,0.014435356208388,0.017763237627064,4872900
2020-12-30,3341,3342.100098,3282.469971,3285.850098,3285.850098,-0.010881969295605,44908.121094,0.004588530836857,0.01730307184848,3209300
2020-12-31,3275,3282.919922,3241.199951,3256.929932,3256.929932,-0.008801425852507,45587.160156,0.015120629531097,0.01601557964444,2957200
2021-01-04,3270,3272,3144.02002,3186.629883,3186.629883,-0.021584759410784,46188.660156,0.013194504723296,0.013546826153051,4411400
2021-01-05,3166.01001,3223.379883,3165.060059,3218.51001,3218.51001,0.010004339433981,46729.300781,0.011705051048764,0.014317318600965,2655500
2021-01-06,3146.47998,3197.51001,3131.159912,3138.379883,3138.379883,-0.024896653032314,46395.320313,-0.007147131722882,0.015850765855603,4394800
2021-01-07,3157,3208.540039,3155,3162.159912,3162.159912,0.007577167164757,45951.769531,-0.00956024829676,0.015363397998778,3514500
2021-01-08,3180,3190.639893,3142.199951,3182.699951,3182.699951,0.006495572511072,45740.148438,-0.004605287133877,0.015168621694456,3537700
2021-01-11,3148.01001,3156.379883,3110,3114.209961,3114.209961,-0.021519461794845,46070.910156,0.007231321482228,0.01384182493065,3683400
2021-01-12,3120,3142.139893,3086,3120.830078,3120.830078,0.002125777350566,45892.28125,-0.003877260192932,0.013819113027965,3514600
2021-01-13,3128.439941,3189.949951,3122.080078,3165.889893,3165.889893,0.014438407049985,46458.019531,0.012327525797162,0.01505935286844,3321200
2021-01-14,3167.52002,3178,3120.590088,3127.469971,3127.469971,-0.012135583769022,45495.410156,-0.020719983002239,0.017284568043816,3070900
2021-01-15,3123.02002,3142.550049,3095.169922,3104.25,3104.25,-0.007424522446358,45125.710938,-0.008126077262131,0.017861121765482,4244000
2021-01-19,3107,3145,3096,3120.76001,3120.76001,0.005318518160586,44810.210938,-0.006991579599344,0.017635158610371,3305100
2021-01-20,3181.98999,3279.800049,3175,3263.379883,3263.379883,0.045700365469628,44683.550781,-0.002826591402911,0.016510666607009,5309800
2021-01-21,3293,3348.550049,3289.570068,3306.98999,3306.98999,0.013363478529478,45126.511719,0.009913288676878,0.0174099959888,4936100
2021-01-22,3304.310059,3321.909912,3283.159912,3292.22998,3292.22998,-0.004463276285877,45053.558594,-0.001616635592272,0.017492318722006,2821900
2021-01-25,3328.5,3363.889893,3243.149902,3294,3294,0.000537635587657,44262.011719,-0.017569020066384,0.017600977960516,3749800
2021-01-26,3296.360107,3338,3282.870117,3326.129883,3326.129883,0.00975406284153,44280.730469,0.000422907800008,0.017618341182202,2955200
2021-01-27,3341.48999,3346.52002,3207.080078,3232.580078,3232.580078,-0.028125722172828,42985.730469,-0.029245226677247,0.024319104953545,4660200
2021-01-28,3235.040039,3301.679932,3228.689941,3237.620117,3237.620117,0.001559138173962,43848.921875,0.020080882576196,0.024265300377792,3149200
2021-01-29,3230,3236.98999,3184.550049,3206.199951,3206.199951,-0.009704710517154,43957.070313,0.002466387618567,0.024048600421999,4293600
2021-02-01,3242.360107,3350.26001,3235.030029,3342.879883,3342.879883,0.042629884002515,44167.578125,0.004788940903046,0.025447588203716,4160200
2021-02-02,3380,3427.73999,3361.129883,3380,3380,0.011104232966542,44145.699219,-0.000495361233937,0.025397341730888,7098600
2021-02-03,3425.01001,3434,3308.620117,3312.530029,3312.530029,-0.019961529881657,44197.511719,0.001173670389565,0.025189102353496,7088800
2021-02-04,3330,3347,3277.75,3331,3331,0.005575789755354,45020.960938,0.018631121684753,0.025712970271275,3670700
2021-02-05,3319,3377,3302.709961,3352.149902,3352.149902,0.006349415190633,44718.230469,-0.006724211627044,0.025449146976182,3620800
2021-02-08,3358.5,3365,3304,3322.939941,3322.939941,-0.008713799159928,44060.089844,-0.014717501522254,0.026589709893879,3257400
2021-02-09,3312.48999,3338,3297.840088,3305,3305,-0.005398815903546,44202.519531,0.003232623617071,0.026416545726023,2203500
2021-02-10,3314,3317.949951,3254,3286.580078,3286.580078,-0.005573350075643,44157.488281,-0.001018748489403,0.02647495418731,3151600
2021-02-11,3292,3292,3248.060059,3262.129883,3262.129883,-0.007439403397978,44698.589844,0.012253902657612,0.025604244579091,2301400
2021-02-12,3250,3280.25,3233.310059,3277.709961,3277.709961,0.00477604465757,45061.949219,0.008129101527993,0.025795742875967,2335300
2021-02-16,3254.050049,3308.300049,3253.590088,3268.949951,3268.949951,-0.002672600719475,44507.949219,-0.012294186327972,0.026171941143921,2574700
2021-02-17,3263.600098,3320.909912,3259.5,3308.639893,3308.639893,0.012141495769263,44900.078125,0.008810311705681,0.026865765654796,3297500
2021-02-18,3282.419922,3338,3273.939941,3328.22998,3328.22998,0.005920888230069,44946.601563,0.001036154945443,0.026894926958928,3027400
2021-02-19,3328.22998,3333.5,3245.75,3249.899902,3249.899902,-0.023535055711505,45268.328125,0.007157973034937,0.025490791549069,4305200
2021-02-22,3208.129883,3232.320068,3172.26001,3180.73999,3180.73999,-0.021280628353335,45151.378906,-0.002583466716002,0.025935946132303,3515700
2021-02-23,3127.030029,3204.72998,3093.600098,3194.5,3194.5,0.004326040494747,44310.269531,-0.018628653108272,0.025464672048218,4677200
2021-02-24,3166.75,3171.22998,3125.379883,3159.530029,3159.530029,-0.010946930975114,44592.910156,0.006378670858733,0.024853360836455,3011300
2021-02-25,3136.73999,3178.26001,3047.76001,3057.159912,3057.159912,-0.032400425398837,44784.578125,0.004298171353462,0.0237019632027,4533800
2021-02-26,3095.199951,3122.439941,3036.699951,3092.929932,3092.929932,0.011700408558805,45682.191406,0.020042910273591,0.025208858984576,4273500
2021-03-01,3127.889893,3149.560059,3097.98999,3146.139893,3146.139893,0.017203739551123,46377.46875,0.01521987721256,0.026971863702335,2729100
2021-03-02,3143.469971,3163.52002,3087.120117,3094.530029,3094.530029,-0.016404186004198,46004.191406,-0.008048678680852,0.028056385947474,2590000
2021-03-03,3081.179932,3107.780029,2995,3005,3005,-0.02893170470507,46342.539063,0.00735471370454,0.02633691921058,3967200
2021-03-04,3012,3058.129883,2945.429932,2977.570068,2977.570068,-0.009128097171381,47075.410156,0.015814219674147,0.025055915274436,5458700
2021-03-05,3005,3009,2881,3000.459961,3000.459961,0.007687440589895,47103.601563,0.000598856322368,0.025071726837221,5383400
2021-03-08,3015,3064.590088,2951.310059,2951.949951,2951.949951,-0.016167524523084,47549.671875,0.009469983126522,0.023818491088578,4178500
2021-03-09,3017.98999,3090.959961,3005.149902,3062.850098,3062.850098,0.037568437419622,47673.820313,0.002610921024363,0.024391859605112,4023500
2021-03-10,3098.449951,3116.459961,3030.050049,3057.639893,3057.639893,-0.001701096963055,47769.871094,0.002014748983182,0.024350143574881,3008700
2021-03-11,3104.01001,3131.780029,3082.929932,3113.590088,3113.590088,0.018298490652248,48203.949219,0.009086859877554,0.025450334825251,2770800
2021-03-12,3075,3098.97998,3045.5,3089.48999,3089.48999,-0.007740292498002,47679.488281,-0.010880040878337,0.026190027916654,2418500
2021-03-15,3074.570068,3082.23999,3032.090088,3081.679932,3081.679932,-0.002527944102515,47572.390625,-0.002246199778169,0.026260800398793,2913600
2021-03-16,3104.969971,3128.909912,3075.860107,3091.860107,3091.860107,0.003303449814593,47028.039063,-0.011442594220059,0.026067843916168,2510100
2021-03-17,3073.219971,3173.050049,3070.219971,3135.72998,3135.72998,0.014188828563323,47225.441406,0.004197545696846,0.026438929093296,3100900
2021-03-18,3101,3116.629883,3025,3027.98999,3027.98999,-0.034358822566731,46659.179688,-0.011990607205379,0.029600551375723,3649600
2021-03-19,3029.22998,3077.290039,3016.629883,3074.959961,3074.959961,0.015511930737922,46703.140625,0.000942171236056,0.029665088477549,4616400
2021-03-22,3067.850098,3126.580078,3060.050049,3110.870117,3110.870117,0.011678251572525,47012.371094,0.006621192169558,0.030146304409886,2902200
2021-03-23,3127,3182,3120.850098,3137.5,3137.5,0.00856026834887,47379.191406,0.007802633720953,0.030540593653706,3817300
2021-03-24,3151.040039,3160.310059,3085.149902,3087.070068,3087.070068,-0.016073285099602,47747.359375,0.007770668052249,0.029526844468793,2959000
2021-03-25,3072.98999,3109.780029,3037.139893,3046.26001,3046.26001,-0.013219673379957,47905,0.003301556925105,0.02917832322955,3563500
2021-03-26,3044.060059,3056.659912,2996,3052.030029,3052.030029,0.001894132142712,47246.261719,-0.013750929568939,0.029083775549811,3306700
2021-03-29,3055.439941,3091.25,3028.449951,3075.72998,3075.72998,0.007765307279026,48245.851563,0.021157014494504,0.030009128293216,2746000
2021-03-30,3070.01001,3073,3034,3055.290039,3055.290039,-0.006645557683188,47985.429688,-0.00539780865221,0.030333820007864,2337600
2021-03-31,3064.060059,3119.330078,3062.5,3094.080078,3094.080078,0.012696025092497,47897.839844,-0.001825342496035,0.030148533603334,3093900
2021-04-01,3117.939941,3162.439941,3115.550049,3161,3161,0.021628374286698,48188.148438,0.006060995546887,0.030988776432426,2940300
2021-04-05,3173,3235.959961,3161.23999,3226.72998,3226.72998,0.020794046187915,47627.671875,-0.011631004327156,0.029226485983793,3334900
2021-04-06,3223.75,3247.310059,3217.040039,3223.820068,3223.820068,-0.00090181453609,47352.179688,-0.005784288338154,0.029322496663745,2537800
2021-04-07,3233.800049,3303.610107,3223.649902,3279.389893,3279.389893,0.017237260091403,47503.710938,0.003200090280921,0.029652489596655,3346200
2021-04-08,3310.899902,3324.5,3292,3299.300049,3299.300049,0.006071298823753,48329.839844,0.017390828836051,0.030188485667907,2812100
2021-04-09,3304.699951,3372.199951,3288.899902,3372.199951,3372.199951,0.022095566004097,48514.101563,0.003812586997904,0.030697717197034,4334600
2021-04-12,3355.209961,3395.040039,3351.149902,3379.389893,3379.389893,0.002132122087798,48726.980469,0.004387979971629,0.030714764192485,3281800
2021-04-13,3400.850098,3432,3395.629883,3400,3400,0.006098765650774,48072.621094,-0.013429097569801,0.030212514006669,3315800
2021-04-14,3404.040039,3404.129883,3326,3333,3333,-0.019705882352941,48528.96875,0.00949288067958,0.028725783938147,3145200
2021-04-15,3371,3397,3352,3379.090088,3379.090088,0.013828409240924,48867.621094,0.006978354428766,0.029319182423198,3233600
2021-04-16,3380,3406.800049,3355.590088,3399.439941,3399.439941,0.00602228779643,49092.308594,0.004597880866101,0.02945933325137,3183300
2021-04-19,3390.330078,3435.929932,3360.159912,3372.01001,3372.01001,-0.008068955909229,49091.089844,-2.48256811485324E-05,0.029474777874114,2725400
2021-04-20,3373.600098,3382.98999,3316,3334.689941,3334.689941,-0.011067603266101,48923.929688,-0.003405101751279,0.029800994477983,2623000
2021-04-21,3316,3362.860107,3303.810059,3362.02002,3362.02002,0.008195688199966,48812.171875,-0.002284317995564,0.029669499406859,2211200
2021-04-22,3371.679932,3372.870117,3301.449951,3309.040039,3309.040039,-0.015758377607757,48487.941406,-0.006642410213385,0.030513671602154,2580600
2021-04-23,3319.100098,3375,3308.5,3340.879883,3340.879883,0.009622078797699,48897.789063,0.008452568723598,0.030989910603133,3192800
2021-04-26,3348,3428.449951,3330.939941,3409,3409,0.020389873142889,48009.71875,-0.018161768252053,0.02834731803503,4880700
2021-04-27,3443.469971,3460,3398.01001,3417.429932,3417.429932,0.002472845995893,48498.640625,0.010183810439423,0.028404445099525,3827100
2021-04-28,3434.800049,3489.879883,3425,3458.5,3458.5,0.012017822988975,48328.199219,-0.003514354295368,0.028103800258378,4631900
2021-04-29,3505.100098,3514.449951,3435,3471.310059,3471.310059,0.003703934942894,48399.800781,0.001481569004372,0.028123159561658,7682400
2021-04-30,3525.120117,3554,3462.5,3467.419922,3467.419922,-0.001120653855139,,,,7001800
2021-05-03,3484.72998,3486.649902,3372.699951,3386.48999,3386.48999,-0.023340101233923,,,,5875500
2021-05-04,3356.189941,3367.97998,3272.129883,3311.870117,3311.870117,-0.022034576573486,,,,5439400
2021-05-05,3338.860107,3354.699951,3264.360107,3270.540039,3270.540039,-0.012479377674822,,,,3711300
