Date,Nike,Adidas,Under,North face,Louis,Sony,Disney,Tesla,Amazon,Ford
2019-01-07,74.068581,185.155441,17.110001,66.506996,246.703079,49.889999,109.225136,66.991997,1629.51001,7.643884
2019-01-08,75.056564,183.946869,17.24,66.649635,249.565613,49.93,110.074753,67.07,1656.579956,7.717649
2019-01-09,74.919617,189.844772,17.620001,65.642365,247.275589,49.099998,111.309662,67.706001,1659.420044,8.040372
2019-01-10,74.753334,186.412369,17.549999,63.699112,246.464523,48.98,111.438095,68.994003,1656.219971,7.994267
2019-01-11,74.381622,189.699722,17.860001,63.850636,240.166977,48.419998,111.289909,69.452003,1640.560059,8.132576
2019-01-14,74.430511,188.732864,17.879999,64.23394,239.308197,49.84,111.062683,66.879997,1617.209961,8.289328
2019-01-15,76.181488,192.842056,17.92,64.109154,237.542953,49.610001,110.410652,68.886002,1674.560059,8.151017
2019-01-16,75.98584,192.503662,17.77,65.303612,235.252945,49.509998,109.570915,69.209999,1683.780029,7.643884
2019-01-17,77.404213,190.521576,18.15,73.397484,241.789047,50.18,109.669708,69.461998,1693.219971,7.708428
2019-01-18,78.695419,195.500946,18.549999,72.889381,245.462646,48.470001,109.699348,60.452,1696.199951,7.911282
2019-01-22,78.988884,198.498245,18.59,73.887749,245.319534,48.459999,109.264656,59.784,1632.170044,7.837517
2019-01-23,78.744331,198.304871,18.4,74.288872,245.55809,48.369999,109.778381,57.518002,1640.02002,7.689988
2019-01-24,78.685654,200.431992,18.860001,74.431496,246.035156,48.759998,109.215263,58.301998,1654.930054,7.929724
2019-01-25,78.851944,195.597641,19.49,74.609779,249.136246,48.830002,109.748734,59.408001,1670.569946,8.169458
2019-01-28,78.568268,198.208191,19.370001,74.948502,246.798508,48.779999,109.472115,59.276001,1637.890015,7.985046
2019-01-29,78.470451,196.08107,18.93,75.420952,247.848083,49.200001,109.561035,59.492001,1593.880005,8.077253
2019-01-30,79.507332,195.984375,19.01,75.02874,264.880219,50.119999,108.800331,61.754002,1670.430054,8.171064
2019-01-31,80.094231,197.531372,18.940001,75.082222,266.931702,46.150002,110.173546,61.403999,1718.72998,8.255496
2019-02-01,79.732315,199.465118,18.860001,75.822083,271.607178,46.290001,109.956207,62.442001,1626.22998,8.180448
2019-02-04,80.201851,196.08107,18.93,76.42823,269.651123,45.860001,110.450172,62.577999,1633.310059,8.161684
2019-02-05,81.052864,192.890396,19.1,77.078941,277.809326,44.220001,111.299789,64.269997,1658.810059,8.20859
2019-02-06,80.906136,191.005005,18.93,76.695656,274.899109,43.060001,110.06488,63.444,1640.26001,8.180448
2019-02-07,80.593132,195.500946,18.629999,76.463875,270.414429,44.290001,109.61042,61.501999,1614.369995,7.795816
2019-02-08,80.563782,194.824142,19.040001,76.205383,270.557556,44.59,110.163673,61.16,1588.219971,7.870865
2019-02-11,81.854988,192.600342,19.15,77.230476,275.089935,44.279999,108.118668,62.568001,1591,7.814578
2019-02-12,82.862526,192.745377,20.01,77.087868,281.292084,45.060001,107.881554,62.362,1638.01001,7.936534
2019-02-13,83.537468,193.277145,19.879999,76.63324,281.148956,45.119999,108.869476,61.633999,1640,7.889627
2019-02-14,82.833176,194.920837,19.780001,77.462242,277.523102,45.790001,109.323929,60.754002,1622.650024,7.89901
2019-02-15,83.517906,192.455307,19.040001,77.310707,280.719574,46.220001,111.230621,61.576,1607.949951,8.011583
2019-02-19,82.725563,189.844772,19.389999,76.989807,281.578339,46.880001,112.139519,61.127998,1627.579956,8.283641
2019-02-20,82.989693,192.842056,19.18,76.481705,283.629852,47.639999,112.307465,60.512001,1622.099976,8.386833
2019-02-21,82.119095,192.068558,19.41,77.105705,283.009613,47.889999,112.910103,58.245998,1619.439941,8.171064
2019-02-22,82.911438,195.404282,19.66,77.524651,283.343567,48.459999,113.858513,58.942001,1631.560059,8.171064
2019-02-25,83.312485,195.984375,19.629999,77.845543,286.015289,48.189999,112.218552,59.754002,1633,8.217972
2019-02-26,83.928749,195.984375,19.370001,78.20211,289.020935,48.43,112.129639,59.571999,1636.400024,8.330546
2019-02-27,84.290672,199.078354,20.08,77.872292,290.309052,47.990002,111.418335,62.948002,1641.089966,8.236733
2019-02-28,83.860291,206.619949,20.08,77.800972,288.543854,47.889999,111.477608,63.976002,1639.829956,8.227353
2019-03-01,85.478439,206.2332,20.41,76.526276,288.162201,47.619999,112.633484,58.958,1671.72998,8.246116
2019-03-04,83.987762,206.716629,19.85,76.223206,292.551392,47.66,112.949623,57.071999,1696.170044,8.264878
2019-03-05,83.791634,209.133804,19.83,76.125153,293.887268,47.529999,112.623604,55.307999,1692.430054,8.227353
2019-03-06,83.48761,209.423874,19.43,76.223801,294.841431,46.400002,113.463341,55.248001,1668.949951,8.049109
2019-03-07,83.615105,208.070251,19.360001,75.515366,292.837646,45.950001,112.633484,55.318001,1625.949951,7.955296
2019-03-08,83.163979,209.230484,19.110001,76.331406,292.026611,46.099998,112.435898,56.827999,1620.800049,7.89901
2019-03-11,84.164291,208.65036,19.690001,76.026512,291.788055,46.310001,113.364548,58.183998,1670.619995,8.077252
2019-03-12,83.78183,203.429276,19.690001,76.268639,292.360535,46.66,113.344795,56.672001,1673.099976,8.039727
2019-03-13,84.272179,204.009399,19.700001,76.169998,294.459778,46.119999,112.712509,57.792,1690.810059,8.002203
2019-03-14,85.194054,207.200073,19.9,76.026512,296.272705,46.25,113.097816,57.992001,1686.219971,7.889627
2019-03-15,85.125389,200.915421,19.799999,77.174347,301.139038,46.080002,113.572014,55.085999,1712.359985,7.908391
2019-03-18,86.12571,199.368423,19.85,77.577881,304.001556,45.529999,111.754234,53.897999,1742.150024,8.039727
2019-03-19,85.998215,204.299454,19.73,76.152046,302.61795,43.279999,108.671898,53.493999,1761.849976,8.161684
2019-03-20,85.017517,204.009399,19,76.977066,305.623657,44.009998,108.662018,54.720001,1797.27002,7.983441
2019-03-21,86.312057,200.722046,19.280001,75.075951,303.619904,42.029999,107.348083,54.804001,1819.26001,8.152303
2019-03-22,80.604347,202.655792,18.41,75.784386,303.23819,42.150002,106.923279,52.905998,1764.77002,8.011583
2019-03-25,80.741623,202.462402,18.58,76.232765,299.087524,42.73,106.488586,52.084,1774.26001,7.983441
2019-03-26,81.77137,200.625351,18.59,76.51075,303.142822,42.790001,108.810211,53.554001,1783.76001,8.217972
2019-03-27,81.486969,201.785599,18.719999,78.160782,308.009064,42.400002,108.948517,54.966,1765.699951,8.086635
2019-03-28,82.418633,205.846436,18.950001,77.9366,308.104492,42.240002,109.373329,55.723999,1773.420044,8.227353
2019-03-29,82.585373,207.393433,18.870001,78.313225,309.249542,42.98,109.689461,55.972,1780.75,8.236733
2019-04-01,83.585686,207.296753,18.84,77.828995,312.875427,42.169998,111.151596,57.835999,1814.189941,8.424358
2019-04-02,82.742287,209.327179,19.030001,78.42083,317.980286,42.389999,110.608238,57.175999,1813.97998,8.452501
2019-04-03,82.840347,212.227783,19.139999,80.304024,319.172974,42.52,111.161469,58.362,1820.699951,8.565078
2019-04-04,83.634712,212.034409,19.77,79.963242,318.695953,43.07,113.364548,53.556,1818.859985,8.668272
2019-04-05,83.752403,214.838318,19.639999,80.555099,318.266541,46.599998,113.611526,54.992001,1837.280029,8.677652
2019-04-08,83.095329,215.563492,19.5,79.532806,320.651978,46.189999,113.572014,54.639999,1849.859985,8.724559
2019-04-09,82.653999,219.962738,18.709999,80.124664,316.787567,46.080002,115.449074,54.462002,1835.839966,8.640128
2019-04-10,83.242439,216.868759,19.32,80.079826,312.302887,46.25,115.745461,55.212002,1847.329956,8.752703
2019-04-11,83.360123,218.270706,19.34,81.344238,314.640686,46.990002,115.192215,53.683998,1844.069946,8.80899
2019-04-12,84.576195,218.657471,19.690001,81.783638,329.144165,47.310001,128.4897,53.540001,1843.060059,8.865276
2019-04-15,85.154808,218.464081,19.77,83.684769,327.188141,47.950001,130.445786,53.276001,1844.869995,8.752703
2019-04-16,86.106102,218.077347,19.5,85.639671,327.23587,47.740002,128.331619,54.672001,1863.040039,8.780846
2019-04-17,87.018173,217.932297,19.66,85.684525,330.432343,47.860001,130.159302,54.245998,1864.819946,8.912184
2019-04-18,87.47908,218.850845,19.74,85.056778,334.773865,47.610001,130.850845,54.652,1861.689941,8.95909
2019-04-22,85.674599,221.896469,19.540001,84.823624,336.15744,48.299999,130.090134,52.549999,1887.310059,8.912184
2019-04-23,85.743233,221.219666,19.940001,84.949181,333.104065,46.459999,131.749863,52.779999,1923.77002,9.05516
2019-04-24,86.684715,223.78186,20.299999,84.303528,334.869293,46.66,133.468857,51.731998,1901.75,9.121881
2019-04-25,85.87072,222.718323,20.1,84.760864,335.737946,50.240002,135.583008,49.526001,1902.25,8.959842
2019-04-26,86.606255,221.316345,20.4,84.733955,334.386719,50.25,138.230667,47.028,1950.630005,9.922548
2019-04-29,86.557228,220.832916,20.559999,84.662231,333.325012,50.369999,137.618149,48.293999,1938.430054,9.836762
2019-04-30,86.135521,221.268021,20.719999,83.406769,336.896149,51.360001,135.316269,47.737999,1926.52002,9.960675
2019-05-01,84.242752,221.413055,19.68,84.195915,338.778229,51.459999,134.733398,46.801998,1911.52002,9.817699
2019-05-02,83.624916,220.977951,20.389999,85.523109,342.687225,52.25,132.520447,48.82,1900.819946,9.855827
2019-05-03,84.046608,241.717285,20.24,84.168999,332.408081,51.220001,132.708145,51.006001,1962.459961,9.922548
2019-05-06,81.95771,240.847107,19.860001,83.971718,323.383606,48.889999,133.370056,51.068001,1950.550049,9.884421
2019-05-07,80.947571,241.282211,19.51,84.043457,327.775208,48.75,131.828888,49.411999,1921,9.893953
2019-05-08,81.173141,246.841705,19.799999,84.330414,320.295044,48.75,133.360184,48.967999,1917.77002,9.855827
2019-05-09,81.379082,243.457672,19.610001,83.317101,321.935852,49.700001,131.977081,48.396,1899.869995,9.722382
2019-05-10,82.330368,247.671265,19.23,80.815163,312.477112,48.029999,132.421646,47.903999,1889.97998,9.893953
2019-05-13,80.937775,247.524277,18.530001,81.021408,322.659729,48.439999,129.754242,45.402,1822.680054,9.608002
2019-05-14,82.055771,242.134796,19.129999,81.335281,325.410492,49.939999,131.591782,46.462002,1840.119995,9.760509
2019-05-15,82.389221,245.956421,18.950001,81.873329,329.319519,52,133.053909,46.389999,1871.150024,9.874889
2019-05-16,82.653999,246.152405,19.360001,81.424957,328.981659,52.610001,133.864014,45.666,1907.569946,9.913016
2019-05-17,82.938416,250.317001,20.700001,81.254555,318.557739,52.200001,133.409576,42.206001,1869,9.808168
2019-05-20,81.251602,245.760452,20.860001,82.590736,323.480164,51.029999,132.293228,41.071999,1858.969971,9.798635
2019-05-21,82.026352,246.93634,21.16,81.003471,324.590118,50.490002,132.471039,41.015999,1857.52002,9.760509
2019-05-22,81.594841,257.764282,21.370001,80.083031,322.370209,48.34,132.233948,38.546001,1859.680054,9.503152
2019-05-23,81.045647,256.588409,20.85,80.035423,324.783173,48.98,131.127472,39.098,1815.47998,9.388772
2019-05-24,80.574913,254.82457,20.91,78.806892,326.858307,49.169998,131.186722,38.125999,1823.280029,9.369707
2019-05-28,79.633415,256.245453,20.959999,78.311676,330.670746,48.23,131.018784,37.740002,1836.430054,9.322048
2019-05-29,77.348381,256.833405,20.32,78.787834,326.42395,48.529999,129.981491,37.972,1819.189941,9.255326
2019-05-30,77.730843,255.902466,20.440001,77.97834,329.753815,48,130.603851,37.644001,1816.319946,9.283922
2019-05-31,75.86232,253.354706,20.23,79.006882,326.809998,47.779999,130.445786,37.032001,1775.069946,9.074224
2019-06-03,76.668747,251.541901,20.719999,81.044899,328.64389,48.130001,130.870621,35.793999,1692.689941,9.160008
2019-06-04,80.26812,253.109726,21.700001,81.654411,330.188141,48.110001,133.192245,38.720001,1729.560059,9.455493
2019-06-05,81.349907,252.178833,22.6,80.43541,337.330475,47.450001,134.298721,39.318001,1738.5,9.322048
2019-06-06,81.084381,251.982849,22.530001,81.163582,338.150909,48.860001,135.553391,41.189999,1754.359985,9.293454
2019-06-07,82.028488,254.432602,22.889999,82.102562,344.617554,49.619999,136.373352,40.900002,1804.030029,9.302985
2019-06-10,81.212227,260.606049,22.690001,81.901352,345.72757,49.82,135.41507,42.576,1860.630005,9.360175
2019-06-11,81.880974,254.285629,23.1,81.221062,347.078796,49.380001,133.449097,43.419998,1863.699951,9.455493
2019-06-12,81.261398,251.933853,22.92,83.194839,344.376312,49.669998,134.081375,41.852001,1855.319946,9.388772
2019-06-13,82.225174,253.844666,23.49,83.606834,342.88028,51.330002,140.028687,42.782001,1870.300049,9.588937
2019-06-14,82.057976,255.118561,23.85,83.530174,341.673798,52.099998,139.939774,42.984001,1869.670044,9.512683
2019-06-17,80.750015,257.323334,23.52,84.603302,345.824066,52.209999,139.267975,45.006001,1886.030029,9.579405
2019-06-18,82.903748,264.231659,24,84.651207,355.958466,52.98,137.558868,44.948002,1901.369995,9.627065
2019-06-19,82.166161,261.977905,23.75,84.900314,353.255951,53.939999,139.218582,45.285999,1908.790039,9.569874
2019-06-20,83.828171,265.848511,23.49,84.670364,357.116699,53.240002,140.305298,43.924,1918.189941,9.569874
2019-06-21,84.32972,262.516846,23.1,84.172127,355.475891,53.150002,138.536896,44.372002,1911.300049,9.522215
2019-06-24,83.100426,259.773102,22.450001,81.834282,358.323151,52.549999,137.539108,44.728001,1913.900024,9.484088
2019-06-25,81.251564,258.009247,21.860001,82.112137,358.757538,52.459999,138.250412,43.952,1878.27002,9.379239
2019-06-26,81.182724,266.044495,22.07,83.070282,354.800293,52.700001,138.704849,43.854,1897.829956,9.445961
2019-06-27,82.274345,261.536926,22.15,83.693062,355.524139,52.389999,137.618149,44.568001,1904.280029,9.722382
2019-06-28,82.559532,264.476654,22.200001,84.632034,361.266937,53.709999,137.954025,44.692001,1893.630005,9.750978
2019-07-01,83.995354,268.494263,22.07,83.089432,361.556519,53.68,139.939774,45.433998,1922.189941,9.674723
2019-07-02,83.552803,267.612366,22.33,84.258369,364.355499,54.720001,140.809143,44.91,1934.310059,9.646129
2019-07-03,84.772255,273.393799,22.700001,84.133804,366.768494,55.029999,141.253708,46.98,1939,9.722382
2019-07-05,85.382004,271.43399,22.65,84.660789,368.071472,54.66,141.601624,46.619999,1942.910034,9.722382
2019-07-08,87.014503,269.278168,23.129999,83.127762,367.540619,54.380001,140.180145,46.068001,1952.319946,9.722382
2019-07-09,86.581802,273.687744,23.209999,83.204414,369.664001,54.779999,140.766632,46.012001,1988.300049,9.665193
2019-07-10,85.991737,275.843567,23.02,84.191292,369.664001,55.02,142.685135,47.784,2017.410034,9.636596
2019-07-11,86.827652,274.079742,23.219999,85.159004,367.733673,55.77,142.705017,47.720001,2001.069946,9.712851
2019-07-12,87.643898,272.46286,23.98,84.737434,369.760559,55.77,144.017166,49.015999,2011,9.998802
2019-07-15,87.99794,270.552063,24.299999,84.612869,370.629211,53.990002,144.196075,50.700001,2020.98999,9.93208
2019-07-16,87.132507,273.295807,24.26,82.821152,366.816711,54.369999,143.440613,50.476002,2009.900024,10.017866
2019-07-17,86.050728,274.618683,23.83,83.511024,371.883911,53.950001,141.720917,50.972,1992.030029,9.846294
2019-07-18,85.991737,275.402588,23.91,83.683487,369.374451,53.66,140.786514,50.708,1977.900024,9.779572
2019-07-19,85.11647,276.137512,23.950001,83.204414,369.519257,53.799999,139.01712,51.636002,1964.52002,9.722382
2019-07-22,84.546074,275.843567,23.610001,84.574547,368.988373,54.41,140.001205,51.136002,1985.630005,9.69336
2019-07-23,85.263985,277.950348,24.16,85.590179,371.401367,55.099998,140.418716,52.034,1994.48999,9.83847
2019-07-24,85.263985,277.901367,24.23,85.599747,369.953583,54.549999,140.448532,52.976002,2000.810059,9.993254
2019-07-25,85.834389,276.088531,24.139999,84.900314,367.058044,54.799999,142.357101,45.764,1973.819946,9.248356
2019-07-26,86.090073,275.843567,24.17,84.632034,363.05249,54.700001,143.788513,45.608002,1943.050049,9.25803
2019-07-29,86.168755,282.604919,24.389999,84.469154,372.173523,57.099998,145.518158,47.153999,1912.449951,9.287052
2019-07-30,85.755707,281.967987,21.049999,83.731384,365.561981,56.860001,144.066849,48.452,1898.530029,9.238682
2019-07-31,84.605087,275.696594,20.34,79.879692,361.459991,55.849998,142.158295,48.321999,1866.780029,9.219334
2019-08-01,81.743286,277.607391,19.120001,79.314392,362.232147,54.98,141.005203,46.77,1855.319946,9.006506
2019-08-02,79.796089,292.501953,19.190001,77.091522,365.899811,53.650002,140.866043,46.868,1823.23999,8.977483
2019-08-05,77.662025,276.137512,18.4,78.222107,345.920563,55,137.476349,45.664001,1765.130005,8.929112
2019-08-06,79.95343,265.652557,18.969999,78.30835,331.298096,55.529999,141.02507,46.150002,1787.829956,9.170962
2019-08-07,79.933746,266.044495,18.84,80.147964,338.247406,56.25,134.056839,46.683998,1793.400024,9.219334
2019-08-08,81.625282,269.229187,18.799999,79.27607,345.196716,56.110001,137.068787,47.66,1832.890015,9.248356
2019-08-09,80.622177,256.882385,18.15,78.499977,355.427612,55.599998,137.695038,47.001999,1807.579956,9.141941
2019-08-12,80.297623,255.069534,17.700001,79.314392,351.663422,56.259998,134.941528,45.801998,1784.920044,8.987157
2019-08-13,81.93998,255.657486,17.83,76.07589,344.134979,54.32,136.194016,47,1824.339966,8.958136
2019-08-14,79.687904,257.519318,16.959999,74.236275,347.030548,55.02,132.058807,43.924,1762.959961,8.706611
2019-08-15,78.193077,256.63739,16.5,75.481842,336.027527,55.73,132.615463,43.127998,1776.119995,8.571175
2019-08-16,78.950325,251.00293,16.790001,76.64119,333.662781,55.720001,134.394806,43.987999,1792.569946,8.667914
2019-08-19,79.786232,252.227814,16.85,76.554962,336.317017,55.66,134.484268,45.366001,1816.119995,8.735632
2019-08-20,79.196182,253.354706,16.74,77.618492,344.424561,56.650002,134.325226,45.172001,1801.380005,8.667914
2019-08-21,81.369576,256.049438,16.92,77.618492,343.314636,54.77,134.951462,44.166,1823.540039,8.745307
2019-08-22,81.930122,260.116089,17.139999,75.069855,356.248016,53.84,135.269562,44.43,1804.660034,8.745307
2019-08-23,79.107681,256.931396,16.15,76.35376,348.52655,55.52,130.885834,42.279999,1749.619995,8.484109
2019-08-26,80.887688,255.853485,16.309999,76.229195,343.121582,55.509998,133.808319,43,1768.869995,8.532478
2019-08-27,80.671341,256.09845,16.120001,77.810112,341.28772,55.610001,133.689041,42.816002,1761.829956,8.474435
2019-08-28,82.097328,256.343445,16.5,79.812614,347.320099,56.720001,135.736771,43.118,1764.25,8.706611
2019-08-29,83.965843,259.577118,16.959999,78.519135,343.459381,56.91,137.019073,44.341999,1786.400024,8.8227
2019-08-30,83.315102,260.948975,16.92,77.560997,348.767914,57.43,136.442535,45.122002,1776.290039,8.871069
2019-09-03,83.482719,261.585938,16.879999,78.67244,349.781311,58.509998,135.498199,45.001999,1789.839966,8.803351
2019-09-04,85.139153,264.476654,17.24,82.888237,350.263885,59.540001,137.068787,44.136002,1800.619995,8.900091
2019-09-05,87.18013,265.113586,17.91,83.942184,343.266327,59.200001,138.013123,45.916,1840.719971,9.035527
2019-09-06,87.44635,266.632446,17.780001,86.301186,355.668915,59.98,138.718903,45.490002,1833.51001,9.035527
2019-09-09,87.426636,269.817139,18.32,86.484138,363.293823,59.240002,138.003189,46.358002,1831.349976,9.229008
2019-09-10,85.612427,273.44278,18.6,87.446999,366.671936,60.049999,134.981293,47.108002,1820.550049,9.112919
2019-09-11,85.533546,271.580963,19.139999,86.994446,365.755035,60.25,135.378906,49.419998,1822.98999,9.112919
2019-09-12,86.440643,261.73291,19.23,86.946312,360.157013,60.360001,136.681107,49.174,1843.550049,9.103246
2019-09-13,86.095558,265.897522,19.07,85.136124,364.98291,59.970001,137.198013,49.040001,1839.339966,9.141941
2019-09-16,86.046257,269.474182,19.02,84.654694,366.478973,59.939999,134.991241,48.562,1807.839966,8.996831
2019-09-17,86.361763,267.024414,19.02,84.33696,368.698883,59.110001,135.498199,48.958,1822.550049,8.977483
2019-09-18,86.844902,262.908783,18.889999,83.826645,354.317657,59.349998,135.985275,48.698002,1817.459961,8.948462
2019-09-19,86.47023,265.064606,18.42,82.488258,354.414185,59.119999,132.506119,49.32,1821.5,8.803351
2019-09-20,85.464539,268.200317,17.98,84.346596,352.00119,59.119999,131.482254,48.124001,1794.160034,8.871069
2019-09-23,86.460373,268.690247,17.99,83.229652,354.510681,58.91,131.671127,48.245998,1785.300049,8.861395
2019-09-24,85.95752,270.062134,17.66,83.788132,357.164917,60.580002,131.184036,44.641998,1741.609985,8.813025
2019-09-25,89.536621,267.367371,17.85,84.799126,353.690308,59.41,132.297363,45.740002,1768.329956,8.900091
2019-09-26,90.877548,270.307098,17.969999,85.492386,357.164917,58.77,130.48822,48.512001,1739.839966,8.842048
2019-09-27,91.015587,264.427673,17.790001,85.684959,348.623108,59.130001,129.18602,48.425999,1725.449951,8.784003
2019-09-30,92.603004,272.805847,18.129999,85.704224,348.333527,57.959999,129.543869,48.174,1735.910034,8.861395
2019-10-01,90.986008,276.921478,18.01,83.489632,347.60968,56.830002,128.778458,48.938,1735.650024,8.60987
2019-10-02,90.207092,279.812164,17.52,83.932541,351.952942,57.93,128.370895,48.625999,1713.22998,8.329324
2019-10-03,90.926857,279.07724,17.5,85.396103,344.665863,58.75,127.386787,46.605999,1724.420044,8.426064
2019-10-04,91.764931,264.574646,17.59,85.020592,332.022003,58.07,129.494171,46.285999,1739.650024,8.455086
2019-10-07,91.863525,265.064606,17.469999,83.739983,334.724518,57.209999,130.120407,47.543999,1732.660034,8.397042
2019-10-08,90.46344,266.975433,17.35,85.165009,337.427002,57.869999,127.704887,48.009998,1705.51001,8.261606
2019-10-09,91.222641,265.162598,17.75,85.328712,341.480743,57.330002,128.559769,48.905998,1721.98999,8.280955
2019-10-10,91.695908,271.531982,17.85,87.514389,338.826508,58.139999,128.569702,48.948002,1720.26001,8.338999
2019-10-11,92.563568,272.217896,18.26,87.562538,344.569336,57.84,129.245667,49.577999,1731.920044,8.493782
2019-10-14,93.549553,273.148834,18.23,88.120987,363.728149,58.5,128.927551,51.391998,1736.430054,8.532478
2019-10-15,93.460823,275.059662,18.459999,87.966934,365.031158,58.919998,128.987198,51.577999,1767.380005,8.774328
2019-10-16,93.549553,280.449127,18.360001,88.140251,366.044586,60.040001,130.080658,51.950001,1777.430054,8.774328
2019-10-17,94.220016,275.647583,18.459999,89.035713,367.251099,59.209999,131.58165,52.394001,1787.47998,8.813025
2019-10-18,94.752441,275.843567,17.809999,89.950424,364.934662,59.18,130.110474,51.389999,1757.51001,8.987157
2019-10-21,94.870766,273.834778,18.17,89.700096,361.701324,58.970001,129.484222,50.700001,1785.660034,8.878997
2019-10-22,94.259453,275.353607,19.42,88.09211,361.990845,58.580002,131.611481,51.116001,1765.72998,8.918327
2019-10-23,91.025452,273.883759,19.01,87.446999,361.556519,58.630001,130.349045,50.936001,1762.170044,9.055987
2019-10-24,90.216942,268.053284,19.01,81.024719,363.535126,58.509998,129.484222,59.936001,1780.780029,8.456188
2019-10-25,89.645081,267.906311,19.059999,80.350716,361.942535,59.060001,130.120407,65.625999,1761.329956,8.574182
2019-10-28,89.576065,269.37619,19.040001,78.165016,363.921204,59.240002,129.752625,65.542,1777.079956,8.46602
2019-10-29,88.028069,275.255615,18.719999,79.272301,370.580933,61.07,128.708862,63.243999,1762.709961,8.495519
2019-10-30,88.925316,273.44278,18.620001,79.233788,368.79538,60.830002,128.828171,63.001999,1779.98999,8.397191
2019-10-31,88.294289,271.531982,18.5,79.811516,367.009766,61.439999,129.146255,62.984001,1776.660034,8.446355
2019-11-01,87.929482,271.238007,18.91,81.650574,371.063538,61.57,131.959396,62.661999,1791.439941,8.741339
2019-11-04,88.599953,273.834778,15.44,82.998573,369.181396,61.439999,132.128387,63.493999,1804.660034,8.849499
2019-11-05,88.619667,280.449127,16.309999,82.911911,375.696381,60.73,130.66713,63.444,1801.709961,8.869164
2019-11-06,88.225273,276.382507,16.51,83.200783,383.659149,60.400002,130.48822,65.316002,1795.77002,8.770837
2019-11-07,89.13237,268.151306,16.08,83.836273,386.313354,60.41,132.168152,67.108002,1788.199951,8.741339
2019-11-08,88.550636,268.592255,15.88,83.191147,385.637726,61.720001,137.138382,67.428001,1785.880005,8.888829
2019-11-11,88.787277,267.367371,15.96,81.573547,389.93277,62.130001,135.925644,69.017998,1771.650024,8.928161
2019-11-12,88.244987,264.966614,15.58,82.574921,388.967651,62.290001,137.754684,69.986,1778,8.888829
2019-11-13,90.00988,264.329651,15.67,82.651939,389.208923,61.849998,147.83429,69.222,1753.109985,8.662676
2019-11-14,89.990173,263.643707,15.56,83.653313,389.353699,62.060001,146.273636,69.870003,1754.599976,8.64301
2019-11-15,91.735359,261.095978,15.97,83.999939,387.857697,62.439999,143.808411,70.433998,1739.48999,8.800335
2019-11-18,92.859367,260.557007,15.72,83.123756,389.691498,61.900002,146.77066,69.998001,1752.530029,8.800335
2019-11-19,92.297363,264.476654,15.61,82.32457,391.380554,61.48,147.496323,71.903999,1752.790039,8.75117
2019-11-20,91.745216,266.387482,15.43,81.650574,388.243774,61.52,146.054947,70.444,1745.530029,8.584013
2019-11-21,90.867691,267.269379,15.24,83.297073,384.334747,61.200001,146.025116,70.966003,1734.709961,8.564348
2019-11-22,92.031143,266.975433,15.66,83.335587,384.334747,61.799999,147.406845,66.608002,1745.719971,8.741339
2019-11-25,91.597313,267.612366,15.67,84.394722,380.76358,63.150002,148.798508,67.267998,1773.839966,8.849499
2019-11-26,92.021278,269.180206,16.469999,85.742737,382.452698,63.720001,150.736893,65.783997,1796.939941,8.859331
2019-11-27,92.819923,272.364899,17.49,85.251671,390.174103,63.48,150.57785,66.258003,1818.51001,8.947826
2019-11-29,92.419556,276.431519,17.299999,84.722099,393.166168,63.279999,150.677261,65.987999,1800.800049,8.908496
2019-12-02,92.488762,276.382507,16.870001,82.796371,394.420868,64.589996,149.722961,66.973999,1781.599976,8.859331
2019-12-03,91.40136,278.489319,16.629999,84.770241,392.587067,65.290001,147.695129,67.239998,1769.959961,8.741339
2019-12-04,92.646935,279.469238,17.01,85.877533,393.11792,65.199997,147.396912,66.606003,1760.689941,8.800335
2019-12-05,94.69323,272.854858,17.200001,87.061844,382.742157,65.290001,146.561905,66.073997,1740.47998,8.780669
2019-12-06,95.889381,275.549591,17.440001,87.942719,377.095917,65.93,146.780609,67.178001,1751.599976,8.869164
2019-12-09,95.523613,271.042023,17.690001,87.381287,382.211365,66.309998,145.339249,67.905998,1749.51001,8.859331
2019-12-10,95.899261,273.540771,17.690001,88.726799,382.404419,66.540001,145.229889,69.767998,1739.209961,8.918327
2019-12-11,96.067314,270.111115,17.51,90.372398,389.538086,67.32,146.711014,70.540001,1748.719971,8.957659
2019-12-12,96.601135,268.151306,17.51,90.169128,387.499878,67.57,146.880005,71.935997,1760.329956,9.164147
2019-12-13,96.650558,272.168915,17.780001,91.030647,385.122009,68.25,146.380005,71.678001,1760.939941,9.075652
2019-12-16,97.67865,273.099823,18.59,91.979279,387.8396,67.739998,148.460007,76.300003,1769.209961,9.232977
2019-12-17,98.509033,275.108643,18.690001,93.411919,386.480804,67.699997,147.729996,75.797997,1790.660034,9.232977
2019-12-18,99.418503,279.273224,19.030001,93.799118,391.915985,67.879997,146.259995,78.629997,1784.030029,9.380468
2019-12-19,99.991852,279.126251,19.01,94.12825,397.642365,67.900002,146.149994,80.807999,1792.280029,9.252643
2019-12-20,98.815491,284.319733,19.299999,95.202728,390.799835,68.080002,146.880005,81.117996,1786.5,9.321471
2019-12-23,98.894577,283.731781,19.370001,95.735123,389.052826,67.760002,144.679993,83.844002,1793,9.282141
2019-12-24,98.993416,284.466736,19.4,96.219124,390.411591,68.019997,145.289993,85.050003,1789.209961,9.31164
2019-12-26,99.556892,287.74942,19.549999,96.7612,398.418793,67.779999,145.699997,86.188004,1868.77002,9.291973
2019-12-27,100.407051,287.504425,19.25,96.374001,401.621643,67.720001,145.75,86.075996,1869.800049,9.203478
2019-12-30,99.645866,284.760712,18.99,96.470795,401.912872,68,143.770004,82.940002,1846.890015,9.095318
2019-12-31,100.150017,285.397644,19.18,97.022568,401.912872,69.059998,144.630005,83.666,1847.839966,9.144482
2020-01-02,101.029839,284.515747,19.24,96.41272,405.309845,68.080002,148.199997,86.052002,1898.01001,9.262475
2020-01-03,100.753044,280.253143,19.27,96.035202,402.398132,69.110001,146.5,88.601997,1874.969971,9.055987
2020-01-06,100.664078,288.386353,18.370001,95.56089,402.009918,70.199997,145.649994,90.307999,1902.880005,9.006823
2020-01-07,100.614647,288.582336,18.59,93.934647,406.814209,70.459999,145.699997,93.811996,1906.859985,9.095318
2020-01-08,100.387283,303.721893,18.16,92.714958,406.765717,71.029999,145.399994,98.428001,1891.969971,9.095318
2020-01-09,100.318077,302.54599,17.780001,92.018013,402.931946,70.860001,144.830002,96.267998,1901.050049,9.105151
2020-01-10,99.74472,304.995758,17.77,92.860168,403.756927,71.639999,144.619995,95.629997,1883.160034,9.095318
2020-01-13,100.990303,307.200562,18.040001,93.440956,406.474518,72.470001,143.880005,104.972,1891.300049,9.085485
2020-01-14,101.741592,307.886505,18.76,92.647202,412.006805,71.599998,145.199997,107.584,1869.439941,9.134649
2020-01-15,101.613083,308.621429,18.9,92.085754,411.181763,72.620003,144.320007,103.699997,1862.02002,9.036321
2020-01-16,102.186447,305.975677,19.02,91.253288,414.190552,72.480003,145.119995,102.697998,1877.939941,9.016656
2020-01-17,103.333153,303.917877,18.370001,91.601761,418.315491,72.129997,144.330002,102.099998,1864.719971,9.006823
2020-01-21,103.382591,305.142761,18.09,91.543686,418.752228,72.379997,143.559998,109.440002,1892,9.055987
2020-01-22,103.293617,307.886505,18.309999,82.676811,419.189026,72.589996,144.009995,113.912003,1887.459961,9.006823
2020-01-23,101.840439,306.514618,18.780001,81.824974,426.128571,71.879997,142.199997,114.440002,1884.579956,8.987158
2020-01-24,100.861786,306.857574,18.610001,79.869614,417.102295,71.309998,140.080002,112.963997,1861.640015,8.849499
2020-01-27,99.092278,295.049713,18.450001,80.953773,412.443573,72.019997,135.899994,111.603996,1828.339966,8.741339
2020-01-28,99.260338,295.735657,18.68,81.370003,410.987701,71.800003,138.369995,113.379997,1853.25,8.820001
2020-01-29,98.696854,291.081085,18.68,81.854019,399.826111,71.139999,136.059998,116.197998,1858,8.86
2020-01-30,97.06575,286.818512,18.549999,80.314896,404.048096,70.18,137.809998,128.162003,1870.680054,8.84
2020-01-31,95.197395,288.141357,17.959999,80.256821,389.198364,70.480003,138.309998,130.113998,2008.719971,8.82
2020-02-03,98.133385,279.763184,17.98,81.263535,399.874664,73,141.320007,156,2004.199951,8.98
2020-02-04,100.219231,287.896393,18.42,81.892731,395.604187,70.510002,144.729996,177.412003,2049.669922,9.18
2020-02-05,99.388847,285.005676,18.5,81.389374,387.160217,71.550003,141.369995,146.940002,2039.869995,8.31
2020-02-06,99.121925,283.731781,18.4,80.305214,383.666168,70.089996,142.699997,149.792007,2050.22998,8.25
2020-02-07,98.301437,283.290863,17.969999,80.663368,385.073456,70.169998,141.020004,149.613998,2079.280029,8.11
2020-02-10,98.874794,279.861176,18.15,80.305214,398.515839,70.32,142.589996,154.255997,2133.909912,8.06
2020-02-11,98.874794,281.037048,15.12,81.244179,402.786407,70.769997,141.009995,154.876007,2150.800049,8.1
2020-02-12,101.820671,284.17276,15.45,81.360329,405.746613,69.599998,141.850006,153.457993,2160,8.24
2020-02-13,102.186447,281.478027,15.13,80.982811,401.767273,68.830002,140.899994,160.800003,2149.870117,8.25
2020-02-14,102.3545,283.290863,15.45,80.02449,401.379059,66.639999,139.539993,160.005997,2134.870117,8.1
2020-02-18,100.83213,284.809692,15,80.731133,400.214355,67.07,139.139999,171.679993,2155.669922,8.06
2020-02-19,101.286858,280.204163,14.96,81.302246,412.200928,66.739998,141.300003,183.483994,2170.219971,8
2020-02-20,101.356049,284.956665,14.94,81.040894,409.143585,65.940002,140.369995,179.882004,2153.100098,8.03
2020-02-21,99.102158,282.996857,14.57,79.21138,402.737823,63.93,138.970001,180.199997,2095.969971,7.89
2020-02-24,94.811852,280.204163,14.14,74.768265,402.20401,63.580002,133.009995,166.757996,2009.290039,7.57
2020-02-25,91.836327,259.577118,13.46,73.94545,396.817383,63.939999,128.190002,159.981995,1972.73999,7.23
2020-02-26,90.946617,256.735382,13.04,70.857544,406.717194,60.889999,123.360001,155.759995,1979.589966,7.21
2020-02-27,87.536125,253.942657,12.55,69.695946,397.73938,62.200001,118.040001,135.800003,1884.300049,6.97
2020-02-28,88.601761,253.256744,12.48,72.261139,392.595398,64.160004,117.650002,133.598007,1883.75,6.96
2020-03-02,91.873032,241.399872,12.49,69.221619,374.30014,63.18,119.980003,148.723999,1953.949951,7.2
2020-03-03,90.138268,243.35968,12.2,71.932022,368.864929,64.790001,116.449997,149.102005,1908.98999,6.97
2020-03-04,92.973366,249.974045,12.39,69.279701,373.911926,63.439999,119.18,149.899994,1975.829956,7.08
2020-03-05,89.791321,249.337097,11.73,67.885788,358.965179,63.119999,113.980003,144.908005,1924.030029,6.74
2020-03-06,87.590637,244.780548,11.14,60.809681,359.93573,58.529999,115.269997,140.695999,1901.089966,6.49
2020-03-09,83.377655,235.275452,9.91,63.509514,365.031219,60.330002,104.349998,121.599998,1800.609985,5.9
2020-03-10,87.531174,224.349487,10.29,61.131321,366.244446,57.790001,111.459999,129.065994,1891.819946,6.26
2020-03-11,83.268616,217.441147,9.99,53.947998,373.863403,52.57,105.510002,126.846001,1820.859985,5.9
2020-03-12,73.553925,195.373672,8.75,58.031868,363.526794,56.32,91.809998,112.110001,1676.609985,5.35
2020-03-13,74.921921,170.738846,9.48,54.308628,349.744751,51.68,102.519997,109.323997,1785,5.63
2020-03-16,66.208458,170.81723,8.33,59.142994,328.052521,55.200001,95.010002,89.014,1689.150024,5.01
2020-03-17,69.231903,171.18959,8.96,55.84861,324.946655,54.790001,93.529999,86.040001,1807.839966,5.01
2020-03-18,67.447571,174.423279,7.39,55.634178,320.433533,55.400002,88.800003,72.244003,1830,4.5
2020-03-19,69.727547,165.858902,8.01,51.443096,292.626709,53.060001,94.93,85.528,1880.930054,4.47
2020-03-20,66.862709,175.403183,7.23,44.825089,305.632355,52.900002,85.980003,85.505997,1846.089966,4.33
2020-03-23,62.253201,188.808304,7.14,51.101967,288.841492,57,85.760002,86.858002,1902.829956,4.01
2020-03-24,71.700218,179.146439,8.01,56.579609,302.089783,57.68,98.120003,101,1940.099976,4.95
2020-03-25,78.32206,191.277664,8.24,60.361336,279.475525,60.5,100.730003,107.849998,1885.839966,5.39
2020-03-26,83.565994,208.720001,8.76,56.326199,286.269501,59.32,105.360001,105.632004,1955.48999,5.25
2020-03-27,82.505318,210.336838,8.32,58.236549,301.847107,60.169998,96.400002,102.872002,1900.099976,5.19
2020-03-30,84.636589,204.310425,8.41,52.710171,302.235382,59.18,99.800003,100.426003,1963.949951,5.03
2020-03-31,82.019585,203.281509,8.06,47.446949,329.168671,56.849998,96.599998,104.800003,1949.719971,4.83
2020-04-01,78.540146,202.742569,7.45,47.875801,352.802032,58.91,94.919998,96.311996,1907.699951,4.4
2020-04-02,79.442215,195.491257,6.89,47.641888,352.996155,57.48,96.970001,90.893997,1918.829956,4.36
2020-04-03,78.17337,192.257568,7.48,53.285221,331.595093,60.869999,93.879997,96.001999,1906.589966,4.24
2020-04-06,83.893112,186.476135,8,54.912926,339.699341,60.66,99.580002,103.248001,1997.589966,4.53
2020-04-07,83.427216,196.863129,8.39,56.521133,328.489288,62.110001,101.239998,109.089996,2011.599976,4.71
2020-04-08,84.557289,205.290329,8.64,57.710224,315.095398,61.580002,101.07,109.767998,2043,5.03
2020-04-09,86.034317,214.207474,9.35,56.043545,315.77478,60.09,104.5,114.599998,2042.76001,5.37
2020-04-13,83.724602,219.988922,8.73,58.061111,315.483612,61.43,103.5,130.190002,2168.870117,5.16
2020-04-14,86.708397,221.850739,8.97,54.435333,329.751007,62.07,106.029999,141.977997,2283.320068,5.29
2020-04-15,84.299553,210.973785,8.65,53.460659,334.361206,62.240002,103.370003,145.966003,2307.679932,5.03
2020-04-16,85.548592,207.838089,8.36,56.043545,333.099457,64.440002,102.019997,149.042007,2408.189941,4.94
2020-04-17,89.127159,213.423553,8.89,54.415844,337.175873,63.549999,106.629997,150.778,2375,5.12
2020-04-20,87.134659,215.579346,8.64,51.988911,341.640503,62.049999,102.260002,149.272003,2393.610107,4.98
2020-04-21,84.45816,207.544113,8.52,52.895359,331.934784,62.68,100.540001,137.343994,2328.120117,4.77
2020-04-22,87.997078,204.604385,8.56,52.973328,332.711212,62.060001,100.989998,146.421997,2363.48999,4.77
2020-04-23,86.589439,204.506393,8.74,53.187759,347.463898,62.959999,101,141.126007,2399.449951,4.89
2020-04-24,87.600563,201.958649,8.97,56.248222,349.841797,63.450001,101.190002,145.029999,2410.219971,4.87
2020-04-27,88.591858,201.860657,9.35,57.992886,344.090576,62.919998,106.059998,159.75,2376,5.17
2020-04-28,88.026825,200.978745,9.64,58.753124,347.48233,64.580002,106.209999,153.824005,2314.080078,5.38
2020-04-29,87.303177,208.328033,9.79,56.628342,342.763367,64.25,112.25,160.102005,2372.709961,5.26
2020-04-30,86.420921,205.682281,9.27,54.025974,335.095032,62.73,108.150002,156.376007,2474,5.09
2020-05-01,84.795204,192.257568,8.76,54.308628,345.024536,61.939999,105.5,140.264008,2286.040039,4.92
2020-05-04,85.003365,192.894516,8.71,54.250149,350.972412,63.389999,103.18,152.238007,2315.98999,4.86
2020-05-05,86.440742,196.1772,8.46,54.601032,353.725098,63.950001,101.059998,153.641998,2317.800049,4.97
2020-05-06,87.669945,205.290329,8.23,55.829113,346.499207,64.370003,100.879997,156.516006,2351.26001,4.87
2020-05-07,87.788902,204.114441,8.61,56.755047,332.833862,65.510002,105.57,156.007996,2367.610107,4.87
2020-05-08,89.672363,201.860657,8.94,55.84861,336.717194,65.970001,109.160004,163.884003,2379.610107,5.24
2020-05-11,90.138268,199.606873,8,54.376858,330.720184,65.589996,107.769997,162.257996,2409,5.12
2020-05-12,87.491516,194.805328,7.68,51.423603,339.715729,62.779999,104.559998,161.882004,2356.949951,4.98
2020-05-13,85.271011,187.750015,6.93,54.035721,346.302582,63.66,102.919998,158.192001,2367.919922,4.72
2020-05-14,85.79641,199.800003,6.91,50.643864,343.009155,64.010002,105.910004,160.666,2388.850098,4.89
2020-05-15,86.232574,214.699997,6.91,55.020138,340.993744,64.07,109.050003,159.834,2409.780029,4.9
2020-05-18,90.247307,217.399994,7.3,53.450924,329.392975,63.049999,116.849998,162.725998,2426.26001,5.31
2020-05-19,90.713219,218.699997,7.08,54.562038,325.411377,63.169998,114.370003,161.602005,2449.330078,5.3
2020-05-20,92.140678,217.800003,7.47,54.864193,324.674042,62.740002,119.919998,163.112,2497.939941,5.49
2020-05-21,93.439278,211.899994,7.7,54.230659,344.13974,63.240002,117.830002,165.520004,2446.73999,5.63
2020-05-22,92.933716,221.600006,7.38,58.304775,351.463928,62.18,118.019997,163.376007,2436.879883,5.65
2020-05-26,95.778732,229.199997,7.86,60.605,355.642181,62.970001,120.949997,163.774002,2421.860107,5.84
2020-05-27,99.000435,233.399994,8.51,57.300869,353.774261,64.580002,121.529999,164.046005,2410.389893,6.03
2020-05-28,97.602699,238.5,8.12,54.679005,349.301086,64.760002,116.75,161.162003,2401.100098,5.85
2020-05-29,97.965431,237,7.86,56.599106,355.838837,65.489998,117.300003,167,2442.370117,5.71
2020-06-01,98.919441,239.899994,8.26,57.84668,359.23056,66.75,118.769997,179.619995,2471.040039,5.87
2020-06-02,100.111954,249.199997,8.41,62.378902,367.537903,66.790001,118.75,176.311996,2472.409912,5.9
2020-06-03,103.460953,252.899994,9.19,62.466614,380.269196,66.18,122.18,176.591995,2478.399902,6.19
2020-06-04,100.64859,264.100006,9.3,66.579727,368.668457,67.309998,123.690002,172.876007,2460.600098,6.57
2020-06-05,102.069687,257.600006,9.84,66.34581,372.502625,68.559998,124.82,177.132004,2483,7.34
2020-06-08,103.639832,251,10.22,63.263607,378.45047,68.449997,127.279999,189.983994,2524.060059,7.53
2020-06-09,101.990181,249.300003,9.71,62.409626,386.807007,70.510002,123.889999,188.134003,2600.860107,7.24
2020-06-10,101.48336,233.5,9.42,58.699207,383.464355,67.370003,122.18,205.009995,2647.449951,6.81
2020-06-11,94.576683,237,8.52,60.122513,397.424591,68.290001,112.639999,194.567993,2557.959961,6.13
2020-06-12,95.828842,233.300003,8.68,61.958092,389.412231,69.730003,115.489998,187.056,2545.02002,6.46
2020-06-15,97.230042,238,8.8,64.75563,388.625732,69.349998,117.080002,198.179993,2572.679932,6.5
2020-06-16,98.422569,241.199997,9.28,62.439072,391.67337,71.580002,118.440002,196.425995,2615.27002,6.55
2020-06-17,98.591507,238.800003,8.85,62.3311,368.766815,71.550003,117.650002,198.358002,2640.97998,6.33
2020-06-18,97.836235,235.800003,8.81,62.124966,372.748413,70.980003,118.370003,200.792007,2653.97998,6.33
2020-06-19,95.182884,235.100006,8.6,61.447666,365.178406,71.709999,114.349998,200.179993,2675.01001,6.23
2020-06-22,98.889633,242.300003,8.58,61.536007,370.43808,71.639999,115.919998,198.863998,2713.820068,6.28
2020-06-23,101.284607,235.699997,8.93,57.943378,372.748413,70.650002,116.589996,200.356003,2764.409912,6.15
2020-06-24,99.456078,238.199997,8.58,58.709023,370.929626,71,112.07,192.169998,2734.399902,5.95
2020-06-25,100.76786,236.5,8.67,56.088173,373.633179,69.68,111.360001,197.195999,2754.580078,6.03
2020-06-26,93.086044,230.600006,8.26,59.248898,372.502625,68.720001,109.099998,191.947998,2692.870117,5.91
2020-06-29,95.272324,233,8.88,59.818222,384.05423,69.129997,111.519997,201.869995,2680.379883,6.01
2020-06-30,97.438736,235.100006,8.84,59.484482,374.911285,70.389999,111.510002,215.962006,2758.820068,6.08
2020-07-01,96.792786,243.899994,8.65,60.446442,377.369049,70.230003,113.010002,223.925995,2878.699951,5.98
2020-07-02,97.81636,242.100006,8.68,61.830486,381.154083,70.529999,112.18,241.731995,2890.300049,6.05
2020-07-06,99.326889,246.300003,9,58.728657,382.923645,69.160004,114.43,274.31601,3057.040039,6.19
2020-07-07,96.464836,246,8.6,59.563007,383.906738,69.790001,113.629997,277.971985,3000.120117,6.12
2020-07-08,98.223808,237,8.64,57.197372,384.98822,71.529999,116.660004,273.175995,3081.110107,6.09
2020-07-09,96.385338,236.100006,8.29,59.621902,395.065155,73.940002,116.809998,278.855988,3182.629883,5.84
2020-07-10,97.379105,233.399994,8.63,58.944603,390.002106,74.360001,119.339996,308.929993,3200,6.1
2020-07-13,95.85865,240.800003,8.46,59.131107,397.178833,74.519997,116.220001,299.411987,3104,6.06
2020-07-14,96.156776,236.699997,8.49,61.506561,398.41568,76.830002,118.660004,303.359985,3084,6.36
2020-07-15,97.925674,238.100006,9.18,61.172821,395.595642,76.800003,120.900002,309.201996,3008.870117,6.74
2020-07-16,96.653664,238.699997,9.19,58.620678,396.733582,76.080002,119.43,300.127991,2999.899902,6.86
2020-07-17,95.679764,237.5,9.13,56.863628,396.486206,78.18,118.650002,300.167999,2961.969971,6.8
2020-07-20,95.053696,240.800003,8.82,58.571598,404.055725,77.309998,117.790001,328.600006,3196.840088,6.66
2020-07-21,97.746803,245,9.44,58.591228,400.394623,77.349998,118.620003,313.671997,3138.290039,6.68
2020-07-22,98.293373,244.699997,9.42,59.032948,407.716797,76.419998,119.029999,318.466003,3099.909912,6.84
2020-07-23,97.68718,242.600006,9.78,58.797367,403.857819,76.459999,118.120003,302.614014,2986.550049,6.98
2020-07-24,97.81636,239.800003,9.83,59.700428,405.93576,78.529999,117.610001,283.399994,3008.909912,6.88
2020-07-27,96.603966,238.600006,9.95,59.690617,408.458923,77.620003,116.309998,307.920013,3055.209961,6.93
2020-07-28,95.66983,238.899994,10.03,60.770367,405.638947,78.349998,116.18,295.298004,3000.330078,7.01
2020-07-29,96.365463,242.199997,10.33,59.386322,399.751495,78.519997,115.610001,299.821991,3033.530029,6.92
2020-07-30,96.2164,233.300003,10.18,59.248898,399.355713,77.959999,115.660004,297.497986,3051.879883,6.74
2020-07-31,97.001472,236.199997,9.49,58.709023,394.903046,81.269997,116.940002,286.152008,3164.679932,6.61
2020-08-03,97.716995,236.800003,8.79,58.385098,397.178833,83.370003,116.349998,297,3111.889893,6.69
2020-08-04,96.723221,236.699997,8.94,60.799809,381.000763,81.25,117.290001,297.399994,3138.830078,6.86
2020-08-05,100.310722,239.100006,9.44,58.875893,383.078674,80.470001,127.610001,297.003998,3205.030029,6.96
2020-08-06,99.823769,245.199997,9.04,60.151958,369.918549,80.029999,130.820007,297.915985,3225,6.93
2020-08-07,101.224991,243.899994,9.2,62.831711,362.893219,80.050003,129.929993,290.541992,3167.459961,6.86
2020-08-10,104.752853,254.800003,9.6,63.273426,368.384857,79.330002,128.789993,283.713989,3148.159912,7.09
2020-08-11,104.464661,263,9.8,62.54705,367.741669,80.739998,130.490005,274.877991,3080.669922,7.23
2020-08-12,104.564034,262,9.77,62.655025,372.144897,82.669998,131.789993,310.951996,3162.23999,7.11
2020-08-13,105.855927,268.100006,9.66,63.057472,370.066956,82.93,130.960007,324.200012,3161.02002,7.03
2020-08-14,105.766495,267.200012,9.6,61.958092,370.066956,83.449997,130.529999,330.141998,3148.02002,7.04
2020-08-17,105.001289,267.700012,9.41,60.897972,367.642731,82.980003,129.369995,367.127991,3182.409912,6.98
2020-08-18,106.303131,267.100006,9.23,60.26976,378.675476,81.099998,128.919998,377.417999,3312.48999,6.89
2020-08-19,107.714264,263.600006,9.02,59.877117,387.086121,79.410004,127.769997,375.705994,3260.47998,6.87
2020-08-20,107.336639,260,8.79,60.524967,387.086121,78.75,128.119995,400.365997,3297.370117,6.84
2020-08-21,109.065788,255.699997,8.77,64.76545,381.990234,79.769997,127.440002,409.996002,3284.719971,6.66
2020-08-24,111.132835,260.600006,9.19,63.253792,383.672363,79.370003,130.690002,402.839996,3307.459961,6.98
2020-08-25,110.814819,258,9.11,62.880791,381.990234,81.120003,129.789993,404.667999,3346.48999,6.94
2020-08-26,110.834702,257.799988,8.89,65.393669,383.128174,80.419998,132.179993,430.634003,3441.850098,6.82
2020-08-27,110.148994,257.799988,8.96,66.689369,379.318634,79.389999,133.729996,447.75,3400,6.91
2020-08-28,111.837166,252.800003,9.14,64.53968,381.396576,78.639999,135.539993,442.679993,3401.800049,6.94
2020-08-31,111.438774,256.5,8.85,65.334763,389.312469,79.5,131.869995,498.320007,3450.959961,6.82
2020-09-01,114.376869,253.199997,9.17,67.150726,392.874573,79.489998,133.550003,475.049988,3499.120117,6.83
2020-09-02,116.328979,265.399994,9.38,67.27832,398.762024,77.379997,135.389999,447.369995,3531.449951,6.95
2020-09-03,112.394897,271.200012,9.38,66.964211,396.78302,77.660004,133.240005,407,3368,6.82
2020-09-04,111.946724,264.899994,9.32,67.121262,392.181946,76.010002,131.990005,418.320007,3294.620117,6.9
2020-09-08,112.265427,264.600006,9.74,67.220123,388.66925,77.480003,134.199997,330.209991,3149.840088,7.03
2020-09-09,114.436638,264.799988,9.36,67.605644,392.528259,76.5,133.360001,366.279999,3268.610107,6.97
2020-09-10,114.32708,259.899994,9.48,69.226837,402.967316,77.019997,133.220001,371.339996,3175.110107,6.91
2020-09-11,117.524132,270.799988,9.9,72.370361,404.105225,77.720001,131.75,372.720001,3116.219971,7
2020-09-14,118.798973,273,10.3,73.932243,398.613586,76.459999,131.25,419.619995,3102.969971,7.12
2020-09-15,118.789009,275.700012,10.25,75.563324,404.501007,76.989998,131.240005,449.76001,3156.129883,7.04
2020-09-16,118.111755,277.399994,10.7,73.734535,400.147278,77.610001,132.089996,441.76001,3078.100098,7.02
2020-09-17,115.890747,284.100006,10.44,71.30275,399.800934,78.959999,130.220001,423.429993,3008.72998,7.28
2020-09-18,114.197609,277.5,10.06,67.902206,400.097809,78.269997,128.630005,442.149994,2954.909912,7.23
2020-09-21,112.912804,281,9.36,68.485435,412.218994,78.699997,125.410004,449.390015,2960.469971,6.87
2020-09-22,116.398689,273,9.53,68.277847,415.830597,77.330002,127.209999,424.230011,3128.98999,6.78
2020-09-23,126.597397,271.5,10,68.574409,419.541168,77.779999,123.279999,380.359985,2999.860107,6.64
2020-09-24,124.24691,285.700012,9.67,69.730988,421.668549,77.260002,122.489998,387.790009,3019.790039,6.66
2020-09-25,123.729012,277.799988,9.82,70.373535,415.583221,77.279999,124,407.339996,3095.129883,6.51
2020-09-28,123.818649,275,10.04,68.861084,409.497925,77.480003,125.989998,421.200012,3174.050049,6.69
2020-09-29,125.840454,282.100006,9.77,69.444313,391.39032,76.75,125.400002,419.070007,3144.879883,6.6
2020-09-30,125.033722,280.399994,9.84,70.759064,386.937653,76.449997,124.080002,429.01001,3148.72998,6.66
2020-10-01,126.129288,277.899994,10.35,71.698158,395.892517,74,123.309998,448.160004,3221.26001,6.75
2020-10-02,126.129288,277.200012,10.54,74.050873,397.574615,75.07,122.550003,415.089996,3125,6.89
2020-10-05,127.394173,275,10.59,73.803741,395.991455,73.540001,123.370003,425.679993,3199.199951,7.02
2020-10-06,127.135216,273.299988,10.2,76.077354,401.6315,73.370003,120.93,413.980011,3099.959961,6.98
2020-10-07,129.535492,273.600006,10.61,77.431648,405.638947,74.129997,122.910004,425.299988,3195.689941,7.23
2020-10-08,129.186905,275,10.96,76.719902,395.19986,74.550003,123.089996,425.920013,3190.550049,7.35
2020-10-09,130.451782,276.600006,10.97,76.976921,405.391541,74.589996,124.980003,434,3286.649902,7.25
2020-10-12,128.937912,277.299988,11.06,75.938965,403.363098,74.690002,124.970001,442.299988,3442.929932,7.67
2020-10-13,128.67897,285.200012,11.11,74.871353,408.211548,74.410004,128.960007,446.649994,3443.629883,7.76
2020-10-14,127.14518,286.299988,10.93,76.848412,406.875793,73.269997,126.589996,461.299988,3363.709961,7.57
2020-10-15,128.479767,285.5,11.26,74.950432,406.430511,72.669998,127.360001,448.880005,3338.649902,7.62
2020-10-16,127.483803,276.399994,11.3,71.708046,402.917847,72.93,126.809998,439.670013,3272.709961,7.67
2020-10-19,126.916107,282.100006,11.56,71.540009,407.56842,75.57,124.230003,430.829987,3207.209961,7.59
2020-10-20,127.971832,284,11.78,71.915642,413.851624,74.639999,124.949997,421.940002,3217.01001,7.74
2020-10-21,128.90802,283.5,12.11,73.111763,412.367432,74.599998,126.629997,422.640015,3184.939941,7.85
2020-10-22,129.495667,279.5,12.43,73.971786,407.865265,75.43,127.559998,425.790009,3176.399902,8.21
2020-10-23,129.46579,281.200012,12.74,72.904175,398.762024,76.199997,128.350006,420.630005,3204.399902,8.16
2020-10-26,127.85231,283.799988,12.23,71.549881,428.05072,77.470001,124.059998,420.279999,3207.040039,8.03
2020-10-27,127.473846,273.700012,11.93,67.605644,427.753876,81.599998,123.309998,424.679993,3286.330078,7.92
2020-10-28,121.587685,269.700012,11.66,68.070259,425.675964,83.43,118.470001,406.019989,3162.780029,7.7
2020-10-29,122.36454,256,12.04,66.429291,423.301208,83.660004,121.540001,410.829987,3211.01001,7.9
2020-10-30,119.595741,259.799988,12.23,67.981285,422.70755,85.5,121.25,388.040009,3036.149902,7.73
2020-11-02,121.896423,254,12.78,69.938576,423.499115,86.410004,120.129997,400.51001,3004.47998,7.71
2020-11-03,124.087547,260.600006,13.01,68.781998,417.314819,86.410004,124.019997,423.899994,3048.409912,7.88
2020-11-04,126.826469,267,12.77,70.620674,414.445343,90.389999,125.07,420.980011,3241.159912,7.64
2020-11-05,129.176956,264.100006,13.18,69.207069,397.920929,89.389999,126.959999,438.089996,3322,7.99
2020-11-06,128.380173,275.5,13.03,76.917603,399.553589,86.610001,127.459999,429.950012,3311.370117,7.79
2020-11-09,128.429962,273.299988,13.52,76.640823,398.069336,85.910004,142.589996,421.26001,3143.73999,8.2
2020-11-10,127.194969,296,13.27,76.10701,401.384125,88.089996,142.110001,410.359985,3035.02002,8.38
2020-11-11,127.14518,281.899994,12.82,75.28653,404.649445,87.110001,137.820007,417.130005,3137.389893,8.33
2020-11-12,126.129288,274.799988,12.61,78.598114,417.364288,89.720001,135.520004,411.76001,3110.280029,8.21
2020-11-13,127.76268,275,13.15,81.336342,432.157104,90.449997,138.360001,408.5,3128.810059,8.54
2020-11-16,129.585297,270.100006,13.86,84.133888,430.920227,89.709999,144.669998,408.089996,3131.060059,8.8
2020-11-17,131.676834,278.5,14.17,84.578728,463.919525,88.25,144.5,441.609985,3135.659912,8.75
2020-11-18,131.099167,274.399994,14.37,83.985611,469.01535,88.849998,143.899994,486.640015,3105.459961,8.82
2020-11-19,131.378036,282.899994,14.69,83.896637,482.274445,89.980003,141.720001,499.269989,3117.02002,8.82
2020-11-20,132.44371,281.799988,14.64,85.557381,467.877472,89.790001,141.070007,489.609985,3099.399902,8.74
2020-11-23,133.589096,280.100006,14.5,87.73214,464.810059,90.800003,145.979996,521.849976,3098.389893,8.86
2020-11-24,134.156784,280,14.93,86.565674,472.28064,93.230003,151.490005,555.380005,3118.060059,9.45
2020-11-25,134.993393,279.200012,14.82,84.736893,470.004852,94.07,149.089996,574,3185.070068,9.08
2020-11-27,133.708603,279.100006,14.71,82.443497,481.037567,93.290001,147.130005,585.76001,3195.340088,9.09
2020-11-30,134.156784,273.399994,14.55,83.837326,483.511292,94.68,148.009995,567.599976,3168.040039,9.08
2020-12-01,134.893799,275.799988,14.69,84.499641,487.37027,92.620003,149.440002,584.76001,3220.080078,9.24
2020-12-02,135.033234,269.399994,14.51,85.231155,487.320801,93.830002,153.610001,568.820007,3203.530029,9.2
2020-12-03,136.407669,271,14.97,88.127556,489.646088,94.400002,153.240005,593.380005,3186.72998,9.21
2020-12-04,136.911652,272.100006,14.83,87.2873,489.00296,93.360001,154.139999,599.039978,3162.580078,9.34
2020-12-07,138.468491,274,15,88.236298,490.536621,93.370003,153.679993,641.76001,3158,9.22
2020-12-08,138.837723,273.100006,15.21,87.600136,490.783997,94.129997,153.720001,649.880005,3177.290039,9.25
2020-12-09,138.508392,274.200012,15.39,86.377533,477.821777,94.089996,154.429993,604.47998,3104.199951,9.45
2020-12-10,137.300858,278.799988,15.39,86.138985,493.570313,94.68,154.690002,627.070007,3101.48999,9.12
2020-12-11,137.13121,281.100006,15.1,85.234451,494.663269,93.370003,175.720001,609.98999,3116.419922,9.02
2020-12-14,136.003494,282.899994,14.97,86.725433,494.812286,94.150002,169.300003,639.830017,3156.969971,8.91
2020-12-15,139.107178,282.200012,15.45,85.850723,489.099121,95.110001,173.940002,633.25,3165.120117,9.15
2020-12-16,138.059311,288.200012,15.29,86.02964,490.539825,97.019997,173.119995,622.77002,3240.959961,9.04
2020-12-17,140.214935,290.100006,15.23,84.369675,491.285034,98.709999,173.550003,655.900024,3236.080078,9.08
2020-12-18,137.001465,290.100006,15.1,84.41938,494.812286,99.400002,172.889999,695,3201.649902,8.95
2020-12-21,143.727798,295.100006,15.09,82.381699,497.793091,97.459999,170.690002,649.859985,3206.179932,8.93
2020-12-22,142.16098,295.100006,14.68,83.763344,497.19693,97.459999,170.449997,640.340027,3206.52002,8.79
2020-12-23,141.472366,289.100006,15.09,83.395576,505.940613,96.839996,173.550003,645.97998,3185.27002,8.99
2020-12-24,141.312714,290.100006,15.05,84.936249,503.95343,97.949997,173.729996,661.77002,3172.689941,8.86
2020-12-28,142.141006,293,14.96,84.250404,501.767487,100.43,178.860001,663.690002,3283.959961,8.89
2020-12-29,141.282776,298,14.65,85.632042,499.680939,100.779999,177.300003,665.98999,3322,8.82
2020-12-30,141.29274,299.200012,15.08,84.8965,496.352356,101.099998,181.169998,694.780029,3285.850098,8.86
2020-12-31,141.182968,298.5,14.88,84.608238,487.062256,100.07,181.179993,705.669983,3256.929932,8.79
2021-01-04,139.81575,294.399994,15.06,84.816978,489.148773,103.110001,177.679993,729.77002,3186.629883,8.52
2021-01-05,140.943451,294.799988,15.45,86.954048,492.924469,101.080002,178.440002,735.109985,3218.51001,8.65
2021-01-06,142.061188,292.299988,15.51,87.749237,493.272247,102,179.119995,755.97998,3138.379883,8.84
2021-01-07,144.655899,291.899994,15.59,87.321823,500.773895,103.989998,178.580002,816.039978,3162.159912,9.06
2021-01-08,146.05307,295.600006,15.25,86.556458,509.517548,103.839996,178.690002,880.02002,3182.699951,9
2021-01-11,146.751648,293.100006,15.52,87.023628,509.815613,104.029999,179.089996,811.190002,3114.209961,9.3
2021-01-12,144.755707,289.299988,16.33,85.055527,507.62973,103.889999,175.990005,849.440002,3120.830078,9.78
2021-01-13,142.749771,289.100006,15.91,84.87661,508.822021,103.419998,176.119995,854.409973,3165.889893,9.78
2021-01-14,141.013321,289.700012,15.95,83.405518,502.959839,102.050003,173.429993,845,3127.469971,10.17
2021-01-15,140.434494,281.600006,15.59,81.457291,499.084778,102.230003,171.440002,826.159973,3104.25,9.83
2021-01-19,138.987427,293.299988,15.56,81.835014,512.001526,102.889999,172.259995,844.549988,3120.76001,10.02
2021-01-20,142.510269,291.799988,15.97,83.663948,521.937561,102.550003,173.639999,850.450012,3263.379883,10.86
2021-01-21,141.322678,285.100006,16.110001,83.355812,519.056152,101.110001,171.279999,844.98999,3306.98999,11.53
2021-01-22,139.067276,285.600006,15.89,84.300095,512.498352,99.279999,172.779999,846.640015,3292.22998,11.52
2021-01-25,137.27092,284.600006,15.94,84.618172,508.822021,99.709999,171.889999,880.799988,3294,11.29
2021-01-26,134.825897,271.5,15.87,78.674133,504.748291,97,169.559998,883.090027,3326.129883,11.19
2021-01-27,130.754166,277.399994,14.77,78.892807,490.788239,97.650002,163.029999,864.159973,3232.580078,10.79
2021-01-28,134.446655,269.399994,15.17,76.407837,496.451721,95.709999,171.880005,835.429993,3237.620117,10.72
2021-01-29,133.318954,268.299988,14.97,78.147316,487.906769,98.529999,168.169998,793.530029,3206.199951,10.53
2021-02-01,135.434662,263.399994,15.41,79.787392,504.450226,99.239998,170.970001,839.809998,3342.879883,10.83
2021-02-02,139.306778,265.899994,16,78.574738,504.350861,111.309998,176.960007,872.789978,3380,10.86
2021-02-03,138.34874,278.600006,16.790001,80.870842,508.225891,110.879997,176.429993,854.690002,3312.530029,11.2
2021-02-04,140.344681,275,17.360001,81.367836,498.687317,116.709999,180.229996,849.98999,3331,11.37
2021-02-05,144.815582,275.899994,17.74,81.208794,504.748291,115.620003,181.160004,852.22998,3352.149902,11.51
2021-02-08,143.119034,275,17.700001,80.562706,503.158539,112.639999,190,863.419983,3322.939941,11.56
2021-02-09,141.502304,278,17.540001,80.443428,513.690674,113.309998,188.210007,849.460022,3305,11.93
2021-02-10,142.170959,284.399994,18.76,80.006073,495.110382,113.970001,189.630005,804.820007,3286.580078,11.76
2021-02-11,143.248764,283.200012,19.209999,79.031967,504.450226,113.529999,190.910004,811.659973,3262.129883,11.45
2021-02-12,141.831635,292.299988,18.84,80.393723,521.540161,114.970001,187.669998,816.119995,3277.709961,11.45
2021-02-16,141.422485,290.399994,18.620001,79.041901,521.1427,114.919998,186.350006,796.219971,3268.949951,11.54
2021-02-17,143.697861,292.5,18.67,79.111481,521.738831,113.519997,186.440002,798.150024,3308.639893,11.48
2021-02-18,144.795624,297,18.51,79.916618,525.315796,115.540001,183,787.380005,3328.22998,11.43
2021-02-19,141.731857,291.799988,18.959999,80.32415,524.520935,113.279999,183.649994,781.299988,3249.899902,11.58
2021-02-22,136.3927,288.5,18.540001,79.240707,533.562683,112.43,191.759995,714.5,3180.73999,11.7
2021-02-23,135.853806,295.799988,18.299999,81.467232,526.110657,109.599998,197.089996,698.840027,3194.5,11.62
2021-02-24,135.374771,293.299988,18.299999,79.5886,528.097839,107.080002,197.509995,742.02002,3159.530029,12.27
2021-02-25,135.264984,291.700012,18.1,78.654243,525.911926,105.809998,190.979996,682.219971,3057.159912,11.76
2021-02-26,134.779999,289.100006,18.200001,80.681984,532.469727,108.080002,189.039993,675.5,3092.929932,11.7
2021-03-01,137.649994,290.299988,18.950001,81.695854,536.344727,105.769997,194.979996,718.429993,3146.139893,11.98
2021-03-02,137.020004,288.299988,19.02,80.7118,531.575439,104.519997,193.940002,686.440002,3094.530029,12.55
2021-03-03,134.259995,292.200012,19.27,77.232841,530.581848,101.839996,192.259995,653.200012,3005,12.17
2021-03-04,132.039993,290.299988,18.969999,78.29641,538.331909,104.139999,188.029999,621.440002,2977.570068,11.93
2021-03-05,133.350006,288.399994,18.74,81.010002,539.424927,100.25,189.990005,597.950012,3000.459961,12.27
2021-03-08,134.559998,283.899994,19.110001,79.5,535.947327,101.519997,201.910004,563,2951.949951,12.65
2021-03-09,135.949997,275,18.709999,79.669998,529.389526,100.989998,194.509995,673.580017,3062.850098,12.57
2021-03-10,137.589996,273.700012,18.860001,79.5,527.601074,103.199997,195.059998,668.059998,3057.639893,12.91
2021-03-11,141.190002,279.299988,19.040001,79.089996,521.639465,104.559998,196.75,699.599976,3113.590088,12.81
2021-03-12,140.449997,295,19.450001,79.769997,533.661987,105.389999,197.160004,693.72998,3089.48999,13.37
2021-03-15,144.940002,299.799988,20.190001,75.919998,535.8479,106.559998,196.759995,707.940002,3081.679932,13.2
2021-03-16,144.649994,299.399994,19.5,78.349998,540.319153,105.93,194.240005,676.880005,3091.860107,12.49
2021-03-17,144.820007,294.799988,19.25,79.300003,530.482544,105.339996,195.240005,701.809998,3135.72998,12.69
2021-03-18,143.169998,293.399994,19.42,79.629997,519.851013,105.260002,192.279999,653.159973,3027.98999,12.49
2021-03-19,137.490005,288.200012,19.25,79.82,531.476135,106.889999,191.139999,654.869995,3074.959961,12.83
2021-03-22,138.270004,286.700012,19.43,76.459999,537.239014,105.110001,192.860001,670,3110.870117,12.85
2021-03-23,137.119995,280.299988,18.58,76.660004,549.460266,102.349998,188.729996,662.159973,3137.5,12.21
2021-03-24,133.160004,280.899994,18.139999,78.110001,560.886658,102.650002,184.720001,630.27002,3087.070068,12.14
2021-03-25,128.639999,277.399994,18.32,80.209999,559.793701,105.419998,186.910004,640.390015,3046.26001,12.32
2021-03-26,132.990005,279.299988,18.309999,78.779999,554.626953,106.599998,185.919998,618.710022,3052.030029,12.3
2021-03-29,133.490005,262.200012,17.65,80.129997,556.713501,104.510002,184.850006,611.289978,3075.72998,12.15
2021-03-30,132.949997,261.100006,17.9,79.919998,564.562988,106.010002,185.529999,635.619995,3055.290039,12.46
2021-03-31,132.889999,263.700012,18.459999,79.489998,562.67511,106.860001,184.520004,667.929993,3094.080078,12.25
2021-04-01,132.529999,264.600006,18.27,83.110001,553.832092,111.389999,188.970001,661.75,3161,12.17
2021-04-05,135.119995,266.600006,18.879999,83.68,553.03717,109.900002,188.5,691.049988,3226.72998,12.7
2021-04-06,137.160004,270.700012,19.1,83.980003,550.652588,110.860001,189.729996,691.619995,3223.820068,12.92
2021-04-07,136.539993,275.149994,18.82,83.110001,549.857727,109.82,187.559998,670.969971,3279.389893,12.73
2021-04-08,133.679993,274.149994,18.98,84.940002,552.043579,111.790001,187.320007,683.799988,3299.300049,12.51
2021-04-09,135.449997,276.950012,19.18,85.400002,551.348083,111.389999,187.889999,677.02002,3372.199951,12.51
2021-04-12,136.639999,279.950012,19.190001,83.839996,551.348083,111.879997,186.490005,701.97998,3379.389893,12.38
2021-04-13,133.539993,282.100006,18.559999,83.980003,569.829041,111.779999,185.490005,762.320007,3400,12.2
2021-04-14,132.259995,281.399994,18.43,84.010002,564.463562,112.769997,187.460007,732.22998,3333,12.24
2021-04-15,133.669998,276.899994,18.309999,84.739998,568.040588,111.099998,185.929993,738.849976,3379.090088,12.24
2021-04-16,134.309998,275.049988,18.42,83.980003,573.10791,109.980003,187.259995,739.780029,3399.439941,12.23
2021-04-19,132.570007,277.299988,18.07,84.550003,573.505371,108.610001,187.429993,714.630005,3372.01001,12.11
2021-04-20,127.110001,277.25,17.790001,87,582.348328,108.440002,182.789993,718.98999,3334.689941,11.45
2021-04-21,129.899994,277.600006,18.73,86.389999,584.534302,108.940002,183.110001,744.119995,3362.02002,11.73
2021-04-22,129.179993,271.049988,19.02,88.379997,585.925354,109.940002,182.759995,719.690002,3309.040039,11.94
2021-04-23,130.190002,271.649994,19.26,87.800003,590.992676,108.919998,183.020004,729.400024,3340.879883,12.22
2021-04-26,131.600006,268.700012,19.52,89.139999,607.88385,106.669998,184.270004,738.200012,3409,12.27
2021-04-27,132.110001,266.549988,19.91,89.32,612.752502,104.489998,184.639999,704.73999,3417.429932,12.49
2021-04-28,130.710007,265.450012,19.77,88.790001,625.967346,104.849998,183.389999,694.400024,3458.5,12.43
2021-04-29,133.259995,263.299988,20.09,87.660004,620.900024,100.160004,185.330002,677,3471.310059,11.26
2021-04-30,132.619995,262.700012,19.91,89.830002,605.299988,99.370003,186.020004,709.440002,3467.419922,11.54
2021-05-03,133.029999,260.75,19.879999,90.050003,624.599976,96.790001,185.509995,684.900024,3386.48999,11.63
2021-05-04,131.550003,258.899994,19.719999,88.519997,632,97.629997,184.25,673.599976,3311.870117,11.41
2021-05-05,132.210007,254.699997,21.129999,,628.099976,,181.509995,670.940002,3270.540039,11.61
,,,,,625.799988,,,,,
,,,,,632.700012,,,,,
,,,,,633.200012,,,,,
,,,,,635.700012,,,,,
,,,,,626.200012,,,,,
,,,,,630.599976,,,,,
,,,,,618.900024,,,,,
,,,,,631.799988,,,,,
