Date,Open,High,Low,Close,Adj Close,Rendimiento,IPC ,Rendimiento,Correlacion,Volume
2019-01-08,251.5,262.5,250.100006,258.549988,246.703079,0,43542.871094,0,0,742574
2019-01-09,261.75,266.200012,261.350006,261.549988,249.565613,0.011603154738089,43648.070313,0.00241599178825143,0,646844
2019-01-10,259.5,261.100006,257.649994,259.149994,247.275589,-0.009176039809619,43668.949219,0.000478346599294835,1,666326
2019-01-11,261,262.200012,256.700012,258.299988,246.464523,-0.003280008363462,43556.109375,-0.00258398349440719,0.596519030797248,525969
2019-01-14,254.550003,254.550003,249.100006,251.699997,240.166977,-0.025551531406409,43397.980469,-0.00363046443470361,0.803877264663613,678686
2019-01-15,253.949997,254.699997,249.699997,250.800003,239.308197,-0.003575762208141,43603.621094,0.00473848374458099,0.62850881929634,600204
2019-01-16,252,252.699997,248.649994,248.949997,237.542953,-0.007376446031224,43819.53125,0.00495165655014161,0.510060908525041,615045
2019-01-17,248,248.699997,245.5,246.550003,235.252945,-0.009640395436189,43932.078125,0.002568418049885,0.479432100142039,784017
2019-01-18,247.699997,254.5,247.100006,253.399994,241.789047,0.027783295125168,44241.539063,0.00704407692983444,0.677231355360908,1129978
2019-01-21,254,257.850006,253.300003,257.25,245.462646,0.01519340534892,44028.960938,-0.00480494416564687,0.327938607719318,483650
2019-01-22,256,258.450012,255.199997,257.100006,245.319534,-0.000583029647615,43768.078125,-0.005925254819603,0.285336577513328,560124
2019-01-23,255.100006,259.450012,254.350006,257.350006,245.55809,0.000972429696528,43679.671875,-0.00201987964259054,0.275450631125107,544760
2019-01-24,257.049988,259.5,254.850006,257.850006,246.035156,0.001942782662954,43566.109375,-0.00259989361469992,0.260289550446901,538318
2019-01-25,259.899994,262.549988,258.950012,261.100006,249.136246,0.012604255629224,43638.621094,0.00166440657750384,0.278304183658714,774671
2019-01-28,259.5,259.600006,256.700012,258.649994,246.798508,-0.009383371699355,43626.148438,-0.000285816913718208,0.278693297334806,546032
2019-01-29,256.75,262,255.75,259.75,247.848083,0.004252760717662,43700.101563,0.00169515594770186,0.284941396923217,681987
2019-01-30,271,279.450012,270.049988,277.600006,264.880219,0.068720063491474,43631.359375,-0.00157304412441456,0.0669674186030697,1701345
2019-01-31,280,280,275.049988,279.75,266.931702,0.00774494602785,43987.941406,0.00817260878661308,0.0762786188345666,1018807
2019-02-01,282.5,285.649994,281.149994,284.649994,271.607178,0.01751562652532,43738.269531,-0.00567591633115035,0.0185535703396082,1008099
2019-02-04,284.600006,284.600006,280.299988,282.600006,269.651123,-0.007201779475799,44337.101563,0.0136912602720958,-0.0742213008919811,611878
2019-02-05,282.700012,292.25,281.600006,291.149994,277.809326,0.03025465983318,43855.789063,-0.0108557502189467,-0.195383424358908,936779
2019-02-06,288,290.799988,286.350006,288.100006,274.899109,-0.010475591449367,43624.550781,-0.0052726968762965,-0.147631091689772,663981
2019-02-07,287.049988,290.700012,282.649994,283.399994,270.414429,-0.016313912461608,43180.449219,-0.010180083325773,-0.0477253428522841,771808
2019-02-08,282.200012,286.399994,281.5,283.549988,270.557556,0.000529287584724,43285.171875,0.00242523312967107,-0.0515459636865082,675564
2019-02-11,286.399994,289.799988,285.149994,288.299988,275.089935,0.016751995645614,43113.789063,-0.00395938850595135,-0.0682432997072754,577207
2019-02-12,285.200012,295.950012,285.200012,294.799988,281.292084,0.022545895763144,42284.058594,-0.0192451298536427,-0.159332964247023,956591
2019-02-13,296.049988,298.899994,294.5,294.649994,281.148956,-0.00050882341929,42725.21875,0.0104332500395929,-0.17053787145176,615149
2019-02-14,298.899994,299.700012,290.649994,290.850006,277.523102,-0.012896558648434,42988.71875,0.00616731775071368,-0.199627720895144,757985
2019-02-15,289.549988,297.399994,288.850006,294.200012,280.719574,0.011517859151056,42981.308594,-0.000172374432536399,-0.198563881749098,652357
2019-02-18,294.850006,296.5,293.649994,295.100006,281.578339,0.003059156110005,42949.5,-0.00074005643477412,-0.198380500609281,315942
2019-02-19,295.549988,297.299988,292.600006,297.25,283.629852,0.007285762844137,43178,0.00532020163214939,-0.191738432199864,549831
2019-02-20,297.100006,299.100006,293.700012,296.600006,283.009613,-0.002186790267761,43577.640625,0.00925565392097828,-0.203077264105677,445663
2019-02-21,296.200012,298.700012,295.5,296.950012,283.343567,0.001180009387172,43738.660156,0.00369500341667472,-0.205353928307759,399174
2019-02-22,297.950012,300.100006,297.049988,299.75,286.015289,0.009429266484811,43664.328125,-0.00169945834497176,-0.207315220551514,454451
2019-02-25,302,304.299988,301.399994,302.899994,289.020935,0.010508689974262,43623.328125,-0.000938981584295247,-0.208507397767088,546542
2019-02-26,301.149994,305,300.149994,304.25,290.309052,0.004456829398881,43311.179688,-0.00715553925884703,-0.204200969438006,519944
2019-02-27,303.700012,304.25,300.899994,302.399994,288.543854,-0.006080409783433,42823.808594,-0.0112527780935745,-0.16468744012467,456142
2019-02-28,300.049988,303.950012,300,302,288.162201,-0.001322686290868,42619.230469,-0.00477720529109275,-0.157162599601783,607811
2019-03-01,305,310.350006,304.5,306.600006,292.551392,0.015231668084046,42418.488281,-0.00471013168916829,-0.166587243844288,698031
2019-03-04,309.700012,310.649994,307.549988,308,293.887268,0.004566295141744,42128.910156,-0.00682669601711637,-0.164637192072513,502921
2019-03-05,307,309.950012,305.649994,309,294.841431,0.003246697301633,41908.148438,-0.00524014785055057,-0.162211408286223,487960
2019-03-06,308.299988,309.649994,305.799988,306.899994,292.837646,-0.006796144602893,41641.839844,-0.00635457790252839,-0.144999496576582,579273
2019-03-07,306.5,308.350006,304.649994,306.049988,292.026611,-0.002769572188133,41586.699219,-0.00132416399483235,-0.144198374985999,552136
2019-03-08,302.200012,307.100006,301.700012,305.799988,291.788055,-0.000816898155901,41876.171875,0.00696070285539144,-0.15077965072557,617703
2019-03-11,308.549988,309.5,303.950012,306.399994,292.360535,0.001961972021096,41740.621094,-0.00323694299002822,-0.149381619281737,522688
2019-03-12,306.700012,309.399994,305.850006,308.600006,294.459778,0.007180322747733,41932.558594,0.00459833838044135,-0.143927182950539,502289
2019-03-13,306.899994,312.799988,306.75,310.5,296.272705,0.006156789943651,41777.808594,-0.00369044974093574,-0.144981830550156,580282
2019-03-14,310.5,316.149994,308.350006,315.600006,301.139038,0.01642518165823,42210.460938,0.0103560325100951,-0.108305909274705,672763
2019-03-15,316.850006,321.450012,315.799988,318.600006,304.001556,0.009505635732289,42378.609375,0.00398357263255156,-0.1023033513849,1505617
2019-03-18,316.850006,318.850006,316.100006,317.149994,302.61795,-0.004551312230783,43156.210938,0.0183489164573371,-0.128500727799674,427060
2019-03-19,318,321.350006,317.700012,320.299988,305.623657,0.009932348692468,43251.191406,0.00220085280740829,-0.125441289227872,561345
2019-03-20,320,321.700012,317.950012,318.200012,303.619904,-0.006556275844837,42259.121094,-0.0229374100400474,-0.0671979156505915,476596
2019-03-21,320.200012,321.549988,316,317.799988,303.23819,-0.001257210067493,42703.378906,0.0105127082745474,-0.0764718823386824,481047
2019-03-22,319.350006,320.799988,312.399994,313.450012,299.087524,-0.01368780759442,42826.160156,0.00287521159087364,-0.0852734442018862,682749
2019-03-25,310.450012,317.899994,285.700012,317.700012,303.142822,0.013558900571192,42947.550781,0.00283449705875611,-0.079397667010861,765877
2019-03-26,319.649994,324.350006,318,322.799988,308.009064,0.016052638053228,42942.230469,-0.000123879287718309,-0.0786453121221948,629182
2019-03-27,322.5,325.149994,321.100006,322.899994,308.104492,0.000309822051211,43281.28125,0.00789550932257138,-0.0830913684901731,640901
2019-03-28,322.850006,327,322.5,324.100006,309.249542,0.003716433968772,43672.058594,0.00902878410051694,-0.082541725870613,507123
2019-03-29,329,330.399994,326.5,327.899994,312.875427,0.011724786968318,43324.589844,-0.0079563171782275,-0.0918049074759823,709689
2019-04-01,332.5,333.75,330,333.25,317.980286,0.016315947369047,43339.75,0.000349920358267341,-0.0903726890265015,675106
2019-04-02,334.049988,334.600006,331.75,334.5,319.172974,0.003750823722449,43937.390625,0.0137896647996354,-0.0892590076985321,660369
2019-04-03,335.299988,337.350006,332.899994,334,318.695953,-0.001494553232443,44989.859375,0.0239538291880527,-0.103492986703715,581652
2019-04-04,334.399994,335,333.049988,333.549988,318.266541,-0.001347403366619,45436.28125,0.00992272216898878,-0.11003302338381,605021
2019-04-05,334.950012,337.5,333.649994,336.049988,320.651978,0.007495091983294,45151.628906,-0.00626486887062312,-0.112703596629592,764125
2019-04-08,336.5,336.850006,331.450012,332,316.787567,-0.012051729804081,44909.140625,-0.00537053229031511,-0.0968103088771856,549938
2019-04-09,330.25,333.75,327.299988,327.299988,312.302887,-0.014156742458267,44580.058594,-0.00732772942033998,-0.0745869664374537,722056
2019-04-10,328.299988,330.700012,327.149994,329.75,314.640686,0.007485678478534,44686.058594,0.00237774474379597,-0.0734512585309218,556555
2019-04-11,340.5,346.75,338.950012,344.950012,329.144165,0.046095370514162,44625.78125,-0.00134890715128085,-0.0783306864966725,1038108
2019-04-12,346,348.899994,341.850006,342.899994,327.188141,-0.005942757636308,45009.359375,0.00859543775494127,-0.0884730998076348,571291
2019-04-15,343,344.850006,340.5,342.950012,327.23587,0.00014587631402,45525.289063,0.0114627200912032,-0.0929910873990225,433354
2019-04-16,344.700012,346.649994,342,346.299988,330.432343,0.009768100911431,45381.21875,-0.00316462159747356,-0.095473188071529,461686
2019-04-17,347.149994,351.549988,345.950012,350.850006,334.773865,0.013138913583892,45148.320313,-0.00513204456414039,-0.101340613320055,597099
2019-04-18,349,354.350006,346.549988,352.299988,336.15744,0.004132864433728,45045.328125,-0.00228119644952419,-0.101152530700155,982534
2019-04-23,349.799988,351.200012,346.700012,349.100006,333.104065,-0.009083169481538,45026.679688,-0.000413992699714705,-0.0989249525412988,656086
2019-04-24,348,352.25,347.700012,350.950012,334.869293,0.005299328904918,44974.96875,-0.00114845105964538,-0.0991155766392941,532252
2019-04-25,348,348.450012,344.100006,347.850006,335.737946,0.002594006133611,44956.730469,-0.000405520704225016,-0.098917221670405,494912
2019-04-26,347.700012,348.899994,343.600006,346.450012,334.386719,-0.004024647842457,44597.320313,-0.00799457950457134,-0.0891912781903833,416328
2019-04-29,346.850006,348.25,343.5,345.350006,333.325012,-0.003175087225878,44312.429688,-0.00638806598693678,-0.0824931819173327,383365
2019-04-30,346.75,349.049988,344.600006,349.049988,336.896149,0.010713678456269,44277.238281,-0.000794165592990005,-0.0832276278969633,556298
2019-05-02,349.450012,351.200012,348.149994,351,338.778229,0.005586528684245,44116.699219,-0.00362576954283271,-0.0838022764136937,694494
2019-05-03,350,355.049988,350,355.049988,342.687225,0.011538510049889,43583.601563,-0.0120838064822949,-0.0934008547350671,468076
2019-05-06,346.600006,346.600006,341.5,344.399994,332.408081,-0.029995702349278,43410.738281,-0.00396624592279564,-0.0736248273800115,687298
2019-05-07,344,345.450012,334.600006,335.049988,323.383606,-0.027148783425635,43193.359375,-0.0050074915702399,-0.053767495510414,717360
2019-05-08,333.049988,339.799988,333,339.600006,327.775208,0.0135801627495,43382.351563,0.00437549175925834,-0.0483971310408526,589689
2019-05-09,334.600006,336.549988,330.399994,331.850006,320.295044,-0.022821018238817,43142.460938,-0.00552968237905753,-0.0312937658342934,648732
2019-05-10,335,338,331.799988,333.549988,321.935852,0.005122801712786,43431.53125,0.00670036677822867,-0.0297249585530492,561304
2019-05-13,333,333,323.049988,323.75,312.477112,-0.029380822114836,43338.820313,-0.00213464582831174,-0.0214499322063627,611125
2019-05-14,326.700012,334.799988,326.399994,334.299988,322.659729,0.032586761106523,43442.488281,0.00239203483738816,-0.0134870462688442,629105
2019-05-15,336.200012,337.149994,329.049988,337.149994,325.410492,0.008525275244373,43445.621094,0.0000721140322289958,-0.0134378962598433,556644
2019-05-16,336.649994,341.200012,333.850006,341.200012,329.319519,0.012012602838879,43519.21875,0.00169401781230749,-0.0118769974698785,589339
2019-05-17,340.200012,342.700012,336.899994,340.850006,328.981659,-0.001025933722441,43190.101563,-0.00756257112267218,-0.00839043702795514,658521
2019-05-20,339.700012,340.799988,328.649994,330.049988,318.557739,-0.031685413806002,42942.230469,-0.00573907180186722,0.0115970914862305,628134
2019-05-21,332.100006,336,329.700012,335.149994,323.480164,0.015452222304981,42812.570313,-0.00301940897302964,0.00796208496292556,495509
2019-05-22,336.700012,339,333.649994,336.299988,324.590118,0.003431289221184,42617.601563,-0.00455400711927819,0.00778530583243329,470565
2019-05-23,334,335.549988,331.600006,334,322.370209,-0.006839114553697,42491.429688,-0.00296055785339034,0.0104435382733575,708374
2019-05-24,335.049988,337.299988,335,336.5,324.783173,0.007485071301982,42207.710938,-0.00667708175703311,0.00754096446824274,575972
2019-05-27,338.5,341.450012,336.5,338.649994,326.858307,0.006389290371272,42854.75,0.01532987806305,0.0124163022516876,222774
2019-05-28,339.649994,342.600006,336.649994,342.600006,330.670746,0.011663888964584,43345.820313,0.011458947094546,0.0216593952015147,917832
2019-05-29,338.149994,340.5,336.75,338.200012,326.42395,-0.012842974624674,42749.160156,-0.0137651139761923,0.0413698734174211,881878
2019-05-30,338.549988,341.75,337.5,341.649994,329.753815,0.010201043765324,43108.421875,0.00840394800012412,0.0467095171650919,382038
2019-05-31,337.549988,338.850006,333.5,338.600006,326.809998,-0.008927317489867,43241.820313,0.00309448669651623,0.0430629861232386,816098
2019-06-03,335.299988,340.5,330.399994,340.5,328.64389,0.005611492950714,43420.378906,0.00412930333893277,0.0440093653800253,731788
2019-06-04,336,342.25,334.549988,342.100006,330.188141,0.004698858086179,43147.828125,-0.00627702447254176,0.0428595975803468,766874
2019-06-05,342.950012,352.600006,342.5,349.5,337.330475,0.021631103946886,43291.328125,0.00332577573972618,0.0481412349786454,765834
2019-06-06,351.549988,357.100006,349.049988,350.350006,338.150909,0.002432137209068,43609.171875,0.00734197271754411,0.0474459471031593,770857
2019-06-07,350.700012,360.450012,350.600006,357.049988,344.617554,0.019123547587447,43713.660156,0.00239601617062347,0.0504833166742892,725433
2019-06-10,360,360.350006,357.25,358.200012,345.72757,0.003221008294894,43800.160156,0.00197878648667966,0.0504556222413914,282579
2019-06-11,359.950012,363.700012,359.200012,359.600006,347.078796,0.003908354777723,43483.199219,-0.00723652461249225,0.0498246990043126,525245
2019-06-12,357.700012,359.950012,355.25,356.799988,344.376312,-0.007786370216635,43130.648438,-0.00810774706857259,0.057290590981741,651478
2019-06-13,355.200012,355.75,353.049988,355.25,342.88028,-0.004344178004903,42964.710938,-0.00384732217134491,0.0596408643865555,524987
2019-06-14,355.149994,356.399994,352.700012,354,341.673798,-0.003518668381862,43161.050781,0.00456979317941482,0.0567726374573616,608201
2019-06-17,355.049988,360,354.149994,358.299988,345.824066,0.01214687232177,43375.671875,0.00497256415486716,0.0605090217248342,582785
2019-06-18,358.25,370.5,356.799988,368.799988,355.958466,0.029305074447884,43645.109375,0.00621171934296407,0.0732668428745362,900429
2019-06-19,370,370.950012,364.799988,366,353.255951,-0.007592220042886,43526.730469,-0.00271230632011672,0.0756000662676293,619848
2019-06-20,369.899994,372.299988,368.75,370,357.116699,0.010929038814692,43743.71875,0.00498517298822935,0.0785629913322316,633607
2019-06-21,370.5,373.950012,367.25,368.299988,355.475891,-0.00459459892129,43792.171875,0.00110765902818905,0.0777493785684293,1432369
2019-06-24,370,371.25,366.549988,371.25,358.323151,0.008009713378846,43792.078125,-0.00000214079357076875,0.0776805073731575,485551
2019-06-25,368.75,373.149994,368.450012,371.700012,358.757538,0.001212277238542,43316.558594,-0.0108585742298567,0.0788478224433895,485233
2019-06-26,370.649994,375.25,366.799988,367.600006,354.800293,-0.011030416314207,43161.171875,-0.00358723601420925,0.0826763474074291,579443
2019-06-27,368.25,370.399994,367,368.350006,355.524139,0.00204015051363,43438.238281,0.00641934391407203,0.0817842078096631,440354
2019-06-28,368.850006,375.149994,368.600006,374.299988,361.266937,0.016153046643058,43441.800781,0.0000820129945637838,0.0815716692718319,601351
2019-07-01,380.149994,381.950012,372.200012,374.600006,361.556519,0.000801573491349,43483.230469,0.000953682565068154,0.0813610940968817,635086
2019-07-02,377.149994,378,375,377.5,364.355499,0.007741472917544,43461.480469,-0.000500192827566157,0.0811340350817628,445176
2019-07-03,378.700012,381.450012,377.5,380,366.768494,0.006622639171421,43405.320313,-0.00129218230474369,0.080746069409406,383704
2019-07-04,382.049988,382.100006,378.049988,381.350006,368.071472,0.003552589770702,43589.078125,0.00423353198812745,0.0807104348815444,296850
2019-07-05,381.399994,381.649994,378,380.799988,367.540619,-0.001442255215042,42818.660156,-0.0176745644124586,0.0855151632868052,430879
2019-07-08,378.049988,383,377.899994,383,369.664001,0.005777271654429,42805.609375,-0.000304791905035108,0.0854642164420577,359857
2019-07-09,380,383.149994,378.899994,383,369.664001,0,42882.019531,0.00178505006973746,0.0849172094004277,404047
2019-07-10,381.5,383.399994,377.950012,381,367.733673,-0.00522184468809,42647.308594,-0.00547341145699354,0.0882652435115452,477794
2019-07-11,380.850006,384.149994,380.600006,383.100006,369.760559,0.005511831384557,43063.949219,0.00976944709375205,0.0894170527128754,411816
2019-07-12,383.899994,385.200012,382.549988,384,370.629211,0.002349228382684,42984.96875,-0.00183402754351093,0.08951908271462,358452
2019-07-15,384,385.600006,380,380.049988,366.816711,-0.010286561034176,42551.539063,-0.0100832849157301,0.0991500634020561,460910
2019-07-16,381,386.049988,379.549988,385.299988,371.883911,0.013813983518325,41618.109375,-0.0219364495046348,0.0779646144431745,497824
2019-07-17,385.399994,389.450012,382.700012,382.700012,369.374451,-0.006747966033949,41606.539063,-0.000278011475623488,0.0777756054887985,427789
2019-07-18,379,384.25,378.100006,382.850006,369.519257,0.000392030362706,41209.320313,-0.00954702695647281,0.0792126212312117,415431
2019-07-19,384.850006,388.799988,382,382.299988,368.988373,-0.00143668831852,40935.339844,-0.00664850735025504,0.0811040031348728,449561
2019-07-22,380,384.950012,378.899994,384.799988,371.401367,0.006539485188602,41167.738281,0.00567720795492698,0.0824635953170032,314332
2019-07-23,385.649994,388.600006,380.850006,383.299988,369.953583,-0.003898165512137,40933.429688,-0.00569155855492166,0.0849942563043702,563900
2019-07-24,384.5,384.5,378.350006,380.299988,367.058044,-0.007826762959071,40673.78125,-0.00634318795124355,0.0893675207833176,506993
2019-07-25,385.850006,392.649994,371.549988,376.149994,363.05249,-0.010912590162443,41276.671875,0.0148225861100632,0.0721991497143562,1096637
2019-07-26,375,386.200012,371.100006,385.600006,372.173523,0.025123179846529,41159.269531,-0.00284427834578177,0.0674583532707407,786230
2019-07-29,383,383,374.5,378.75,365.561981,-0.01776467586062,40863.089844,-0.00719594128795026,0.0767853522404234,776261
2019-07-30,379.950012,380,371.600006,374.5,361.459991,-0.011221052005405,40346.800781,-0.0126346065598809,0.087870383564666,694330
2019-07-31,372.75,377,371.350006,375.299988,362.232147,0.002136214295429,39977.519531,-0.00915267735859496,0.0878493157410148,664095
2019-08-01,373,379.299988,372.850006,379.100006,365.899811,0.010125175334038,39496.359375,-0.0120357681428156,0.0812025288485968,446812
2019-08-02,367.5,369.5,354.899994,358.399994,345.920563,-0.054603056354134,39785.628906,0.00732395429800289,0.0463564292658688,1580496
2019-08-05,349,352.950012,341.5,343.25,331.298096,-0.042271170216614,40432.359375,0.0162553788084639,-0.00248258290391955,1347763
2019-08-06,343,354.549988,342.200012,350.450012,338.247406,0.020976003435891,40439.421875,0.000174674446635604,-0.0017114994099698,953668
2019-08-07,353.799988,359.850006,351.700012,357.649994,345.196716,0.020545050388354,40421.28125,-0.000448587644404845,-0.00167375561175744,911065
2019-08-08,364.200012,368.25,360.350006,368.25,355.427612,0.029637871757737,39851.210938,-0.0141032222228236,-0.0238456292936273,689582
2019-08-09,366.649994,367.950012,363.600006,364.350006,351.663422,-0.010590595308054,39476.5,-0.0094027491054906,-0.0167773588559395,527143
2019-08-12,366.450012,369.549988,353.200012,356.549988,344.134979,-0.021408092309356,38650.089844,-0.0209342306435474,0.0116364812947521,600991
2019-08-13,353.149994,363.899994,348.75,359.549988,347.030548,0.008414050232307,38574.179688,-0.00196403569322594,0.0112066267492344,811014
2019-08-14,360,361,346.200012,348.149994,336.027527,-0.03170620299398,39339.550781,0.0198415390603394,-0.0279941555867097,781767
2019-08-15,350.200012,350.200012,341,345.700012,333.662781,-0.007037357984068,39556.320313,0.00551021879244978,-0.0310054870990761,869784
2019-08-16,346.350006,350.100006,345.25,348.450012,336.317017,0.007954845883755,39700.050781,0.00363356517650519,-0.029594803436133,633096
2019-08-19,351.5,357.100006,349.5,356.850006,344.424561,0.024106850353041,40076.039063,0.00947072546768485,-0.0172481189612274,527565
2019-08-20,357.899994,358.5,353.950012,355.700012,343.314636,-0.003222548928501,40144.238281,0.00170174547172168,-0.0178907736994487,471064
2019-08-21,356.299988,370.5,355.950012,369.100006,356.248016,0.03767209039116,39862.070313,-0.00702885345650087,-0.0298789439637576,668975
2019-08-22,368.149994,368.149994,360.899994,361.100006,348.52655,-0.021674411233774,40081.71875,0.00551021146857921,-0.0372578803704174,537622
2019-08-23,365,365,355.5,355.5,343.121582,-0.015508052399451,40648.96875,0.0141523372173255,-0.0502243303077568,509513
2019-08-26,352.700012,357.450012,351.25,353.600006,341.28772,-0.005344641946772,40941.960938,0.00720786275789583,-0.0530010732437885,371216
2019-08-27,354.350006,360.350006,351.950012,359.850006,347.320099,0.017675347357942,41831.300781,0.0217219650115627,-0.0343255006561004,520465
2019-08-28,357.75,358.450012,352.600006,355.850006,343.459381,-0.011115734479852,42622.5,0.0189140477161391,-0.0462709150575499,422593
2019-08-29,355.799988,362.75,353.549988,361.350006,348.767914,0.01545607222765,42108.230469,-0.0120656819989442,-0.0536597764304109,425724
2019-08-30,361,365.450012,357.600006,362.399994,349.781311,0.002905648597021,41826.550781,-0.00668942116214966,-0.0537730385637896,461988
2019-09-02,362.25,364.350006,360.75,362.899994,350.263885,0.00137964489475,42324.46875,0.0119043516546955,-0.0539222359394687,215030
2019-09-03,363,363.899994,353.649994,355.649994,343.266327,-0.019977960331252,42731.480469,0.00961646373883906,-0.0637480328412905,420648
2019-09-04,365.799988,369.850006,364.100006,368.5,355.668915,0.036131094210124,42707.660156,-0.000557441790889611,-0.0635710976793004,567440
2019-09-05,370,377.200012,369.299988,376.399994,363.293823,0.021438218743406,42662.46875,-0.00105815691693072,-0.0641542509718732,765243
2019-09-06,377,380.200012,375.850006,379.899994,366.671936,0.009298569879621,42588.101563,-0.00174315245176719,-0.0646449585668493,534386
2019-09-09,378.799988,380.299988,376.549988,378.950012,365.755035,-0.002500603154968,42749.171875,0.00378204958870342,-0.0654850997421848,328529
2019-09-10,379.049988,379.700012,369.899994,373.149994,360.157013,-0.015305386021549,42670.410156,-0.00184241508187115,-0.0637512565497692,612252
2019-09-11,375.049988,379.25,374.100006,378.149994,364.98291,0.013399425322311,42841.460938,0.00400865099197896,-0.0614875919203932,486035
2019-09-12,381.299988,384.200012,376.850006,379.700012,366.478973,0.004098994662517,43448.941406,0.0141797327798682,-0.0598134382985589,564799
2019-09-13,381,383.399994,378.450012,382,368.698883,0.006057400733875,43070.339844,-0.00871371199731264,-0.0610857445082751,475920
2019-09-16,377,377.200012,363.600006,367.100006,354.317657,-0.039005341928308,43017.460938,-0.00122773366060105,-0.0575743466510923,761368
2019-09-17,367.450012,368.100006,362.75,367.200012,354.414185,0.00027243350167,43559.449219,0.0125992624664938,-0.058262961082879,394717
2019-09-18,368,369.049988,363.200012,364.700012,352.00119,-0.006808404127504,43507.949219,-0.00118229226777129,-0.0577132818355666,427320
2019-09-19,365.850006,370.649994,364.100006,367.299988,354.510681,0.007129211693858,43099.328125,-0.00939187209084901,-0.059590654663756,421446
2019-09-20,367.399994,370.049988,363.549988,370.049988,357.164917,0.007487040989888,43014.078125,-0.00197798907103033,-0.0600269872040419,1531622
2019-09-23,367.25,367.850006,362.25,366.450012,353.690308,-0.009728304305991,42984.75,-0.00068182618989931,-0.0595818209437868,385896
2019-09-24,366.950012,371.25,366.149994,370.049988,357.164917,0.009823873941154,42857.578125,-0.00295853471289236,-0.0605217474078875,390213
2019-09-25,368.25,369.399994,358.850006,361.200012,348.623108,-0.023915587991527,43011.269531,0.00358609638537521,-0.0641966454844123,558283
2019-09-26,358.399994,364.899994,356.299988,360.899994,348.333527,-0.000830642012405,42937.160156,-0.00172302226388799,-0.0639714374376227,449539
2019-09-27,362.899994,364.200012,358.049988,360.149994,347.60968,-0.002078028509728,42222.898438,-0.0166350479492573,-0.0602891218192374,510804
2019-09-30,360.75,364.649994,358.450012,364.649994,351.952942,0.012494652047665,42443.308594,0.00522015693270454,-0.0576885911318215,516908
2019-10-01,366.799988,367.549988,357.100006,357.100006,344.665863,-0.020704696936445,43416.898438,0.0229385944746453,-0.0783331394212792,508526
2019-10-02,357.450012,357.649994,344,344,332.022003,-0.036684398884029,42952.289063,-0.0107011184979846,-0.0595278651990797,674729
2019-10-03,350,352.350006,344.299988,346.799988,334.724518,0.008139565979307,42535.140625,-0.00971190237121348,-0.0618589626071545,741927
2019-10-04,350.200012,351,345,349.600006,337.427002,0.008073755744418,42501.921875,-0.000780971909623256,-0.0620111961503473,535623
2019-10-07,349.700012,354.049988,347.200012,353.799988,341.480743,0.012013682888366,42929.761719,0.0100663646518926,-0.057418823982066,460389
2019-10-08,354.049988,355.25,349,351.049988,338.826508,-0.007772722340598,43214.601563,0.00663502038200061,-0.0598867628457743,497236
2019-10-09,351.149994,357,349.600006,357,344.569336,0.01694916975032,43299.53125,0.00196530070689625,-0.0585041498443572,534251
2019-10-10,374.850006,377.049988,365.799988,376.850006,363.728149,0.055602199610705,43244.628906,-0.00126796624386094,-0.0594387054172388,1196107
2019-10-11,378,380.700012,375.200012,378.200012,365.031158,0.003582370524752,43538.488281,0.00679528030264189,-0.0589420869485615,839206
2019-10-14,375.850006,379.950012,374.75,379.25,366.044586,0.002776278073227,43479.980469,-0.00134381817812284,-0.0589725587953543,321855
2019-10-15,382.5,384.399994,379.350006,380.5,367.251099,0.003296082078919,43178.628906,-0.00693081182993766,-0.0591821070039482,557059
2019-10-16,379.549988,380.149994,375.549988,378.100006,364.934662,-0.006307501887149,43405.429688,0.00525261657783864,-0.0608291569114842,444595
2019-10-17,379.200012,382.350006,374.75,374.75,361.701324,-0.008860046295082,43363.539063,-0.000965101032315808,-0.0603278917871747,531108
2019-10-18,373.899994,377.899994,373.049988,375.049988,361.990845,0.000800442190253,43546.480469,0.00421878402807995,-0.0604928195322989,515274
2019-10-21,375.649994,376.649994,372.799988,374.600006,361.556519,-0.001199825923774,43776.601563,0.00528449352327828,-0.0610919700002454,337676
2019-10-22,374.350006,376.649994,370.149994,376.649994,363.535126,0.005472469437067,43389.160156,-0.00885042221567661,-0.0621070021091325,305573
2019-10-23,374.399994,375.950012,370.299988,375,361.942535,-0.004380844892551,43765.488281,0.00867332125459359,-0.0640784231281064,415169
2019-10-24,377.600006,379.350006,373.850006,377.049988,363.921204,0.005466804281514,43851.058594,0.0019552006926232,-0.0638059446876241,351479
2019-10-25,376.149994,383.950012,376,383.950012,370.580933,0.018299920221192,43741.621094,-0.0024956638108384,-0.0652409687003708,411884
2019-10-28,385,389.600006,382.100006,382.100006,368.79538,-0.004818253830669,43337.28125,-0.00924382393444181,-0.0625045920421881,537028
2019-10-29,382.600006,383.899994,379.700012,380.25,367.009766,-0.0048417472041,43814.550781,0.011012908914308,-0.0651326844918462,433890
2019-10-30,379.549988,385.5,376.75,384.450012,371.063538,0.011045406350304,43815.761719,0.0000276378047570654,-0.065091125121527,408123
2019-10-31,385.899994,388.450012,381.399994,382.5,369.181396,-0.005072290341823,43611.839844,-0.0046540757709017,-0.0637051364486482,521851
2019-11-01,384.5,389.700012,384.200012,389.25,375.696381,0.017647110798617,43818.511719,0.00473889374397566,-0.0606836946805365,309162
2019-11-04,391,398.600006,390,397.5,383.659149,0.021194689123183,44119.898438,0.00687806835916135,-0.055396847335598,556084
2019-11-05,399,400.899994,394.450012,400.25,386.313354,0.006918132949307,43702.230469,-0.00946665753519192,-0.0569136686034157,483733
2019-11-06,400.549988,401.600006,397,399.549988,385.637726,-0.001748911843208,43595.601563,-0.00243989619879109,-0.0565147747898205,403886
2019-11-07,402,404.450012,400.799988,404,389.93277,0.011137509922979,43100.769531,-0.0113505035888751,-0.0600509768345957,474972
2019-11-08,402.25,404.549988,400,403,388.967651,-0.002475090770135,43098.660156,-0.000048940541501999,-0.0600314476973474,464275
2019-11-11,400.399994,403.5,399.200012,403.25,389.208923,0.000620288086631,43188.691406,0.00208895705050047,-0.0601488772370433,359868
2019-11-12,403.899994,405.299988,402.049988,403.399994,389.353699,0.000371975027921,43392.359375,0.0047157707809528,-0.0604300300295066,339248
2019-11-13,403,405.799988,401.350006,401.850006,387.857697,-0.003842269904825,43602.25,0.00483704108334165,-0.0614605134970183,462268
2019-11-14,403.049988,404.600006,401.299988,403.75,389.691498,0.004728025289131,43604.699219,0.0000561718489298581,-0.0614548458846264,282090
2019-11-15,405.600006,407.850006,403.799988,405.5,391.380554,0.004334341417939,43255.429688,-0.00800990574997057,-0.0619567885109844,542868
2019-11-18,406.649994,407.100006,400.450012,402.25,388.243774,-0.008014654708675,43521.859375,0.00615945070761641,-0.0641742948445899,415619
2019-11-19,403.25,404.850006,395.850006,398.200012,384.334747,-0.010068485991999,43535.109375,0.000304444713306783,-0.0642044455211984,503871
2019-11-20,397,399.799988,394.450012,398.200012,384.334747,0,42852.359375,-0.0156827445664365,-0.0624157771293052,381166
2019-11-21,397,397.299988,392.549988,394.5,380.76358,-0.009291814044594,43036.160156,0.00428916362321061,-0.0641248297213093,501484
2019-11-22,394.649994,398.850006,393.549988,396.25,382.452698,0.004436133308758,43100.121094,0.00148621386685416,-0.0639828463306631,407070
2019-11-25,400.600006,405.899994,400.299988,404.25,390.174103,0.020189176440324,42820.179688,-0.0064951419832316,-0.0680214352168957,548923
2019-11-26,405.899994,411,404.850006,407.350006,393.166168,0.007668538165384,42544.140625,-0.00644647138361622,-0.0692096854336917,574721
2019-11-27,410.950012,411.049988,406.799988,408.649994,394.420868,0.003191271533821,42294.519531,-0.00586734366549452,-0.0693478324582061,329656
2019-11-28,408,408.399994,405.549988,406.75,392.587067,-0.004649350855341,42191.921875,-0.00242579079128204,-0.0687183436468277,232094
2019-11-29,405.75,410.25,404.25,407.299988,393.11792,0.001352191767438,42216.03125,0.000571421588033551,-0.0687364976527312,474506
2019-12-02,408,410.799988,396.299988,396.549988,382.742157,-0.026393513172841,41938.691406,-0.00656953853282932,-0.0613677376593715,722510
2019-12-03,390.950012,392,386.600006,390.700012,377.095917,-0.014752072372315,41951.589844,0.000307554612878514,-0.0614680939671048,776715
2019-12-04,391.100006,399.549988,391,396,382.211365,0.013565376259431,42633.429688,0.0162530155957251,-0.0539792661494024,541644
2019-12-05,398.200012,400.850006,396.200012,396.200012,382.404419,0.000505097487093,43195.191406,0.0131765546922002,-0.0543664830767817,444062
2019-12-06,395.299988,401.350006,394.200012,401.350006,389.538086,0.018654771350851,44254.429688,0.024522134235823,-0.0388662276327783,475552
2019-12-09,401.950012,402.5,398.350006,399.25,387.499878,-0.005232371553009,44356.21875,0.0023000875328782,-0.0394005890510147,345701
2019-12-10,398.600006,399.25,391.899994,396.799988,385.122009,-0.006136438061021,44401.160156,0.00101319290206625,-0.0396316661879628,494628
2019-12-11,397.450012,399.799988,394.600006,399.600006,387.8396,0.007056441689885,45106.289063,0.0158808667278644,-0.0365428907427438,398818
2019-12-12,400.049988,402.350006,396.450012,398.200012,386.480804,-0.003503499900474,44649.429688,-0.0101285072323707,-0.0344470033208978,493893
2019-12-13,406.75,407.149994,401.950012,403.799988,391.915985,0.014063262505529,44505.640625,-0.00322040088764317,-0.0357851275329194,573232
2019-12-16,406.799988,411.600006,406.200012,409.700012,397.642365,0.014611243784813,44276.851563,-0.00514067562643928,-0.0379770605113576,511002
2019-12-17,407.399994,408.299988,401.149994,402.649994,390.799835,-0.017207748978155,44157.96875,-0.00268498795201918,-0.035991208335723,734684
2019-12-18,401.5,403,400.149994,400.850006,389.052826,-0.00447034221496,44300.171875,0.00322032758809813,-0.0366605643346147,593446
2019-12-19,401.450012,402.25,399.200012,402.25,390.411591,0.003492494872663,44261.511719,-0.000872686365847155,-0.0367090960479325,429682
2019-12-20,403.75,410.5,400.5,410.5,398.418793,0.020509642092056,43657.480469,-0.0136468734695455,-0.0450155076491789,1290604
2019-12-23,410,414.649994,408,413.799988,401.621643,0.008038902923939,43541.019531,-0.00266760556836759,-0.0455394522767668,363715
2019-12-24,413,415.5,412.5,414.100006,401.912872,0.000725132733945,44437.230469,0.0205831408555311,-0.0458978829773687,65511
2019-12-25,414.100006,414.100006,414.100006,414.100006,401.912872,0,44624.851563,0.00422215993255659,-0.0461593813800258,0
2019-12-27,417,419.450012,415.200012,417.600006,405.309845,0.008452013450318,44495.300781,-0.00290310841296811,-0.0467762682043529,364536
2019-12-30,419.25,419.5,414.049988,414.600006,402.398132,-0.0071839187622,44157.808594,-0.00758489505804418,-0.0442690291195029,226651
2019-12-31,414.200012,416.5,411.850006,414.200012,402.009918,-0.000964750999391,44470.910156,0.00709051404427119,-0.0449071967352523,102945
2020-01-02,418,421.5,416.399994,419.149994,406.814209,0.011950677793974,44572.171875,0.00227703275342881,-0.0441488713850293,347226
2020-01-03,417,419.100006,414.100006,419.100006,406.765717,-0.000119199376342,44660.328125,0.00197783159966333,-0.0442786269146169,291716
2020-01-06,415,416.200012,408.600006,415.149994,402.931946,-0.009425010121981,44847.46875,0.0041903101221337,-0.0457531797539281,363953
2020-01-07,417.600006,421.549988,415.399994,416,403.756927,0.002047445004522,44773.238281,-0.00165517633589971,-0.0457492808111977,363885
2020-01-08,414.700012,418.799988,413.549988,418.799988,406.474518,0.006730760064458,44453.328125,-0.00714511990381887,-0.0468013474845883,360741
2020-01-09,422,424.5,421.350006,424.5,412.006805,0.013610415302836,45303.078125,0.0191155541292781,-0.0390597178067373,378062
2020-01-10,425.200012,426.299988,422.649994,423.649994,411.181763,-0.002002496051006,45817.761719,0.0113608967712942,-0.0404097510653002,268887
2020-01-13,424.549988,428,423.700012,426.75,414.190552,0.007317418404084,45902.679688,0.00185338536440946,-0.0401195351914821,375035
2020-01-14,427.600006,431.299988,423.600006,431,418.315491,0.009959036921731,45637.320313,-0.00578091250453448,-0.0415943547162453,513855
2020-01-15,432.600006,433.700012,428.950012,431.450012,418.752228,0.001044037357918,45604.441406,-0.00072043903486228,-0.0415596018172854,429805
2020-01-16,432.600006,434.950012,429.600006,431.899994,419.189026,0.001043094151609,45476.429688,-0.00280700111772797,-0.0414412556014075,442227
2020-01-17,435,439.049988,432.649994,439.049988,426.128571,0.016554691486604,45141.621094,-0.00736224449230106,-0.0448338022182579,519809
2020-01-20,438.25,438.25,428.549988,429.75,417.102295,-0.021182048363521,44134.390625,-0.0223126782908972,-0.0272572125052817,345795
2020-01-21,419.700012,426.100006,412.600006,424.950012,412.443573,-0.011169255254278,44717.941406,0.0132221329610801,-0.0325953462718885,674294
2020-01-22,426.399994,427.25,423.149994,423.450012,410.987701,-0.003529869527146,45132.601563,0.00927279172436059,-0.03411851572591,427634
2020-01-23,417.850006,421.350006,411.649994,411.950012,399.826111,-0.02715796597524,44862.761719,-0.00597882317116882,-0.0282119792199106,663493
2020-01-24,417.100006,422.399994,415,416.299988,404.048096,0.010559552975268,44108.308594,-0.0168169122027206,-0.032521671590968,537172
2020-01-27,402.899994,405.549988,398.25,401,389.198364,-0.036752387022757,45047.070313,0.0212831039984084,-0.0565254957141381,1193045
2020-01-28,402.5,412,400.899994,412,399.874664,0.027431513047162,44782.859375,-0.00586521911778464,-0.0607921491254911,911017
2020-01-29,412,420.649994,404.399994,407.600006,395.604187,-0.010679538826696,44493.148438,-0.00646923713767447,-0.0581494516141146,1050070
2020-01-30,400.049988,404.899994,397.5,398.899994,387.160217,-0.021344490977291,44399.328125,-0.00210864630384008,-0.0563373852552899,919787
2020-01-31,400.799988,401.149994,394.100006,395.299988,383.666168,-0.009024814137864,44290.53125,-0.00245041714806354,-0.0554500977185126,852171
2020-02-03,394.649994,399.200012,391.049988,396.75,385.073456,0.003668001292207,45027.410156,0.0166373914514741,-0.0541053483152185,561461
2020-02-04,400,410.600006,399.450012,410.600006,398.515839,0.034908620136102,45338.371094,0.00690603649916045,-0.046990416367196,721603
2020-02-05,408.549988,418.700012,406.350006,415,402.786407,0.010716181346057,45005.121094,-0.00735028612538975,-0.0488413996267784,851040
2020-02-06,418.350006,420.100006,412.049988,418.049988,405.746613,0.007349319511669,44999.679688,-0.000120906373935539,-0.0488731842282782,576989
2020-02-07,414.149994,417.149994,409,413.950012,401.767273,-0.009807450937366,45016.960938,0.000384030511324025,-0.048896197791608,557450
2020-02-10,411,414.450012,409.700012,413.549988,401.379059,-0.000966265861082,44974.109375,-0.000951898175867852,-0.0488000682257048,538239
2020-02-11,416.049988,417.700012,411.100006,412.350006,400.214355,-0.002901755768977,44901.5,-0.00161447054781171,-0.0485422291226567,485463
2020-02-12,414.100006,424.700012,412.799988,424.700012,412.200928,0.029950382464417,44774.539063,-0.00282754333374171,-0.0506369627827428,646869
2020-02-13,421.549988,423.450012,416.049988,421.549988,409.143585,-0.007417118187565,44802.539063,0.000625355404789374,-0.0507335743620635,564012
2020-02-14,421,421.5,414.950012,414.950012,402.737823,-0.015656513348486,43818.070313,-0.0219735035243353,-0.0389106014909377,439401
2020-02-17,415.75,418.600006,414.049988,414.399994,402.20401,-0.00132546031069,43045.679688,-0.0176272167962368,-0.0370215433343427,310146
2020-02-18,409.899994,411,407.75,408.850006,396.817383,-0.013392772986028,42737.28125,-0.00716444577563425,-0.0338308820404758,552569
2020-02-19,412.350006,419.049988,407.600006,419.049988,406.717194,0.024948027541425,41607.421875,-0.0264373245548932,-0.0500213579310374,541054
2020-02-20,419.049988,419.5,409.799988,409.799988,397.73938,-0.022073849181798,41324.308594,-0.00680439374135094,-0.0453484982470018,506684
2020-02-21,407.950012,411.950012,403.200012,404.5,392.595398,-0.012933046760419,42167.238281,0.0203979138594078,-0.053026431518252,719448
2020-02-24,384.200012,391.950012,375.25,385.649994,374.30014,-0.046600795865671,42472.25,0.00723338144574282,-0.061409609188081,1626587
2020-02-25,387.549988,389.049988,380.049988,380.049988,368.864929,-0.014520996438847,43404.761719,0.0219557880498444,-0.0699087221962206,1078187
2020-02-26,377,386.950012,368.049988,385.25,373.911926,0.013682507072935,42344.859375,-0.0244190338115839,-0.076615244671367,1162703
2020-02-27,375,377.5,362.649994,369.850006,358.965179,-0.03997397772223,41388.78125,-0.0225783752528993,-0.0511544594744367,1797670
2020-02-28,355.75,373.350006,353.149994,370.850006,359.93573,0.002703746928055,38730.558594,-0.0642256808661163,-0.0490874947539228,2347024
2020-03-02,385,385,361.100006,376.100006,365.031219,0.014156663468781,39565.441406,0.0215561779201742,-0.042155985027229,1693434
2020-03-03,385,388.799988,376,377.350006,366.244446,0.00332362531436,38678.550781,-0.0224157899794214,-0.0427368060075782,1361667
2020-03-04,378.25,387,374.850006,385.200012,373.863403,0.020802928435398,36636.699219,-0.0527902809379045,-0.0627736265294169,918251
2020-03-05,388,388,373.799988,374.549988,363.526794,-0.027648089962954,38085.050781,0.0395328070725562,-0.0854844810138505,911965
2020-03-06,365,370.25,355.950012,360.350006,349.744751,-0.037912041773735,36862.839844,-0.032091618940672,-0.0576446288145245,1519151
2020-03-09,340.75,344.149994,331.049988,338,328.052521,-0.062023032334229,35532.738281,-0.0360824496601148,-0.0108352280219037,2442726
2020-03-10,342.299988,357.950012,332.799988,334.799988,324.946655,-0.009467587661062,35143.628906,-0.0109507286469972,-0.00867763575227237,1610721
2020-03-11,337.200012,340.299988,329.799988,330.149994,320.433533,-0.013888808918498,34269.511719,-0.0248727070655689,-0.00158148627557353,1572252
2020-03-12,307.100006,317.299988,295,301.5,292.626709,-0.086778757952277,32964.21875,-0.0380890448543015,0.0579007004974454,3098476
2020-03-13,316.549988,338.350006,309.600006,314.899994,305.632355,0.044444493957659,34371.53125,0.0426921235620062,0.0890914086294651,2334042
2020-03-16,292,305.75,278.700012,297.600006,288.841492,-0.054938106929157,35536.699219,0.0338992162009076,0.0535586918764677,2802823
2020-03-17,307,316,297.200012,311.25,302.089783,0.045866994067459,35706.570313,0.00478015960213805,0.056986320420086,1972486
2020-03-18,296.100006,304.75,285.149994,287.950012,279.475525,-0.07485939370548,33799.488281,-0.0534098350886887,0.115963083045194,1603134
2020-03-19,291.299988,299,282.149994,294.950012,286.269501,0.024309735172695,34199.96875,0.0118487139707712,0.120068910593508,1327016
2020-03-20,315.549988,323.100006,307.299988,311,301.847107,0.054415877156261,34554.53125,0.0103673340344792,0.127261018163776,1996468
2020-03-23,300,318.799988,300,311.399994,302.235382,0.001286330035954,33691.878906,-0.024964955761048,0.126225818594138,1218819
2020-03-24,324.049988,342,320.200012,339.149994,329.168671,0.089113620059216,33590.621094,-0.00300540709773131,0.118608966698488,1460277
2020-03-25,349.299988,363.5,338.649994,363.5,352.802032,0.071797115224249,33075.410156,-0.015337940211294,0.100928398534924,1331999
2020-03-26,350.5,363.700012,341.149994,363.700012,352.996155,0.000550232091634,34381.558594,0.0394900148430378,0.0986715987324551,1251959
2020-03-27,351.399994,355.899994,335.799988,341.649994,331.595093,-0.060626898329813,34526.308594,0.00421010582182451,0.0928115317873249,1072791
2020-03-30,348.600006,350,333.049988,350,339.699341,0.024440192786568,34567.78125,0.00120118998204185,0.0931895743413812,711278
2020-03-31,355,355.950012,335.799988,338.450012,328.489288,-0.032999925660733,34613.671875,0.0013275548311334,0.0917877405969907,1010235
2020-04-01,328,332.549988,321.100006,324.649994,315.095398,-0.04077420631141,34746.390625,0.00383428693954475,0.0885352323711885,1043341
2020-04-02,326.149994,328.25,316.100006,325.350006,315.77478,0.002156115272747,33855.238281,-0.0256473356792005,0.0875313600875921,697471
2020-04-03,323.549988,328.950012,320.049988,325.049988,315.483612,-0.000922074904145,33759.75,-0.00282048763643136,0.0875793697273827,507455
2020-04-06,336.5,346.600006,334.399994,339.75,329.751007,0.045223886304434,34743.101563,0.0291279278726885,0.103552569663793,770040
2020-04-07,350,354.450012,342.649994,344.5,334.361206,0.013980848889417,34477.058594,-0.00765743290125023,0.102229851687832,814971
2020-04-08,349.450012,350,339.700012,343.200012,333.099457,-0.003773610626348,33892.28125,-0.0169613466997376,0.102990072503927,466780
2020-04-09,351,351.149994,338.899994,347.399994,337.175873,0.012237834419526,34223.851563,0.0097830627143163,0.104354278121648,697149
2020-04-14,351.200012,355.100006,348.5,352,341.640503,0.013241249915886,34240.601563,0.000489424750138547,0.104475000857177,634000
2020-04-15,352,352.049988,337.950012,342,331.934784,-0.028409157915331,34586.820313,0.0101113512670911,0.0997899404186038,743853
2020-04-16,343.399994,348.200012,339.700012,342.799988,332.711212,0.00233909803198,34968.089844,0.0110235496512728,0.0998356255030005,698898
2020-04-17,360,363.299988,357.149994,358,347.463898,0.044340814099165,35830.808594,0.0246716007036349,0.112520451043381,1230602
2020-04-20,364.25,364.299988,352.450012,360.450012,349.841797,0.006843585804704,36870.089844,0.0290052413211247,0.113622032428564,688269
2020-04-21,353.350006,356.75,349.049988,350,344.090576,-0.016439490790747,36470.109375,-0.0108483725071555,0.115705356821305,661016
2020-04-22,353,354.649994,347.799988,353.450012,347.48233,0.009857154588273,36370.429688,-0.00273318859494107,0.115414255381926,461394
2020-04-23,358,358,345.5,348.649994,342.763367,-0.013580440191016,36616.058594,0.00675353324409713,0.113889283967029,457675
2020-04-24,344,348.25,340.850006,340.850006,335.095032,-0.022372096140601,36986.199219,0.0101086965449813,0.110352372900417,487270
2020-04-27,347.299988,350.950012,346.149994,350.950012,345.024536,0.029631904539844,36792.410156,-0.00523949654444227,0.108231148185417,416668
2020-04-28,350.549988,360.549988,348.350006,357,350.972412,0.01723899427257,37623.679688,0.0225935057930538,0.11218848632339,537054
2020-04-29,356.5,359.799988,350.049988,359.799988,353.725098,0.007843026704902,37631.890625,0.00021823854200583,0.112216973255528,542481
2020-04-30,361.600006,362.850006,351.399994,352.450012,346.499207,-0.020427985011117,37462.890625,-0.00449087189596922,0.113112886252575,826049
2020-05-04,345,345.799988,332.950012,338.549988,332.833862,-0.039438315366765,36394.589844,-0.0285162400225222,0.125644562322588,935408
2020-05-05,342,343.700012,336.799988,342.5,336.717194,0.011667478713449,36094.140625,-0.00825532641768551,0.124495711121054,523195
2020-05-06,342.549988,344,335.700012,336.399994,330.720184,-0.017810228009919,35691.390625,-0.011158320797394,0.126672967397725,451644
2020-05-07,339.25,347.450012,338.5,345.549988,339.715729,0.027199866942503,37112.460938,0.0398154929834706,0.13712589289761,459323
2020-05-08,350,354.399994,349.049988,352.25,346.302582,0.019389308288401,35862.039063,-0.0336927771265008,0.128266503772068,388988
2020-05-11,355,356,345.899994,348.899994,343.009155,-0.009510258286206,36026.980469,0.00459933150232332,0.127528574832697,340324
2020-05-12,346.75,350.549988,346.549988,346.850006,340.993744,-0.00587567699177,35560.761719,-0.0129408222374108,0.128366441643777,355695
2020-05-13,343.5,344.149994,333.200012,335.049988,329.392975,-0.034020474580906,35784.421875,0.00628952095479151,0.124868730126571,619814
2020-05-14,330.100006,333.200012,324.299988,331,325.411377,-0.012087683412192,35832.769531,0.00135108109805108,0.124496120917196,727899
2020-05-15,333.75,335.549988,327.700012,330.25,324.674042,-0.002265855013422,36206.859375,0.0104398808380236,0.123931673247236,608567
2020-05-18,336.149994,351.5,334.549988,350.049988,344.13974,0.059954586698989,36889.960938,0.018866633969133,0.135180525363359,768348
2020-05-19,355,359.450012,349.950012,357.5,351.463928,0.021282598748985,36508.140625,-0.0103502498590799,0.132528516249354,933641
2020-05-20,355.649994,361.75,352.700012,361.75,355.642181,0.011888141761165,36122.730469,-0.0105568278581703,0.131094061749234,515787
2020-05-21,356.549988,362.200012,355.100006,359.850006,353.774261,-0.005252245374122,36980.851563,0.0237557095728525,0.128561418307718,417304
2020-05-22,353,357.799988,351,355.299988,349.301086,-0.012644150502515,37460.441406,0.0129685992271698,0.126129889459381,449902
2020-05-25,357.700012,362.049988,352.799988,361.950012,355.838837,0.018716663823943,38290.769531,0.0221654655907767,0.129936027428258,344725
2020-05-26,365,371.5,363.450012,365.399994,359.23056,0.009531626813405,37872.890625,-0.0109133065519011,0.128764392146639,571246
2020-05-27,367.899994,375.5,363.149994,373.850006,367.537903,0.023125379422063,38948.078125,0.0283893698700216,0.134720004451352,755724
2020-05-28,377.5,387.299988,374.350006,386.799988,380.269196,0.03463940153133,39954.011719,0.0258275540778048,0.14312768111865,744833
2020-05-29,386,386,375,375,368.668457,-0.030506649294833,39185.660156,-0.0192308989746483,0.148938807040647,1158588
2020-06-01,383.350006,383.600006,375.450012,378.899994,372.502625,0.010400043527456,38266.191406,-0.0234644190333798,0.145866394534656,591268
2020-06-02,383.600006,386.700012,380.100006,384.950012,378.45047,0.015967256606581,36827.359375,-0.0376006071713318,0.138077309206309,885105
2020-06-03,388,394.149994,383.549988,393.450012,386.807007,0.022080926468396,37679.238281,0.0231316858025474,0.142529974731822,929648
2020-06-04,392,395.850006,385.899994,390.049988,383.464355,-0.008641653174602,37416.738281,-0.00696670134471289,0.143155835281104,880766
2020-06-05,392.399994,405.200012,392,404.25,397.424591,0.036405563693137,37894.050781,0.0127566570986327,0.147285356778934,1094237
2020-06-08,401,401.25,394.5,396.100006,389.412231,-0.020160705153748,37897.238281,0.0000841161062041487,0.146949618321475,801805
2020-06-09,397.200012,399.350006,391.149994,395.299988,388.625732,-0.002019708004498,37632.890625,-0.00697538047601032,0.147140185141458,831921
2020-06-10,397.299988,401.350006,396.600006,398.399994,391.67337,0.00784209008579,38404.628906,0.0205070157562471,0.14802803658598,603868
2020-06-11,390,390.649994,375.100006,375.100006,368.766815,-0.058483820332232,38123.558594,-0.00731865715166653,0.150612323781973,894020
2020-06-12,373.200012,388.75,371,379.149994,372.748413,0.010797061552298,38217.679688,0.00246884334703234,0.150833203431621,824496
2020-06-15,369.149994,375,363.75,371.450012,365.178406,-0.020308623017531,37908.378906,-0.00809313345354967,0.152306925262646,595943
2020-06-16,377.600006,379.899994,370.5,376.799988,370.43808,0.01440302579118,37734.519531,-0.00458630466449417,0.151597478406226,889962
2020-06-17,376.450012,380.200012,373.600006,379.149994,372.748413,0.006236758920681,37431.949219,-0.00801839577555575,0.151109275347648,677354
2020-06-18,379.850006,382.649994,374.200012,377.299988,370.929626,-0.004879395690412,37769.191406,0.00900947436712209,0.150370566729087,530513
2020-06-19,381.399994,387.649994,379.75,380.049988,373.633179,0.007288587404447,37716.429688,-0.00139695121965518,0.150281367414107,1330873
2020-06-22,376,383.350006,373.149994,378.899994,372.502625,-0.003025839415616,37619.769531,-0.00256281301808247,0.150369047569092,404732
2020-06-23,383.200012,392.399994,381.799988,390.649994,384.05423,0.031010801601734,37894.078125,0.00729160750902427,0.152222872495272,664637
2020-06-24,388.100006,389.049988,380.049988,381.350006,374.911285,-0.023806390571457,37950,0.00147574179837631,0.15142309837927,595470
2020-06-25,381.399994,386.950012,373.25,383.850006,377.369049,0.006555588210688,37884.761719,-0.00171905878787874,0.151327659114574,586397
2020-06-26,386.549988,393.799988,385.149994,387.700012,381.154083,0.010030059460441,37837.390625,-0.00125039968183947,0.151199952504297,533072
2020-06-29,387.049988,391.75,383.899994,389.5,382.923645,0.004642642120142,37483.878906,-0.009342920142237,0.150781853477878,548762
2020-06-30,389.549988,393.450012,386.649994,390.5,383.906738,0.002567334278874,36795.949219,-0.0183526813947177,0.150157921380659,552740
2020-07-01,391.350006,394.549988,384.049988,391.600006,384.98822,0.00281704354978,36465.460938,-0.00898164846986347,0.149936417788068,476216
2020-07-02,395.299988,403.950012,393.299988,401.850006,395.065155,0.026174658019406,36389.390625,-0.00208609218266387,0.149181074440615,586143
2020-07-03,402.5,403.100006,394.649994,396.700012,390.002106,-0.0128157316228,36190.910156,-0.00545434989679775,0.149800572167405,297283
2020-07-06,404.649994,405.299988,400.950012,404,397.178833,0.018401764733035,36590.261719,0.0110345819234335,0.151521214978249,500923
2020-07-07,399.899994,404,396.75,402.649994,398.41568,0.003114080855361,36465.671875,-0.00340500007780231,0.15145598503789,345700
2020-07-08,399,402.649994,397.350006,399.799988,395.595642,-0.007078130057532,36327.839844,-0.00377977489273939,0.151706245179042,352788
2020-07-09,402,405.25,398.600006,400.950012,396.733582,0.00287652309375,36323.691406,-0.000114194458514961,0.151709259834919,383571
2020-07-10,395.049988,401.049988,395,400.700012,396.486206,-0.000623531788645,36881.671875,0.0153613371164098,0.151069375414871,418623
2020-07-13,405,409.450012,399.850006,408.350006,404.055725,0.019091506552942,37447.101563,0.0153309125984408,0.153482183734558,388756
2020-07-14,403.5,404.649994,396.799988,404.649994,400.394623,-0.009060883866947,37433.300781,-0.000368540726090119,0.153431475693693,443914
2020-07-15,407.200012,416.950012,406.850006,412.049988,407.716797,0.018287393434851,37357.460938,-0.00202599934864669,0.152983091801239,647890
2020-07-16,407.950012,411.049988,405.100006,408.149994,403.857819,-0.009464849200216,37742.140625,0.0102972653210676,0.151584621814083,379050
2020-07-17,409.799988,413.950012,408.25,410.25,405.93576,0.005145229093608,37771.210938,0.000770234875886734,0.1516165915329,552764
2020-07-20,410.25,412.950012,404.850006,412.799988,408.458923,0.006215670676562,37720.839844,-0.00133358430267637,0.151552394184926,346202
2020-07-21,414.549988,418.299988,408.850006,409.950012,405.638947,-0.006903940252519,37136.78125,-0.0154837112963407,0.152551735587999,351889
2020-07-22,411.350006,411.600006,403.450012,404,399.751495,-0.014514020518843,37019.679688,-0.00315325017565984,0.152876953912626,396240
2020-07-23,406.5,406.549988,401.299988,403.600006,399.355713,-0.000990070093421,37546.71875,0.0142367266935279,0.152256641155254,482134
2020-07-24,397.899994,399.600006,393,399.100006,394.903046,-0.011149626398358,37466.949219,-0.00212454066974889,0.152408395751799,480869
2020-07-27,400,405.350006,399.25,401.399994,397.178833,0.005762900598138,37901.960938,0.011610545509251,0.152763357087663,421074
2020-07-28,391.799988,391.950012,378.350006,385.049988,381.000763,-0.040732457663473,37998.339844,0.00254284748374001,0.150649365081818,916437
2020-07-29,383,388.700012,382.600006,387.149994,383.078674,0.005453823723707,38005,0.000175274920623927,0.150659134705337,446203
2020-07-30,384,385.299988,370.549988,373.850006,369.918549,-0.034353582940511,38289.761719,0.00749274356005794,0.14715512005085,713632
2020-07-31,373.350006,377.299988,365.950012,366.75,362.893219,-0.018991559139145,38703.589844,0.0108078010000948,0.144558020927152,681171
2020-08-03,366.450012,375.75,364.5,372.299988,368.384857,0.015132930880144,38634.101563,-0.00179539627409466,0.14423968441267,456262
2020-08-04,374.25,376,368.799988,371.649994,367.741669,-0.001745967533079,38615.621094,-0.000478346027274863,0.144243270953006,357667
2020-08-05,374.450012,376.100006,371.25,376.100006,372.144897,0.011973698852169,38949.878906,0.00865602578775905,0.145067423325263,313441
2020-08-06,375.700012,377.799988,369.75,374,370.066956,-0.005583688011716,39285.851563,0.00862576897378348,0.144351462476597,360618
2020-08-07,372.950012,376.950012,371.799988,374,370.066956,0,39087.351563,-0.00505270961688788,0.144382705120973,350718
2020-08-10,376,376.399994,370.549988,371.549988,367.642731,-0.006550774017229,39021.921875,-0.00167393505529631,0.144468257677068,237955
2020-08-11,374,386.25,373.149994,382.700012,378.675476,0.030009419661285,38707.238281,-0.00806427717753207,0.14172413561772,490581
2020-08-12,383.450012,392.450012,381.549988,391.200012,387.086121,0.022210693675869,38095.878906,-0.0157944457458256,0.137976712703743,432148
2020-08-13,391.100006,394.350006,390.75,391.200012,387.086121,0,38029.621094,-0.00173923830878097,0.137992933048384,219154
2020-08-14,390,390.399994,384.049988,386.049988,381.990234,-0.013164737053437,38249.898438,0.00579225713176375,0.136984964356523,296881
2020-08-17,388.450012,391.100006,385.25,387.75,383.672363,0.004403591637372,37753.039063,-0.0129898220724787,0.136405506864879,298975
2020-08-18,386.200012,389.549988,383.200012,386.049988,381.990234,-0.004384285036449,37647.191406,-0.00280368573304433,0.136527969710724,339896
2020-08-19,386.299988,387.549988,383.200012,387.200012,383.128174,0.002978976682425,37794.25,0.00390623014646889,0.136580426194723,215081
2020-08-20,381.350006,384.100006,379.350006,383.350006,379.318634,-0.009943252045985,36840.730469,-0.0252292221964981,0.138651183604321,377296
2020-08-21,385,386.649994,380.100006,385.450012,381.396576,0.005478091013056,37487.988281,0.0175690819307896,0.139057788496502,482939
2020-08-24,389.850006,395.299988,387.700012,393.450012,389.312469,0.020755018524341,37053.769531,-0.0115828768069711,0.136566740910825,369998
2020-08-25,395.350006,400.950012,394.5,397.049988,392.874573,0.009149730059121,36429.660156,-0.0168433436840442,0.13496956238534,385894
2020-08-26,395.299988,403.799988,393.299988,403,398.762024,0.014985574034592,36448.5,0.000517156732160702,0.135004865032434,282445
2020-08-27,404,404.549988,398,401,396.78302,-0.00496286978421,36637.449219,0.00518400535001446,0.134612232539483,279205
2020-08-28,401.100006,402,394.799988,396.350006,392.181946,-0.011595944806308,36071.429688,-0.0154492068379714,0.136230782805106,297763
2020-08-31,397.799988,402.549988,392.350006,392.799988,388.66925,-0.00895680190235,36157.960938,0.00239888606435765,0.135897718682517,368517
2020-09-01,395.100006,398.700012,390.850006,396.700012,392.528259,0.009928773629506,36180.738281,0.000629939919429025,0.135948798629722,383933
2020-09-02,399.100006,410.75,397.700012,407.25,402.967316,0.026594408837199,36334.890625,0.00426061908418695,0.136798501603755,584239
2020-09-03,411,416.649994,405.200012,408.399994,404.105225,0.002823824550575,36881.988281,0.0150570882859235,0.136775248440619,544668
2020-09-04,404.950012,410.799988,399.75,402.850006,398.613586,-0.01358962631577,36729.148438,-0.00414402395650502,0.137223869517508,502695
2020-09-07,405.600006,410.049988,404.75,408.799988,404.501007,0.014769744952948,36130.921875,-0.0162875151872857,0.134781804089509,287600
2020-09-08,408.100006,409.049988,399.5,404.399994,400.147278,-0.010763209299007,36017.351563,-0.00314329959232471,0.135040575176762,361780
2020-09-09,403.450012,409.100006,398.75,404.049988,399.800934,-0.000865541312017,35517.769531,-0.0138705932091134,0.135141301259087,483955
2020-09-10,400,407.25,397.899994,404.350006,400.097809,0.000742557044652,35853.578125,0.00945466448018104,0.134988057972166,431048
2020-09-11,405.399994,418.25,405.25,416.600006,412.218994,0.030295554555261,35829.578125,-0.000669389256389595,0.134546731787602,510733
2020-09-14,420,421.799988,415.649994,420.25,415.830597,0.008761369690791,36217.488281,0.0108265342853517,0.135200569788489,453320
2020-09-15,421.700012,425.899994,419,424,419.541168,0.008923275552039,36583.710938,0.0101117629736936,0.135830023558035,317548
2020-09-16,422.649994,427.899994,422.25,426.149994,421.668549,0.005070732414989,37231.5,0.0177070353277676,0.136134102788971,443331
2020-09-17,420,424.799988,418.5,420,415.583221,-0.014431543482272,37134.921875,-0.0025939896324349,0.136375211453347,390956
2020-09-18,420,422.25,413.850006,413.850006,409.497925,-0.01464278559023,37458.691406,0.00871873467486588,0.134788581859185,1548938
2020-09-21,411.100006,413,393.649994,395.549988,391.39032,-0.044219039693547,36626.109375,-0.0222266715613733,0.14300822489273,711246
2020-09-22,396.299988,398.899994,390.700012,391.049988,386.937653,-0.011376538387562,36642.378906,0.000444205821410648,0.142844993936355,501677
2020-09-23,396.100006,402.299988,395.200012,400.100006,395.892517,0.023142911863375,36740.328125,0.00267311298895944,0.143248863800957,439307
2020-09-24,394.850006,405.5,393,401.799988,397.574615,0.004248875459295,36947.871094,0.00564891441072294,0.143377074798904,431987
2020-09-25,400.700012,401,392.5,400.200012,395.991455,-0.003982044980412,37418.789063,0.0127454696321182,0.142532822006481,462863
2020-09-28,404,407.200012,401,405.899994,401.6315,0.01424284521493,38404.050781,0.0263306681662298,0.14499517366514,387984
2020-09-29,404.850006,409.950012,402.899994,409.950012,405.638947,0.009977920058561,38478.578125,0.00194061153665783,0.145133226987749,335336
2020-09-30,405.200012,409.5,399.399994,399.399994,395.19986,-0.025734922835208,38342.089844,-0.00354712381930038,0.145649959334904,595051
2020-10-01,404.200012,411.200012,404,409.700012,405.391541,0.02578867563364,38131.78125,-0.00548505819207224,0.144131189177357,522770
2020-10-02,404.450012,407.649994,402,407.649994,403.363098,-0.005003663852966,38025.71875,-0.00278147247579734,0.144259021799982,369092
2020-10-05,410,414.100006,408.899994,412.549988,408.211548,0.012020063372282,38059.230469,0.000881290876323065,0.144319026298868,360824
2020-10-06,412.450012,414.100006,407.450012,411.200012,406.875793,-0.003272212671455,37876.488281,-0.00480152083339811,0.144485543898455,298711
2020-10-07,413,416.549988,407.350006,410.75,406.430511,-0.001094392951512,37685.738281,-0.00503610573886508,0.144567256891167,339680
2020-10-08,412.549988,414.450012,406,407.200012,402.917847,-0.008642717278674,38201.808594,0.0136940481078539,0.143017093882617,295725
2020-10-09,408.049988,411.899994,406.100006,411.899994,407.56842,0.011542236301089,38669.25,0.012236106697666,0.144011285629238,275802
2020-10-12,412.700012,418.549988,411.600006,418.25,413.851624,0.015416317093459,38652.191406,-0.000441141061696358,0.143889972747505,340973
2020-10-13,417.5,418.399994,414.100006,416.75,412.367432,-0.003586290143445,38707.71875,0.00143658980203079,0.143801722705562,268226
2020-10-14,416.75,417.549988,409.450012,412.200012,407.865265,-0.010917852988933,38245.859375,-0.0119319709328001,0.144940178261976,329409
2020-10-15,408.950012,409.100006,399.950012,403,398.762024,-0.022319235740754,38001.308594,-0.00639417665065862,0.146020528785545,542296
2020-10-16,422.450012,435.75,422.450012,432.600006,428.05072,0.073449060435103,37393.710938,-0.0159888613966293,0.133042750950271,904898
2020-10-19,436.700012,440.299988,431.25,432.299988,427.753876,-0.000693478567213,36801.371094,-0.015840627451555,0.133108801327848,350404
2020-10-20,429.899994,435.399994,428.899994,430.200012,425.675964,-0.004857728045461,36987.859375,0.00506742752936188,0.132758838460194,379163
2020-10-21,431.5,431.549988,422.25,427.799988,423.301208,-0.005578788094317,37466.089844,0.0129293902669922,0.131732589248804,428130
2020-10-22,423.799988,430.600006,418,427.200012,422.70755,-0.001402448159326,37475.761719,0.000258150104274863,0.131716461400061,428472
2020-10-23,423.799988,428.850006,422,428,423.499115,0.001872606723017,38399.070313,0.0246374870489125,0.131254773270406,371843
2020-10-26,423.100006,426.25,420.75,421.75,417.314819,-0.014602854601007,38530.5,0.00342273096532517,0.130618023287688,398248
2020-10-27,419.950012,420.850006,415.200012,418.850006,414.445343,-0.006876046258976,39652.519531,0.0291202951168554,0.127629671498766,542810
2020-10-28,410.5,414,396.299988,402.149994,397.920929,-0.039871153769968,40404.578125,0.018966224666053,0.119611512898208,834554
2020-10-29,398,407.049988,397,403.799988,399.553589,0.004102975945756,40858.949219,0.0112455349142444,0.119795489873888,590020
2020-10-30,397.549988,405.899994,397.549988,402.299988,398.069336,-0.003714778294733,40335.949219,-0.0128001333856329,0.120216781877367,547480
2020-11-02,402.299988,409.100006,399.450012,405.649994,401.384125,0.008327164893706,40791.808594,0.0113015655718168,0.120817100434227,483742
2020-11-03,409.5,410.399994,406.950012,408.950012,404.649445,0.008135149839322,41948.789063,0.0283630588806541,0.121880262570209,471809
2020-11-04,402.75,421.899994,402,421.799988,417.364288,0.031421871837734,42252.609375,0.00724264797116591,0.123457364053,528473
2020-11-05,426.25,437.399994,425.200012,436.75,432.157104,0.035443415800827,41868.820313,-0.00908320379917373,0.120227106930577,672597
2020-11-06,435.299988,437.950012,429.549988,435.5,430.920227,-0.002862100353209,41905.058594,0.000865519513783712,0.120187579251009,452199
2020-11-09,440.399994,475.600006,437.25,468.850006,463.919525,0.076578670325448,42267.199219,0.0086419310019018,0.123881557084061,1163330
2020-11-10,461.799988,477.649994,460.450012,474,469.01535,0.010984286552716,42736.480469,0.0111027287984828,0.124658240663265,926951
2020-11-11,473.700012,489.5,473.700012,487.399994,482.274445,0.028270066214251,42200.589844,-0.0125394187616531,0.121365791920507,630882
2020-11-12,482.049988,488,472.399994,472.850006,467.877472,-0.029852241082357,42412.46875,0.00502075697954072,0.119652462350606,602791
2020-11-13,472,475.75,467.399994,469.75,464.810059,-0.00655601772594,41674.300781,-0.0174045036932683,0.120601949135324,485569
2020-11-16,475.049988,480.100006,470,477.299988,472.28064,0.016072330741018,41778.871094,0.00250922777443885,0.120842957688209,497178
2020-11-17,476.600006,479.350006,472.450012,475,470.004852,-0.004818719649402,42895.628906,0.0267302055502495,0.118788356482431,364093
2020-11-18,475.700012,487.399994,474.25,486.149994,481.037567,0.023473619374466,43674.828125,0.0181650027956814,0.121767121912253,538478
2020-11-19,484.75,489.950012,483.850006,488.649994,483.511292,0.005142477780743,43934.210938,0.00593895440773407,0.121912841878609,499206
2020-11-20,487.549988,494.649994,486.799988,492.549988,487.37027,0.007981153830012,43646.03125,-0.00655934593673882,0.12150033626495,684052
2020-11-23,495.5,498.799988,492.5,492.5,487.320801,-0.000101501882747,43255.25,-0.00895342002029108,0.121565298935398,466197
2020-11-24,495,496.149994,488.049988,494.850006,489.646088,0.004771573458856,43098.640625,-0.0036205865183995,0.121451430482043,485818
2020-11-25,494.299988,497.700012,493.100006,494.200012,489.00296,-0.001313454790637,42736.960938,-0.00839190475047619,0.121601810311793,544696
2020-11-26,497.200012,498.200012,494,495.75,490.536621,0.003136302078826,43518.710938,0.0182921289404296,0.121570539405099,286541
2020-11-27,494.5,499.5,493.649994,496,490.783997,0.000504296701632,43612.308594,0.0021507451388749,0.121547177336565,586217
2020-11-30,491.049988,499.049988,482.899994,482.899994,477.821777,-0.026411252362004,43569.839844,-0.000973778994259494,0.121536895630118,1134522
2020-12-01,487,496.75,486,496.75,493.570313,0.032959016851172,43543.351563,-0.000607949928088916,0.12102813686194,514698
2020-12-02,495,497.950012,494.25,497.850006,494.663269,0.002214387638829,43790.421875,0.00567412252689217,0.121031421633854,353373
2020-12-03,498,500.5,496.149994,498,494.812286,0.000301249373743,44326.050781,0.0122316452563292,0.120778142561825,332716
2020-12-04,497.5,498.950012,489.600006,492.25,489.099121,-0.011546125998981,43873.808594,-0.0102026275526862,0.121783789870386,542580
2020-12-07,491.600006,493.700012,486.950012,493.700012,490.539825,0.00294562786589,43246.238281,-0.0143039852958156,0.121452017986511,375438
2020-12-08,492.049988,496.850006,489.899994,494.450012,491.285034,0.001519161058942,42601.710938,-0.0149036625755071,0.121282387268727,323359
2020-12-09,498.350006,499,494.700012,498,494.812286,0.00717964471924,43597.300781,0.0233697149968677,0.121937210628948,411414
2020-12-10,498.450012,502.399994,494.850006,501,497.793091,0.006024112748082,43372.199219,-0.0051631995093168,0.121714216403937,466149
2020-12-11,499.299988,503.899994,495.600006,500.399994,497.19693,-0.001197608023853,43883.410156,0.0117866040045313,0.121327455069134,382300
2020-12-14,501.600006,512.200012,499.100006,509.200012,505.940613,0.0175859553276,44693.988281,0.018471174462479,0.123434627146275,433394
2020-12-15,510.5,515.200012,507.200012,507.200012,503.95343,-0.003927700107364,44693.960938,-0.000000611782502596416,0.123430391080995,535189
2020-12-16,509.5,514.799988,502.899994,505,501.767487,-0.004337589288756,44066.878906,-0.0140305763651133,0.123963720631252,398944
2020-12-17,510,511.799988,502.299988,502.899994,499.680939,-0.00415839617763,44703,0.0144353562083878,0.123099232132894,388090
2020-12-18,500.600006,505.5,497.649994,499.549988,496.352356,-0.006661416796609,44908.121094,0.00458853083685663,0.122753855090005,1032272
2020-12-21,490.049988,493.100006,484.399994,490.200012,487.062256,-0.018716744038181,45587.160156,0.0151206295310965,0.11991266102151,479857
2020-12-22,493.350006,496.5,488.600006,492.299988,489.148773,0.004283881524993,46188.660156,0.0131945047232962,0.120076523883041,382128
2020-12-23,493.850006,496.899994,490.200012,496.100006,492.924469,0.007718911317805,46729.300781,0.0117050510487642,0.120551807953472,249098
2020-12-24,497,498.549988,493.850006,496.450012,493.272247,0.000705540142297,46395.320313,-0.00714713172288247,0.120562098583677,73147
2020-12-28,499.549988,506.5,497.5,504,500.773895,0.015207926344172,45951.769531,-0.00956024829676012,0.119324375737598,220715
2020-12-29,506.899994,514.700012,506.899994,512.799988,509.517548,0.017460281151437,45740.148438,-0.00460528713387713,0.118596706324001,301703
2020-12-30,512.599976,517.200012,511.700012,513.099976,509.815613,0.000584994572159,46070.910156,0.00723132148222788,0.118498475315814,249571
2020-12-31,512.200012,516.799988,510.600006,510.899994,507.62973,-0.004287595248677,45892.28125,-0.00387726019293184,0.118673489030553,130740
2021-01-04,516.200012,518.299988,509.799988,512.099976,508.822021,0.002348741473436,46458.019531,0.0123275257971622,0.11863681306027,343503
2021-01-05,509.600006,515.799988,503.399994,506.200012,502.959839,-0.011521085483838,45495.410156,-0.0207199830022388,0.120516412218563,303053
2021-01-06,511.899994,512.299988,499.350006,502.299988,499.084778,-0.007704513759398,45125.710938,-0.00812607726213114,0.121069922449823,439147
2021-01-07,505.200012,518.299988,501.100006,515.299988,512.001526,0.025880869482259,44810.210938,-0.00699157959934366,0.119412503845217,458616
2021-01-08,520.5,525.299988,516.5,525.299988,521.937561,0.019406260519622,44683.550781,-0.00282659140291143,0.118872259758973,458513
2021-01-11,522,525.099976,518.099976,522.400024,519.056152,-0.005520600959393,45126.511719,0.0099132886768783,0.11820906819695,394924
2021-01-12,522,523,513.5,515.799988,512.498352,-0.012634085878246,45053.558594,-0.00161663559227167,0.118348809528159,374428
2021-01-13,517.200012,520.299988,510.299988,512.099976,508.822021,-0.007173351847188,44262.011719,-0.0175690200663841,0.119363110597975,317983
2021-01-14,513.400024,515.200012,508,508,504.748291,-0.008006198300918,44280.730469,0.00042290780000776,0.11930913439394,446027
2021-01-15,506,508.200012,492.450012,493.950012,490.788239,-0.027657452732218,42985.730469,-0.0292452266772474,0.125363833201482,692278
2021-01-18,494,501.899994,494,499.649994,496.451721,0.011539563400174,43848.921875,0.020080882576196,0.126645598319512,342930
2021-01-19,502.100006,502.799988,489.049988,491.049988,487.906769,-0.017212050313348,43957.070313,0.00246638761856665,0.126163399328791,468063
2021-01-20,493,507.799988,492.200012,507.700012,504.450226,0.033907004475275,44167.578125,0.0047889409030462,0.127023415074032,592958
2021-01-21,510.899994,512.299988,507.600006,507.600006,504.350861,-0.000196976817293,44145.699219,-0.000495361233936757,0.127030592182113,333005
2021-01-22,507,512.099976,503.5,511.5,508.225891,0.007683202904258,44197.511719,0.00117367038956538,0.127070002787476,425645
2021-01-25,513.299988,514.5,501.399994,501.899994,498.687317,-0.018768374789469,45020.960938,0.0186311216847532,0.12363644943751,415757
2021-01-26,500.5,513.5,500.299988,508,504.748291,0.012153856321155,44718.230469,-0.00672421162704403,0.122977798571692,391663
2021-01-27,515,518,495.049988,506.399994,503.158539,-0.003149593625865,44060.089844,-0.0147175015222537,0.123363596470781,669459
2021-01-28,504,517.099976,499.049988,517,513.690674,0.020932040666411,44202.519531,0.00323262361707126,0.123721398585241,511413
2021-01-29,507.5,510.600006,498.299988,498.299988,495.110382,-0.036170195295389,44157.488281,-0.00101874848940271,0.123600189814342,817196
2021-02-01,505,509.600006,501.600006,507.700012,504.450226,0.018864165122678,44698.589844,0.0122539026576117,0.125073129535477,430015
2021-02-02,512.700012,524.900024,511.100006,524.900024,521.540161,0.033878337483389,45061.949219,0.00812910152799316,0.126742382103945,547709
2021-02-03,526.099976,528.799988,520.599976,524.5,521.1427,-0.000762090879517,44507.949219,-0.012294186327972,0.126853684783104,369967
2021-02-04,523.299988,525.799988,520.299988,525.099976,521.738831,0.001143892066415,44900.078125,0.0088103117056807,0.126764352315387,312012
2021-02-05,527,530.299988,523.599976,528.700012,525.315796,0.006855853518022,44946.601563,0.00103615494544302,0.126792298494206,304785
2021-02-08,530.799988,533.299988,525.700012,527.900024,524.520935,-0.001513110791742,45268.328125,0.00715797303493683,0.126577676218827,328124
2021-02-09,531.599976,541.099976,528,537,533.562683,0.017238106997579,45151.378906,-0.00258346671600216,0.126153140610633,376854
2021-02-10,541.900024,542.099976,527.099976,529.5,526.110657,-0.01396654270891,44310.269531,-0.0186286531082715,0.128117678550471,302934
2021-02-11,530,533.099976,526.5,531.5,528.097839,0.003777117938138,44592.910156,0.00637867085873313,0.128193699185421,362743
2021-02-12,529.299988,529.700012,525.5,529.299988,525.911926,-0.004139219740303,44784.578125,0.00429817135346151,0.127979936065569,312149
2021-02-15,531.200012,536.299988,529.400024,535.900024,532.469727,0.012469390169334,45682.191406,0.0200429102735909,0.129341883703358,304779
2021-02-16,535.900024,540.200012,531.599976,539.799988,536.344727,0.007277409030993,46377.46875,0.0152198772125604,0.129826240296947,297402
2021-02-17,536,541.599976,530.599976,535,531.575439,-0.008892206373831,46004.191406,-0.00804867868085194,0.130417505461177,364343
2021-02-18,534.200012,538.400024,530.5,534,530.581848,-0.001869143920323,46342.539063,0.00735471370454019,0.130177509097385,345527
2021-02-19,536.599976,544,536.099976,541.799988,538.331909,0.014606720959666,47075.410156,0.0158142196741466,0.131525422684216,420401
2021-02-22,539.700012,543.599976,535.400024,542.900024,539.424927,0.002030379365827,47103.601563,0.000598856322368235,0.131526479221462,281071
2021-02-23,545,545.200012,532.5,539.400024,535.947327,-0.00644686558951,47549.671875,0.00946998312652154,0.130852495025355,326853
2021-02-24,538,539.299988,530.599976,532.799988,529.389526,-0.012235905787062,47673.820313,0.00261092102436294,0.130526516773653,389117
2021-02-25,533.900024,536.299988,529.099976,531,527.601074,-0.003378329022702,47769.871094,0.00201474898318173,0.130447036083356,341801
2021-02-26,523.599976,529.700012,519.5,525,521.639465,-0.011299463351737,48203.949219,0.0090868598775541,0.129440220772229,509151
2021-03-01,530,537.299988,529.900024,537.099976,533.661987,0.023047569838298,47679.488281,-0.0108800408783371,0.127319466773683,312876
2021-03-02,537.099976,543,534.700012,539.299988,535.8479,0.004096062776156,47572.390625,-0.00224619977816909,0.127263885174152,268383
2021-03-03,543.200012,550,539.200012,543.799988,540.319153,0.00834425776419,47028.039063,-0.0114425942200588,0.126529724131,402528
2021-03-04,542.099976,546.700012,530.099976,533.900024,530.482544,-0.018205182891231,47225.441406,0.00419754569684601,0.125776260908019,461650
2021-03-05,530,533,523.099976,523.200012,519.851013,-0.020041245692714,46659.179688,-0.0119906072053793,0.12756845882459,468641
2021-03-08,525.099976,535.400024,518.700012,534.900024,531.476135,0.022362410977932,46703.140625,0.000942171236056032,0.127547302239306,487719
2021-03-09,532.700012,542,527.700012,540.700012,537.239014,0.010843156673441,47012.371094,0.0066211921695577,0.127950892341736,424729
2021-03-10,540.5,554.299988,540.099976,553,549.460266,0.022748258561877,47379.191406,0.00780263372095291,0.129007892265501,377397
2021-03-11,553.700012,564.599976,553.400024,564.5,560.886658,0.020795665686953,47747.359375,0.00777066805224916,0.129964992504071,348410
2021-03-12,565.900024,566.900024,557.599976,563.400024,559.793701,-0.001948623637969,47905,0.00330155692510482,0.129868132531237,349657
2021-03-15,564.700012,567.5,553.599976,558.200012,554.626953,-0.009229735866571,47246.261719,-0.0137509295689385,0.130856205163968,330231
2021-03-16,556.200012,561.900024,555.099976,560.299988,556.713501,0.003762074649841,48245.851563,0.0211570144945036,0.130861341270028,330076
2021-03-17,560.400024,569.200012,558.900024,568.200012,564.562988,0.014099688593685,47985.429688,-0.00539780865220998,0.130241452906821,305038
2021-03-18,570.5,570.799988,561.299988,566.299988,562.67511,-0.003343963455146,47897.839844,-0.00182534249603476,0.130309858926832,421418
2021-03-19,559.099976,563.799988,555.5,557.400024,553.832092,-0.015716028384479,48188.148438,0.00606099554688708,0.129407269939454,1041228
2021-03-22,556.200012,563.200012,554.299988,556.599976,553.03717,-0.001435312275115,47627.671875,-0.0116310043271556,0.129575646214262,306281
2021-03-23,554.700012,557.5,551.400024,554.200012,550.652588,-0.00431179336463,47352.179688,-0.00578428833815433,0.129810754027069,302183
2021-03-24,550,556.099976,549.400024,553.400024,549.857727,-0.001443489084265,47503.710938,0.00320009028092114,0.1297313551806,327022
2021-03-25,550,556.799988,547.099976,555.599976,552.043579,0.003975304688225,48329.839844,0.0173908288360511,0.129819837404449,298409
2021-03-26,555.599976,558.700012,552.5,554.900024,551.348083,-0.00125985705922,48514.101563,0.00381258699790353,0.129729654089082,319037
2021-03-29,555.599976,559.799988,554.799988,554.900024,551.348083,0,48726.980469,0.00438797997162872,0.129665567933179,223531
2021-03-30,557.799988,573.5,557.799988,573.5,569.829041,0.033519583308318,48072.621094,-0.0134290975698012,0.12584477304723,463377
2021-03-31,573.5,573.5,564.599976,568.099976,564.463562,-0.009415945158892,48528.96875,0.00949288067957991,0.12496195517882,440619
2021-04-01,573.700012,573.799988,566.099976,571.700012,568.040588,0.006337036153983,48867.621094,0.00697835442876585,0.125163913185212,318700
2021-04-06,580,580.400024,572.5,576.799988,573.10791,0.008920704095884,49092.308594,0.00459788086610149,0.125374228546353,307550
2021-04-07,576.700012,577.299988,571.799988,577.200012,573.505371,0.00069351860804,49091.089844,-0.0000248256811485324,0.125376123521118,257919
2021-04-08,580.299988,587.599976,580.099976,586.099976,582.348328,0.015419135455664,48923.929688,-0.00340510175127913,0.124918654483916,338943
2021-04-09,586.5,592.5,583.400024,588.299988,584.534302,0.003753722462821,48812.171875,-0.0022843179955638,0.124871727821708,297019
2021-04-12,588.799988,591.900024,583.5,589.700012,585.925354,0.002379761111094,48487.941406,-0.00664241021338496,0.124799427368765,286923
2021-04-13,590.099976,596.799988,587.599976,594.799988,590.992676,0.008648408821032,48897.789063,0.0084525687235978,0.125171448594013,443772
2021-04-14,610,614,606.099976,611.799988,607.88385,0.02858102085854,48009.71875,-0.0181617682520534,0.120930275584641,577458
2021-04-15,610.900024,616.700012,604.900024,616.700012,612.752502,0.008009181359235,48498.640625,0.0101838104394227,0.121323197164382,518798
2021-04-16,617.099976,630.5,614.799988,630,625.967346,0.02156636481592,48328.199219,-0.00351435429536842,0.120626796960689,587186
2021-04-19,632.200012,632.799988,622.599976,624.900024,620.900024,-0.008095185846963,48399.800781,0.00148156900437222,0.120504594258362,328492
2021-04-20,621.299988,622.599976,605.099976,605.299988,605.299988,-0.025124875820588,,,,570894
2021-04-21,605,627.799988,603.299988,624.599976,624.599976,0.031884996501933,,,,515257
2021-04-22,628,637.700012,626.700012,632,632,0.011847621332602,,,,436028
2021-04-23,630.400024,634,623.900024,628.099976,628.099976,-0.006170924050633,,,,366234
2021-04-26,623.900024,629.599976,622,625.799988,625.799988,-0.003661818321738,,,,265587
2021-04-27,625,633.900024,623.900024,632.700012,632.700012,0.011025925427151,,,,320541
2021-04-28,632.700012,635.299988,628.599976,633.200012,633.200012,0.00079026393317,,,,262268
2021-04-29,635.900024,639.900024,632.200012,635.700012,635.700012,0.003948199546149,,,,290676
2021-04-30,635.5,637.700012,625.700012,626.200012,626.200012,-0.014944155766352,,,,349054
2021-05-03,627.299988,635.299988,627.299988,630.599976,630.599976,0.007026451478254,,,,242931
2021-05-04,631.299988,632.599976,617.200012,618.900024,618.900024,-0.018553682913556,,,,413624
2021-05-05,622.900024,631.799988,622.599976,631.799988,631.799988,0.020843372919307,,,,374426
