Date,Open,High,Low,Close,Adj Close,Rendimiento,IPC,Rend-ipc,Correlacion,Volume
2019-01-07,74.739998,76.360001,74.300003,75.720001,74.068581,0,43542.871094,0,0,8184800
2019-01-08,76.830002,77.400002,76.199997,76.730003,75.056564,0.01333875965573,43648.070313,0.002415991788251,0,8809000
2019-01-09,76.970001,77.150002,76.139999,76.589996,74.919617,-0.001824583923133,43668.949219,0.000478346599295,1,8591000
2019-01-10,75.639999,77.339996,75.459999,76.419998,74.753334,-0.002219485451988,43556.109375,-0.002583983494407,0.807742512884763,11148600
2019-01-11,76.339996,76.889999,75.800003,76.040001,74.381622,-0.00497251400185,43397.980469,-0.003630464434704,0.849637163861669,10689900
2019-01-14,75.459999,76.809998,75.459999,76.089996,74.430511,0.00065727257198,43603.621094,0.004738483744581,0.571274693301524,5677400
2019-01-15,76.190002,77.980003,76.129997,77.879997,76.181488,0.02352498963765,43819.53125,0.004951656550142,0.708206476358065,6212400
2019-01-16,78,78.849998,77.589996,77.68,75.98584,-0.002568182968545,43932.078125,0.002568418049885,0.629776883472782,5697100
2019-01-17,77.540001,79.400002,77.309998,79.129997,77.404213,0.018666280454358,44241.539063,0.007044076929834,0.723566774270896,7737300
2019-01-18,79.949997,80.970001,79.739998,80.449997,78.695419,0.016681340071244,44028.960938,-0.004804944165647,0.389259779584547,10404100
2019-01-22,80.330002,81.309998,80.199997,80.75,78.988884,0.003729124309002,43768.078125,-0.005925254819603,0.382035874246897,8781700
2019-01-23,81.190002,81.400002,80.220001,80.5,78.744331,-0.003096043235653,43679.671875,-0.002019879642591,0.410233578505993,5823000
2019-01-24,80.599998,80.870003,79.550003,80.440002,78.685654,-0.000745158403848,43566.109375,-0.0025998936147,0.431455121726375,4753200
2019-01-25,81.25,81.330002,80.43,80.610001,78.851944,0.002113345845737,43638.621094,0.001664406577504,0.41791348286243,4457100
2019-01-28,79.800003,80.510002,79.739998,80.32,78.568268,-0.003597577759148,43626.148438,-0.000285816913718,0.41326350142865,5452000
2019-01-29,80.360001,80.830002,79.839996,80.220001,78.470451,-0.001244993716802,43700.101563,0.001695155947702,0.390071662751176,4187500
2019-01-30,80.400002,81.290001,80.059998,81.279999,79.507332,0.01321364904606,43631.359375,-0.001573044124415,0.343975073750392,5200200
2019-01-31,81.18,81.949997,80.709999,81.879997,80.094231,0.007381696571078,43987.941406,0.008172608786613,0.338578033332086,8599200
2019-02-01,81.830002,81.900002,81.129997,81.510002,79.732315,-0.004518627565074,43738.269531,-0.00567591633115,0.391807766657126,5351900
2019-02-04,81.220001,82,80.830002,81.989998,80.201851,0.005888904642992,44337.101563,0.013691260272096,0.340595951629135,4236600
2019-02-05,81.980003,83.190002,81.93,82.860001,81.052864,0.010610889766123,43855.789063,-0.010855750218947,0.220008570766626,6545600
2019-02-06,82.510002,82.709999,81.639999,82.709999,80.906136,-0.001810275328457,43624.550781,-0.005272696876297,0.247272119381002,3682800
2019-02-07,82.150002,82.849998,81.709999,82.389999,80.593132,-0.003868730055283,43180.449219,-0.010180083325773,0.300027149383919,4827500
2019-02-08,82.25,82.720001,81.940002,82.360001,80.563782,-0.000364174952277,43285.171875,0.002425233129671,0.286311325408947,3786500
2019-02-11,82.949997,83.830002,82.870003,83.68,81.854988,0.016027127425572,43113.789063,-0.003959388505951,0.232481451065735,6158500
2019-02-12,83.970001,84.839996,83.620003,84.709999,82.862526,0.012308816171349,42284.058594,-0.019245129853643,0.084070403474676,6290300
2019-02-13,84.760002,85.589996,84.760002,85.400002,83.537468,0.008145322530959,42725.21875,0.010433250039593,0.106578422750735,5032800
2019-02-14,84.610001,85.139999,83.699997,84.68,82.833176,-0.008430851650902,42988.71875,0.006167317750714,0.044792911677081,5179000
2019-02-15,85.489998,85.779999,85.099998,85.379997,83.517906,0.008266373850014,42981.308594,-0.000172374432536,0.045301360820748,6111300
2019-02-19,84.580002,85.050003,84.459999,84.57,82.725563,-0.009487103280583,42949.5,-0.000740056434774,0.045718019467355,5105900
2019-02-20,84.629997,84.949997,84.349998,84.839996,82.989693,0.003192846206438,43178,0.005320201632149,0.042932574762716,6436100
2019-02-21,83.57,84.150002,83.349998,83.949997,82.119095,-0.010490435239952,43577.640625,0.009255653920978,-0.033417385403548,8579200
2019-02-22,84.199997,85.019997,84.029999,84.760002,82.911438,0.009648705943484,43738.660156,0.003695003416675,-0.02084676595276,4449500
2019-02-25,85.389999,85.730003,84.959999,85.169998,83.312485,0.004837052759837,43664.328125,-0.001699458344972,-0.022068731824178,6229700
2019-02-26,85.309998,86.080002,85.199997,85.800003,83.928749,0.00739701858611,43623.328125,-0.000938981584295,-0.024091606169796,6678700
2019-02-27,85.529999,86.220001,85.059998,86.169998,84.290672,0.004312264918902,43311.179688,-0.007155539258847,-0.02590602604505,4588200
2019-02-28,86.080002,86.400002,85.68,85.730003,83.860291,-0.005105914922591,42823.808594,-0.011252778093575,0.023927753619777,4988100
2019-03-01,86.93,87.989998,86.239998,87.160004,85.478439,0.019295759419676,42619.230469,-0.004777205291093,-0.00936698896434,6314900
2019-03-04,87.32,87.989998,85.110001,85.639999,83.987762,-0.017439216455509,42418.488281,-0.004710131689168,0.029628877184631,7339500
2019-03-05,85.879997,86.25,85.440002,85.440002,83.791634,-0.002335197358872,42128.910156,-0.006826696017116,0.044038291003758,4976300
2019-03-06,85.599998,85.989998,85.040001,85.129997,83.48761,-0.003628333587575,41908.148438,-0.005240147850551,0.056145328488157,3198000
2019-03-07,84.970001,85.410004,84.660004,85.260002,83.615105,0.001527112825484,41641.839844,-0.006354577902528,0.059058570080011,4321800
2019-03-08,84.580002,84.879997,84.019997,84.800003,83.163979,-0.005395269192092,41586.699219,-0.001324163994832,0.059325728770961,4669700
2019-03-11,85.389999,85.940002,85.050003,85.82,84.164291,0.012028188309749,41876.171875,0.006960702855391,0.087184016645384,3999800
2019-03-12,85.779999,86.080002,85.019997,85.43,83.78183,-0.004544219353075,41740.621094,-0.003236942990028,0.093380226789368,4431600
2019-03-13,85.699997,86.660004,85.599998,85.93,84.272179,0.005852689061578,41932.558594,0.004598338380441,0.099024873764701,5037800
2019-03-14,86.150002,86.879997,85.699997,86.870003,85.194054,0.010939256714841,41777.808594,-0.003690449740936,0.088949447356105,5906100
2019-03-15,87.220001,87.610001,85.959999,86.800003,85.125389,-0.000805983478612,42210.460938,0.010356032510095,0.069478325515619,11031400
2019-03-18,87.300003,87.839996,87,87.82,86.12571,0.011751147474933,42378.609375,0.003983572632552,0.083326562190485,7750700
2019-03-19,88.220001,88.589996,87.290001,87.690002,85.998215,-0.001480336127273,43156.210938,0.018348916457337,0.046608045347005,6642200
2019-03-20,87.5,87.580002,86.089996,86.690002,85.017517,-0.011403701809392,43251.191406,0.002200852807408,0.034002414741892,5991500
2019-03-21,87.239998,88.120003,86.830002,88.010002,86.312057,0.01522674438963,42259.121094,-0.022937410040047,-0.052904500079363,10386900
2019-03-22,85.199997,85.900002,82.150002,82.190002,80.604347,-0.066128768081613,42703.378906,0.010512708274547,-0.183875416005412,21659800
2019-03-25,81.480003,83.220001,80.889999,82.330002,80.741623,0.001703084326209,42826.160156,0.002875211590874,-0.183563928400994,15558300
2019-03-26,83.629997,84.089996,82.910004,83.379997,81.77137,0.012753607888214,42947.550781,0.002834497058756,-0.175386099419415,9611900
2019-03-27,83.690002,83.800003,82.040001,83.089996,81.486969,-0.003478002141825,42942.230469,-0.000123879287718,-0.175208617278883,6485100
2019-03-28,83.93,84.720001,83.699997,84.040001,82.418633,0.011433288186238,43281.28125,0.007895509322571,-0.15766181813637,6032700
2019-03-29,84.599998,84.849998,83.860001,84.209999,82.585373,0.002023086211585,43672.058594,0.009028784100517,-0.155524019940011,6492000
2019-04-01,85.040001,85.32,84.699997,85.230003,83.585686,0.012112471781171,43324.589844,-0.007956317178228,-0.168056025853965,6737400
2019-04-02,85,85.260002,84.160004,84.370003,82.742287,-0.010090232435252,43339.75,0.000349920358267,-0.167605776136619,4433800
2019-04-03,84.900002,84.989998,84.25,84.470001,82.840347,0.001185125569468,43937.390625,0.013789664799635,-0.16472875304825,4080900
2019-04-04,84.489998,85.379997,84.360001,85.279999,83.634712,0.009589107587876,44989.859375,0.023953829188053,-0.122336455328382,3660700
2019-04-05,86,86.160004,85.050003,85.400002,83.752403,0.001407202789196,45436.28125,0.009922722168989,-0.122015452071058,7367400
2019-04-08,85.010002,85.290001,84.57,84.730003,83.095329,-0.007845434596068,45151.628906,-0.006264868870623,-0.109569800093213,4705800
2019-04-09,84.220001,84.599998,83.970001,84.279999,82.653999,-0.005311128860204,44909.140625,-0.005370532290315,-0.101931084959794,3804500
2019-04-10,84.639999,85.010002,84.559998,84.879997,83.242439,0.007119316755624,44580.058594,-0.00732772942034,-0.10763079479221,3918400
2019-04-11,84.900002,85.050003,84.279999,85,83.360123,0.001413750022389,44686.058594,0.002377744743796,-0.10772268214802,3347400
2019-04-12,85.300003,86.489998,85.290001,86.239998,84.576195,0.014588174252094,44625.78125,-0.001348907151281,-0.110309232986918,6037000
2019-04-15,86.889999,87.239998,86.440002,86.830002,85.154808,0.006841322194738,45009.359375,0.008595437754941,-0.103225038682569,5034900
2019-04-16,87,87.949997,87,87.800003,86.106102,0.011171348069976,45525.289063,0.011462720091203,-0.086299455207376,4652700
2019-04-17,87.949997,88.970001,87.449997,88.730003,87.018173,0.010592408421879,45381.21875,-0.003164621597474,-0.090705538417815,5694900
2019-04-18,88.760002,90,88.699997,89.199997,87.47908,0.005296675212889,45148.320313,-0.00513204456414,-0.092866303033139,7016600
2019-04-22,88.349998,88.639999,87.300003,87.360001,85.674599,-0.020627571757728,45045.328125,-0.002281196449524,-0.080823307988638,5390500
2019-04-23,87.57,87.669998,87.010002,87.43,85.743233,0.000801100919072,45026.679688,-0.000413992699715,-0.080634837392138,7513700
2019-04-24,87.669998,88.82,87.43,88.389999,86.684715,0.010980248435465,44974.96875,-0.001148451059645,-0.082439399918192,8063000
2019-04-25,88.400002,88.540001,87.489998,87.559998,85.87072,-0.009390294471176,44956.730469,-0.000405520704225,-0.080437312518447,7069900
2019-04-26,87.949997,88.940002,87.330002,88.309998,86.606255,0.008565608859458,44597.320313,-0.007994579504571,-0.087580289471494,6219600
2019-04-29,88.18,88.510002,88.129997,88.260002,86.557228,-0.000566090751759,44312.429688,-0.006388065986937,-0.084513176667196,5008400
2019-04-30,88.290001,88.400002,87.260002,87.830002,86.135521,-0.00487200213944,44277.238281,-0.00079416559299,-0.083263753432981,7614100
2019-05-01,87.730003,87.949997,85.870003,85.900002,84.242752,-0.021974314174056,44116.699219,-0.003625769542833,-0.068071179734967,6524600
2019-05-02,86.209999,86.279999,84.989998,85.269997,83.624916,-0.007333995926439,43583.601563,-0.012083806482295,-0.051601783643723,6813700
2019-05-03,85.900002,86.300003,85.699997,85.699997,84.046608,0.005042659773793,43410.738281,-0.003966245922796,-0.053371309518739,6798300
2019-05-06,83.769997,83.870003,82.860001,83.57,81.95771,-0.024854042890107,43193.359375,-0.00500749157024,-0.034210617502311,12836600
2019-05-07,83.019997,83.629997,81.830002,82.540001,80.947571,-0.012325124750314,43382.351563,0.004375491759258,-0.041791012641381,9811300
2019-05-08,82.43,83.989998,82.139999,82.769997,81.173141,0.002786618513853,43142.460938,-0.005529682379058,-0.042832584365304,9501300
2019-05-09,82.209999,83.010002,81.540001,82.980003,81.379082,0.002537058409505,43431.53125,0.006700366778229,-0.041420537311604,6336600
2019-05-10,82.779999,84.269997,82.190002,83.949997,82.330368,0.011689564156057,43338.820313,-0.002134645828312,-0.044104883514243,5450500
2019-05-13,81.650002,82.629997,81.32,82.529999,80.937775,-0.016914694223157,43442.488281,0.002392034837388,-0.049100137347082,6445200
2019-05-14,82.779999,84,82.059998,83.669998,82.055771,0.013813031059972,43445.621094,7.21140322289958E-05,-0.048675839387235,7529200
2019-05-15,83.169998,84.489998,82.940002,84.010002,82.389221,0.004063699553807,43519.21875,0.001694017812307,-0.048042517534635,4862200
2019-05-16,84.510002,85.400002,84.199997,84.279999,82.653999,0.00321374564277,43190.101563,-0.007562571122672,-0.04960601665866,6745200
2019-05-17,83.510002,85.519997,83.5,84.57,82.938416,0.00344105552594,42942.230469,-0.005739071801867,-0.05096307134589,5068200
2019-05-20,83.800003,83.800003,82.739998,82.849998,81.251602,-0.020338150658677,42812.570313,-0.00301940897303,-0.042319861131935,7181900
2019-05-21,83.360001,83.800003,82.510002,83.639999,82.026352,0.009535196610646,42617.601563,-0.004554007119278,-0.046671256064764,5762500
2019-05-22,82.989998,83.339996,82.760002,83.199997,81.594841,-0.005260638678653,42491.429688,-0.00296055785339,-0.04440131448417,5237800
2019-05-23,82.5,83.059998,81.989998,82.639999,81.045647,-0.006730744165553,42207.710938,-0.006677081757033,-0.037998364472599,9704200
2019-05-24,82.199997,83.169998,82.089996,82.160004,80.574913,-0.005808257660032,42854.75,0.01532987806305,-0.0496628103076,5999000
2019-05-28,82.849998,83.190002,81.129997,81.199997,79.633415,-0.011684753541093,43345.820313,0.011458947094546,-0.065762443778336,7927300
2019-05-29,80.709999,80.860001,77.699997,78.870003,77.348381,-0.028694411761696,42749.160156,-0.013765113976192,-0.017794566646105,10116900
2019-05-30,78.919998,79.730003,78.610001,79.260002,77.730843,0.004944667167629,43108.421875,0.008403948000124,-0.013501553802682,6177800
2019-05-31,78,78.260002,77.07,77.139999,75.86232,-0.024038373030381,43241.820313,0.003094486696516,-0.021600183839342,8891100
2019-06-03,77.239998,78.580002,77.080002,77.959999,76.668747,0.010630138914813,43420.378906,0.004129303338933,-0.016887224743413,11665500
2019-06-04,79.300003,81.650002,78.779999,81.620003,80.26812,0.046947069579734,43147.828125,-0.006277024472542,-0.044915461773126,7526800
2019-06-05,82.290001,82.900002,81.93,82.720001,81.349907,0.013477168768871,43291.328125,0.003325775739726,-0.040428120975297,8173200
2019-06-06,82.720001,83.059998,82.080002,82.449997,81.084381,-0.003263998814406,43609.171875,0.007341972717544,-0.043320568452793,4953000
2019-06-07,83.089996,83.68,82.809998,83.410004,82.028488,0.01164351245402,43713.660156,0.002396016170623,-0.040683552157629,3891100
2019-06-10,83.75,84.199997,82.449997,82.580002,81.212227,-0.009950945334991,43800.160156,0.00197878648668,-0.042599438938084,4419800
2019-06-11,83.650002,84.339996,83.129997,83.260002,81.880974,0.00823456054222,43483.199219,-0.007236524612492,-0.047538503361999,3939400
2019-06-12,83.480003,84.019997,82.519997,82.629997,81.261398,-0.00756678834817,43130.648438,-0.008107747068573,-0.04042618806442,4025900
2019-06-13,83.150002,83.919998,83.050003,83.610001,82.225174,0.011860194676936,42964.710938,-0.003847322171345,-0.044227538564481,3383400
2019-06-14,83.510002,83.860001,83.040001,83.440002,82.057976,-0.002033416189548,43161.050781,0.004569793179415,-0.045514967290082,4355600
2019-06-17,83.339996,83.459999,82.010002,82.110001,80.750015,-0.015939474305337,43375.671875,0.004972564154867,-0.053174953386721,5101900
2019-06-18,82.699997,84.650002,82.5,84.300003,82.903748,0.026671611144592,43645.109375,0.006211719342964,-0.037102342279545,6456500
2019-06-19,83.730003,83.900002,83.139999,83.550003,82.166161,-0.008896907773096,43526.730469,-0.002712306320117,-0.034420039633336,6217700
2019-06-20,84.900002,85.669998,84.419998,85.239998,83.828171,0.020227426714022,43743.71875,0.004985172988229,-0.025259182856286,6163800
2019-06-21,85.160004,85.75,84.599998,85.75,84.32972,0.005983060276956,43792.171875,0.001107659028189,-0.02478211084793,9289800
2019-06-24,86,86.849998,84.370003,84.5,83.100426,-0.014577233269599,43792.078125,-2.14079357076875E-06,-0.024513263090648,8043300
2019-06-25,84.599998,84.690002,82.160004,82.620003,81.251564,-0.022248526138723,43316.558594,-0.010858574229857,-0.00121033462269,7339900
2019-06-26,83.150002,83.690002,82.440002,82.550003,81.182724,-0.000847245229643,43161.171875,-0.003587236014209,-0.000660531554984,5838500
2019-06-27,82.93,83.769997,82.93,83.660004,82.274345,0.01344646922663,43438.238281,0.006419343914072,0.006540794937101,11436700
2019-06-28,83.989998,84.75,82.669998,83.949997,82.559532,0.003466293168302,43441.800781,8.20129945637838E-05,0.006556632261452,12443800
2019-07-01,84.93,86.279999,84.900002,85.410004,83.995354,0.017391353429668,43483.230469,0.000953682565068,0.007878374426893,6587300
2019-07-02,85.360001,85.470001,84.220001,84.959999,83.552803,-0.005268755698083,43461.480469,-0.000500192827566,0.008159152397707,7187200
2019-07-03,85.330002,86.290001,85.120003,86.199997,84.772255,0.014594986119137,43405.320313,-0.001292182304744,0.006583993834885,4012800
2019-07-05,85.800003,86.910004,85.419998,86.82,85.382004,0.007192789669214,43589.078125,0.004233531988127,0.008787166979838,6440900
2019-07-08,86.059998,88.519997,85.970001,88.480003,87.014503,0.019119942417843,42818.660156,-0.017674564412459,-0.018236912143895,7052000
2019-07-09,88.099998,88.800003,87.82,88.040001,86.581802,-0.004972745750211,42805.609375,-0.000304791905035,-0.018114338472826,6219700
2019-07-10,88.480003,88.940002,87.389999,87.440002,85.991737,-0.006815115721431,42882.019531,0.001785050069737,-0.019380195165247,5985500
2019-07-11,87.709999,88.300003,87.400002,88.290001,86.827652,0.009720875855781,42647.308594,-0.005473411456994,-0.023123319076096,3942400
2019-07-12,88.18,89.309998,88.010002,89.120003,87.643898,0.009400760946524,43063.949219,0.009769447093752,-0.016267125432246,4240900
2019-07-15,89.059998,89.870003,89.059998,89.480003,87.99794,0.004039551047809,42984.96875,-0.001834027543511,-0.016651550985043,3750900
2019-07-16,89.5,89.709999,88.57,88.599998,87.132507,-0.009834696130387,42551.539063,-0.01008328491573,-0.007219533967505,5812800
2019-07-17,88.419998,88.690002,87.440002,87.5,86.050728,-0.012415331972487,41618.109375,-0.021936449504635,0.016760365192286,4461500
2019-07-18,87.629997,87.760002,86.760002,87.440002,85.991737,-0.000685537489003,41606.539063,-0.000278011475623,0.016753381944227,4607000
2019-07-19,87.730003,87.879997,86.480003,86.550003,85.11647,-0.010178501220414,41209.320313,-0.009547026956473,0.024859674491249,6635300
2019-07-22,86.559998,86.989998,85.830002,85.970001,84.546074,-0.006701358738209,40935.339844,-0.006648507350255,0.028591732584481,6810300
2019-07-23,86.639999,87.099998,86.230003,86.699997,85.263985,0.00849135821493,41167.738281,0.005677207954927,0.03201979970464,5659900
2019-07-24,86.650002,87.209999,86.309998,86.699997,85.263985,0,40933.429688,-0.005691558554922,0.03241943009734,6362900
2019-07-25,86.82,87.5,86.589996,87.279999,85.834389,0.006689858561033,40673.78125,-0.006343187951244,0.029759147687998,4546400
2019-07-26,87.440002,87.839996,86.769997,87.540001,86.090073,0.002978806082024,41276.671875,0.014822586110063,0.031439715875427,3707200
2019-07-29,87.650002,87.870003,87.18,87.620003,86.168755,0.000913949741917,41159.269531,-0.002844278345782,0.031474276857733,4387300
2019-07-30,86.82,87.910004,86.360001,87.199997,85.755707,-0.004793477635832,40863.089844,-0.00719594128795,0.034443769680602,3561200
2019-07-31,87.089996,87.269997,85.550003,86.029999,84.605087,-0.013417416056053,40346.800781,-0.012634606559881,0.047266654588694,5818200
2019-08-01,85.260002,86.769997,82.699997,83.120003,81.743286,-0.033825401066014,39977.519531,-0.009152677358595,0.067712905867927,7871800
2019-08-02,82.529999,83.239998,80.790001,81.139999,79.796089,-0.023820879919117,39496.359375,-0.012035768142816,0.086398259343882,8761400
2019-08-05,79.660004,80.050003,78.190002,78.970001,77.662025,-0.026743967364115,39785.628906,0.007323954298003,0.069534527222153,8493300
2019-08-06,79.849998,81.589996,79.489998,81.300003,79.95343,0.029504831994788,40432.359375,0.016255378808464,0.100342205061948,8664500
2019-08-07,80.5,81.82,80.089996,81.279999,79.933746,-0.000246193315284,40439.421875,0.000174674446636,0.100300365773373,6275000
2019-08-08,81.809998,83.360001,81.610001,83,81.625282,0.021161725612109,40421.28125,-0.000448587644405,0.099525164120249,6208900
2019-08-09,83.139999,83.43,81.32,81.980003,80.622177,-0.012289145904574,39851.210938,-0.014103222222824,0.109873918723378,5460200
2019-08-12,81.410004,81.949997,81.18,81.650002,80.297623,-0.004025616921756,39476.5,-0.009402749105491,0.112058422540124,3762500
2019-08-13,81.169998,84.150002,80.849998,83.32,81.93998,0.020453370082948,38650.089844,-0.020934230643547,0.083016240804082,6896800
2019-08-14,81.239998,81.690002,80.510002,81.029999,79.687904,-0.027484458746512,38574.179688,-0.001964035693226,0.083941958788608,7266100
2019-08-15,80.93,81.300003,79.440002,79.510002,78.193077,-0.018758518231324,39339.550781,0.019841539060339,0.057195699559085,6713600
2019-08-16,80.089996,80.559998,79.25,80.279999,78.950325,0.009684335609404,39556.320313,0.00551021879245,0.060448499615191,5649000
2019-08-19,82,82.339996,80.830002,81.129997,79.786232,0.010587758821765,39700.050781,0.003633565176505,0.062868129332794,7027900
2019-08-20,80.720001,81.230003,79.449997,80.529999,79.196182,-0.007395386211496,40076.039063,0.009470725467685,0.057652341777662,5903100
2019-08-21,81.940002,82.839996,81.629997,82.739998,81.369576,0.027443166389006,40144.238281,0.001701745471722,0.060441363259697,6454200
2019-08-22,83,83.720001,82.5,83.309998,81.930122,0.006888889282156,39862.070313,-0.007028853456501,0.057862808424061,5571600
2019-08-23,82.019997,82.760002,80.029999,80.440002,79.107681,-0.034449368939058,40081.71875,0.005510211468579,0.044237574932594,8497800
2019-08-26,81.440002,82.279999,80.739998,82.25,80.887688,0.02250106408757,40648.96875,0.014152337217326,0.061752427831273,4336000
2019-08-27,82.629997,83.18,82,82.029999,80.671341,-0.002674659213897,40941.960938,0.007207862757896,0.060129991720636,3842500
2019-08-28,81.900002,83.589996,81.720001,83.480003,82.097328,0.017676500505923,41831.300781,0.021721965011563,0.079224338900155,4123700
2019-08-29,84.220001,85.769997,84.169998,85.379997,83.965843,0.022759754129879,42622.5,0.018914047716139,0.099974773068826,5101900
2019-08-30,85.699997,85.989998,84.410004,84.5,83.315102,-0.007750068084233,42108.230469,-0.012065681998944,0.104720199914888,5235400
2019-09-03,84,84.830002,83.620003,84.669998,83.482719,0.002011844143214,41826.550781,-0.00668942116215,0.104101297903881,6360800
2019-09-04,85.580002,86.5,85.5,86.349998,85.139153,0.019841639321786,42324.46875,0.011904351654696,0.114973923653511,4151200
2019-09-05,87.279999,88.620003,87.279999,88.419998,87.18013,0.023972249289349,42731.480469,0.009616463738839,0.125244184201035,6328400
2019-09-06,88.400002,88.980003,88.019997,88.690002,87.44635,0.003053677483619,42707.660156,-0.00055744179089,0.125186051473905,3625300
2019-09-09,88.940002,89.349998,88.419998,88.669998,87.426636,-0.000225441084734,42662.46875,-0.001058156916931,0.125244095044324,4282400
2019-09-10,88.260002,88.629997,86.290001,86.830002,85.612427,-0.020751215910904,42588.101563,-0.001743152451767,0.126187005702715,7072400
2019-09-11,86.959999,87.25,85.870003,86.75,85.533546,-0.000921373248769,42749.171875,0.003782049588703,0.12572239146754,4623300
2019-09-12,87.099998,88.07,86.220001,87.669998,86.440643,0.010605160693326,42670.410156,-0.001842415081871,0.124646551187732,4057500
2019-09-13,88.25,88.790001,87.300003,87.32,86.095558,-0.00399216141879,42841.460938,0.004008650991979,0.123457329546546,5894700
2019-09-16,87.089996,87.82,86.669998,87.269997,86.046257,-0.00057263116873,43448.941406,0.014179732779868,0.121252270454067,4171700
2019-09-17,86.769997,87.639999,86.470001,87.589996,86.361763,0.003666702201817,43070.339844,-0.008713711997313,0.119638768490892,3248400
2019-09-18,87.650002,88.400002,87.209999,88.080002,86.844902,0.005594362403185,43017.460938,-0.001227733660601,0.119311167554792,4722200
2019-09-19,88.400002,88.720001,87.510002,87.699997,86.47023,-0.004314265908205,43559.449219,0.012599262466494,0.115065737921119,4231200
2019-09-20,88,88.489998,86.669998,86.68,85.464539,-0.011630488319506,43507.949219,-0.001182292267771,0.115556363783621,6991100
2019-09-23,86.980003,88.019997,86.800003,87.690002,86.460373,0.011652013942297,43099.328125,-0.009391872090849,0.109852936278238,4790000
2019-09-24,88.449997,88.690002,86.760002,87.18,85.95752,-0.005815993877334,43014.078125,-0.00197798907103,0.110422311144136,10202900
2019-09-25,91.779999,92.790001,90.150002,90.809998,89.536621,0.041638020733963,42984.75,-0.000681826189899,0.106494445002016,25330700
2019-09-26,91.620003,92.449997,90.25,92.169998,90.877548,0.014976296682003,42857.578125,-0.002958534712892,0.104200826670721,10408300
2019-09-27,91.849998,92.860001,91.599998,92.309998,91.015587,0.001518956035213,43011.269531,0.003586096385375,0.104195708706204,6420500
2019-09-30,92.529999,94.080002,92.5,93.919998,92.603004,0.017441155436376,42937.160156,-0.001723022263888,0.102469509876407,7401200
2019-10-01,94.129997,94.75,92.059998,92.279999,90.986008,-0.017461593362565,42222.898438,-0.016635047949257,0.11566980921558,8464900
2019-10-02,91.470001,91.839996,90.57,91.489998,90.207092,-0.008560832782113,42443.308594,0.005220156932705,0.112892279281698,6933900
2019-10-03,91.309998,92.32,90.349998,92.220001,90.926857,0.007979028965926,43416.898438,0.022938594474645,0.117773449072331,5762300
2019-10-04,92.220001,93.169998,91.93,93.07,91.764931,0.00921701274685,42952.289063,-0.010701118497985,0.113160499504003,4551400
2019-10-07,92.5,93.919998,92.400002,93.169998,91.863525,0.001074419159101,42535.140625,-0.009711902371213,0.112824861688618,4975400
2019-10-08,90.449997,92.709999,90.410004,91.75,90.46344,-0.015240923968463,42501.921875,-0.000780971909623,0.112924640945475,6916800
2019-10-09,92.410004,93.050003,91.82,92.519997,91.222641,0.008392351650567,42929.761719,0.010066364651893,0.115765884838738,5115900
2019-10-10,93.5,93.5,92.720001,93,91.695908,0.005188043174501,43214.601563,0.006635020382001,0.116764248239256,5794100
2019-10-11,94,94.57,93.559998,93.879997,92.563568,0.009462363358679,43299.53125,0.001965300706896,0.117380249025896,6220100
2019-10-14,94.199997,95.25,94.050003,94.879997,93.549553,0.01065197702837,43244.628906,-0.001267966243861,0.116685870852015,4636000
2019-10-15,95,95.18,94.120003,94.790001,93.460823,-0.000948481282428,43538.488281,0.006795280302642,0.115778783959152,4292500
2019-10-16,94.089996,95.139999,94.07,94.879997,93.549553,0.000949381753251,43479.980469,-0.001343818178123,0.115791441387152,4883300
2019-10-17,95.57,95.889999,94.970001,95.559998,94.220016,0.007166928953685,43178.628906,-0.006930811829938,0.113668317753285,3427400
2019-10-18,94.809998,96.459999,94.800003,96.099998,94.752441,0.005650869343941,43405.429688,0.005252616577839,0.114554662763246,6209200
2019-10-21,96.610001,96.870003,95.419998,96.220001,94.870766,0.001248780493159,43363.539063,-0.000965101032316,0.114554420363898,5185800
2019-10-22,96.059998,96.830002,95.519997,95.599998,94.259453,-0.006443639339857,43546.480469,0.00421878402808,0.112902650955043,5470100
2019-10-23,95.029999,95.540001,92.120003,92.32,91.025452,-0.034309566808116,43776.601563,0.005284493523278,0.102575974050566,11933600
2019-10-24,92.68,92.870003,90.989998,91.5,90.216942,-0.008882240980248,43389.160156,-0.008850422215677,0.106082167690656,12085800
2019-10-25,91.440002,91.830002,90.75,90.919998,89.645081,-0.006338731809376,43765.488281,0.008673321254594,0.102880993041018,8147200
2019-10-28,91.059998,91.300003,90.169998,90.849998,89.576065,-0.000769880502423,43851.058594,0.001955200692623,0.102711905178354,10304700
2019-10-29,90.849998,90.919998,89.129997,89.279999,88.028069,-0.017281357469766,43741.621094,-0.002495663810838,0.104298430447223,9044700
2019-10-30,89.449997,90.269997,89.349998,90.190002,88.925316,0.010192737500581,43337.28125,-0.009243823934442,0.10008784976552,8127500
2019-10-31,90,90.410004,88.940002,89.550003,88.294289,-0.007096145714006,43814.550781,0.011012908914308,0.095695739283493,6752000
2019-11-01,90.18,90.529999,89,89.18,87.929482,-0.004131716831652,43815.761719,2.76378047570654E-05,0.095671636429051,5263600
2019-11-04,90.129997,90.559998,89.32,89.860001,88.599953,0.00762509894008,43611.839844,-0.004654075770902,0.09416511694136,8161200
2019-11-05,90.150002,90.339996,89.540001,89.879997,88.619667,0.000222505761374,43818.511719,0.004738893743976,0.093940517349256,5589700
2019-11-06,90.639999,90.720001,88.739998,89.480003,88.225273,-0.004450411667649,44119.898438,0.006878068359161,0.092154639680228,7033800
2019-11-07,90.470001,90.599998,89.769997,90.400002,89.13237,0.010281600375439,43702.230469,-0.009466657535192,0.087889682147073,7110000
2019-11-08,90.279999,90.349998,89.290001,89.809998,88.550636,-0.006526629999853,43595.601563,-0.002439896198791,0.088609652256038,4555400
2019-11-11,89.370003,90.099998,89.370003,90.050003,88.787277,0.002672380580079,43100.769531,-0.011350503588875,0.087344769184365,3247300
2019-11-12,90.309998,92.029999,89.489998,89.5,88.244987,-0.006107744468839,43098.660156,-4.8940541501999E-05,0.087299225712862,3979600
2019-11-13,89.730003,91.550003,89.57,91.290001,90.00988,0.019999923621724,43188.691406,0.0020889570505,0.088591891367379,5923600
2019-11-14,91.489998,91.959999,90.720001,91.269997,89.990173,-0.000218942631631,43392.359375,0.004715770780953,0.088276022821809,6035300
2019-11-15,92.139999,93.559998,91.959999,93.040001,91.735359,0.019393073063656,43602.25,0.004837041083342,0.091584721159359,6785500
2019-11-18,93.5,94.260002,92.910004,94.18,92.859367,0.012252723619908,43604.699219,5.61718489298581E-05,0.091448985921894,6165600
2019-11-19,94.610001,95.120003,93.059998,93.610001,92.297363,-0.006052205804935,43255.429688,-0.008009905749971,0.093616272262882,5368400
2019-11-20,94.110001,94.400002,92.769997,93.050003,91.745216,-0.005982261920094,43521.859375,0.006159450707616,0.09159841449098,6235400
2019-11-21,92.620003,93.300003,92.07,92.160004,90.867691,-0.009564803902146,43535.109375,0.000304444713307,0.091345948850581,5493100
2019-11-22,92.209999,93.349998,91.93,93.339996,92.031143,0.012803802839009,42852.359375,-0.015682744566437,0.08269214963497,4264400
2019-11-25,93.779999,93.970001,92.739998,92.900002,91.597313,-0.004713947755707,43036.160156,0.004289163623211,0.081564419540123,5419700
2019-11-26,93.379997,93.629997,93.019997,93.330002,92.021278,0.00462857463952,43100.121094,0.001486213866854,0.081769669884808,5907400
2019-11-27,93.5,94.379997,93.5,94.139999,92.819923,0.008678916630565,42820.179688,-0.006495141983232,0.079542456634781,4017400
2019-11-29,94.370003,94.610001,93.389999,93.489998,92.419556,-0.004313373541583,42544.140625,-0.006446471383616,0.080833066199044,2541800
2019-12-02,94.089996,94.279999,92.980003,93.559998,92.488762,0.000748824199069,42294.519531,-0.005867343665495,0.080815119229544,3892000
2019-12-03,92.480003,92.550003,91.309998,92.459999,91.40136,-0.011757125692741,42191.921875,-0.002425790791282,0.081867750755027,5570700
2019-12-04,92.809998,93.790001,92.730003,93.720001,92.646935,0.013627532456848,42216.03125,0.000571421588034,0.082057488367681,4456400
2019-12-05,95.879997,95.949997,94.68,95.790001,94.69323,0.022087023170276,41938.691406,-0.006569538532829,0.075936561891375,6946000
2019-12-06,96.559998,97.309998,96.379997,97,95.889381,0.012631853407049,41951.589844,0.000307554612879,0.0760198270851,6368500
2019-12-09,97.019997,97.629997,96.160004,96.629997,95.523613,-0.003814478685601,42633.429688,0.016253015595725,0.071983080591947,6517800
2019-12-10,96.760002,97.589996,96.629997,97.010002,95.899261,0.003932514571031,43195.191406,0.0131765546922,0.073020431719953,4234300
2019-12-11,96.900002,97.32,96.650002,97.18,96.067314,0.001752390980364,44254.429688,0.024522134235823,0.072143583341746,4319700
2019-12-12,97.32,98.18,96.900002,97.720001,96.601135,0.005556739100669,44356.21875,0.002300087532878,0.072493653010276,4762800
2019-12-13,97.43,98.290001,96.910004,97.769997,96.650558,0.000511619247538,44401.160156,0.001013192902066,0.072466396680051,5247600
2019-12-16,98.139999,99.339996,98.059998,98.809998,97.67865,0.010637207081619,45106.289063,0.015880866727864,0.077625405053225,8211300
2019-12-17,99.379997,100.169998,99.050003,99.650002,98.509033,0.008501171955182,44649.429688,-0.010128507232371,0.074409012318875,7050700
2019-12-18,100.199997,100.790001,99.580002,100.57,99.418503,0.009232351311377,44505.640625,-0.003220400887643,0.073287857903259,7332000
2019-12-19,100.5,101.269997,99.629997,101.150002,99.991852,0.005767025077817,44276.851563,-0.005140675626439,0.072296590002536,12214500
2019-12-20,101,101.400002,98.849998,99.959999,98.815491,-0.011764568577048,44157.96875,-0.002684987952019,0.073543743644379,17641600
2019-12-23,100.230003,100.690002,99.550003,100.040001,98.894577,0.000800340100521,44300.171875,0.003220327588098,0.073463254135028,6350500
2019-12-24,99.830002,100.660004,99.760002,100.139999,98.993416,0.000999438017719,44261.511719,-0.000872686365847,0.073471453200339,3328100
2019-12-26,100.339996,100.75,100.110001,100.709999,99.556892,0.005692055318103,43657.480469,-0.013646873469546,0.070688435111042,3709900
2019-12-27,101,101.790001,100.989998,101.57,100.407051,0.008539428892577,43541.019531,-0.002667605568368,0.069872254179888,5307500
2019-12-30,101.540001,101.610001,100.459999,100.800003,99.645866,-0.007580991498296,44437.230469,0.020583140855531,0.061976112510734,3495200
2019-12-31,100.580002,101.389999,100.510002,101.309998,100.150017,0.00505942715175,44624.851563,0.004222159932557,0.062521535338875,3213600
2020-01-02,101.360001,102.209999,101.019997,102.199997,101.029839,0.008785040945125,44495.300781,-0.002903108412968,0.061602061632086,5644100
2020-01-03,100.589996,102,100.309998,101.919998,100.753044,-0.002739735139041,44157.808594,-0.007584895058044,0.062666210611747,4541800
2020-01-06,100.949997,101.839996,100.870003,101.830002,100.664078,-0.000883010542093,44470.910156,0.007090514044271,0.061990367150586,4612400
2020-01-07,101.809998,102.739998,100.809998,101.779999,100.614647,-0.000491049051281,44572.171875,0.002277032753429,0.061832898522906,6719900
2020-01-08,101.309998,102.139999,100.849998,101.550003,100.387283,-0.002259750511275,44660.328125,0.001977831599663,0.061568586991757,4942200
2020-01-09,101.940002,102.410004,101.389999,101.480003,100.318077,-0.000689390109303,44847.46875,0.004190310122134,0.061233558389557,5007500
2020-01-10,101.889999,101.93,100.760002,100.900002,99.74472,-0.00571539065686,44773.238281,-0.0016551763359,0.061667267004322,5135300
2020-01-13,101,102.339996,100.82,102.160004,100.990303,0.012487708622572,44453.328125,-0.007145119903819,0.058401333226802,6722400
2020-01-14,102.449997,103.889999,102.349998,102.919998,101.741592,0.007439219189193,45303.078125,0.019115554129278,0.062099131039937,5088500
2020-01-15,103.25,103.699997,102.480003,102.790001,101.613083,-0.001263092089221,45817.761719,0.011360896771294,0.060803236287503,4209200
2020-01-16,102.879997,103.57,102.849998,103.370003,102.186447,0.005642619858311,45902.679688,0.001853385364409,0.061045314162202,6571700
2020-01-17,103.43,104.550003,103.339996,104.529999,103.333153,0.011221703402605,45637.320313,-0.005780912504534,0.058711533520552,6271200
2020-01-21,104.25,104.690002,103.809998,104.580002,103.382591,0.000478433093008,45604.441406,-0.000720439034862,0.058740020203436,4854700
2020-01-22,105,105.620003,104.419998,104.489998,103.293617,-0.000860628459196,45476.429688,-0.002807001117728,0.05896847021046,5031400
2020-01-23,104.029999,104.370003,102.620003,103.019997,101.840439,-0.014068420123191,45141.621094,-0.007362244492301,0.0629909901617,7102900
2020-01-24,103.589996,103.889999,101.660004,102.029999,100.861786,-0.009609669887617,44134.390625,-0.022312678290897,0.070879723603253,3839300
2020-01-27,98.209999,100.709999,98.010002,100.239998,99.092278,-0.017543889218856,44717.941406,0.01322213296108,0.061396907572812,9841400
2020-01-28,100.339996,101.050003,99.519997,100.410004,99.260338,0.001695994918999,45132.601563,0.009272791724361,0.061424720885642,5673200
2020-01-29,101.07,101.300003,99.169998,99.839996,98.696854,-0.005676829349503,44862.761719,-0.005978823171169,0.062833641042661,4503700
2020-01-30,99.019997,99.75,97.370003,98.190002,97.06575,-0.016526403161746,44108.308594,-0.016816912202721,0.072710979260662,7065100
2020-01-31,98.110001,98.449997,95.919998,96.300003,95.197395,-0.019248344549957,45047.070313,0.021283103998408,0.056530124081721,8780300
2020-02-03,99,100.919998,98.57,99.269997,98.133385,0.030841075010509,44782.859375,-0.005865219117785,0.049734781440405,9727000
2020-02-04,101.910004,102.779999,101.260002,101.379997,100.219231,0.021255212994028,44493.148438,-0.006469237137674,0.044909850487203,6559600
2020-02-05,101.760002,101.970001,99.529999,100.540001,99.388847,-0.008285675231334,44399.328125,-0.00210864630384,0.045578570439547,6108300
2020-02-06,100.900002,101.529999,100.160004,100.269997,99.121925,-0.002685633328657,44290.53125,-0.002450417148064,0.045898999562872,5641800
2020-02-07,99.809998,100.400002,98.970001,99.440002,98.301437,-0.008277563213184,45027.410156,0.016637391451474,0.040253415850408,4121800
2020-02-10,99.220001,100.510002,99,100.019997,98.874794,0.005832641083365,45338.371094,0.00690603649916,0.041271609941042,4213900
2020-02-11,100.07,100.349998,99.440002,100.019997,98.874794,0,45005.121094,-0.00735028612539,0.041498743089518,4871800
2020-02-12,100.739998,103.080002,100.440002,103,101.820671,0.029794014033547,44999.679688,-0.000120906373936,0.040861739222318,8075600
2020-02-13,102.510002,103.739998,101.68,103.370003,102.186447,0.003592355033685,45016.960938,0.000384030511324,0.040877371821215,5386800
2020-02-14,103.529999,103.889999,102.449997,103.540001,102.3545,0.001644572298321,44974.109375,-0.000951898175868,0.04086108188802,4305300
2020-02-18,103,103.379997,101.610001,102,100.83213,-0.014873503363311,44901.5,-0.001614470547812,0.041691007886427,4916200
2020-02-19,102.660004,103.389999,102.43,102.459999,101.286858,0.004509752992424,44774.539063,-0.002827543333742,0.041347313405721,6200500
2020-02-20,102.459999,102.629997,100.550003,102.529999,101.356049,0.000683119225596,44802.539063,0.000625355404789,0.041338528259682,6427600
2020-02-21,102,102.080002,99.629997,100.25,99.102158,-0.022237360495376,43818.070313,-0.021973503524335,0.057538833086264,5750900
2020-02-24,95.540001,97.07,95.25,95.910004,94.811852,-0.043291751527752,43045.679688,-0.017627216796237,0.080899199784598,8364200
2020-02-25,96.349998,96.760002,92.620003,92.900002,91.836327,-0.031383470918805,42737.28125,-0.007164445775634,0.087220283847003,9602100
2020-02-26,93.080002,94.650002,91.989998,92,90.946617,-0.009687996341578,41607.421875,-0.026437324554893,0.094250245564256,9308400
2020-02-27,90,93.059998,88.5,88.550003,87.536125,-0.037499932515357,41324.308594,-0.006804393741351,0.100574636628124,12825700
2020-02-28,86.029999,89.470001,85.150002,89.379997,88.601761,0.012173671155766,42167.238281,0.020397913859408,0.106555807841488,16552400
2020-03-02,89.599998,93.139999,87.910004,92.68,91.873032,0.036921060745057,42472.25,0.007233381445743,0.112937394713862,14102000
2020-03-03,92.739998,94.980003,90.57,90.93,90.138268,-0.01888218949822,43404.761719,0.021955788049844,0.098607545625056,14767600
2020-03-04,92.080002,93.82,90.839996,93.790001,92.973366,0.031452767652469,42344.859375,-0.024419033811584,0.075019473795162,6904400
2020-03-05,91.260002,91.68,89.940002,90.580002,89.791321,-0.034225339329976,41388.78125,-0.022578375252899,0.095446368684874,8851100
2020-03-06,88.360001,89.389999,85.879997,88.360001,87.590637,-0.024508872076846,38730.558594,-0.064225680866116,0.128903565340394,12336400
2020-03-09,81.889999,86.739998,80.919998,84.110001,83.377655,-0.048098542770045,39565.441406,0.021556177920174,0.098598654325753,13272700
2020-03-10,86.690002,88.400002,82.879997,88.300003,87.531174,0.049815733004244,38678.550781,-0.022415789979421,0.06941214426001,12755900
2020-03-11,84,84.629997,82.07,84,83.268616,-0.048697598869176,36636.699219,-0.052790280937905,0.123460499865453,16172000
2020-03-12,78.230003,78.489998,73,74.199997,73.553925,-0.116666896445114,38085.050781,0.039532807072556,0.015372816937441,21534800
2020-03-13,78.199997,78.199997,71.760002,75.580002,74.921921,0.018598545216996,36862.839844,-0.032091618940672,0.003605287108431,21859600
2020-03-16,65.279999,72.970001,63.369999,66.790001,66.208458,-0.116300581774992,35532.738281,-0.036082449660115,0.076906721254955,17976700
2020-03-17,67.510002,73.330002,62.400002,69.839996,69.231903,0.045665540194276,35143.628906,-0.010950728646997,0.067600692711317,17122100
2020-03-18,64.790001,68.330002,60,68.040001,67.447571,-0.025773262364318,34269.511719,-0.024872707065569,0.077595369549753,19498800
2020-03-19,67.040001,72.709999,64.150002,70.339996,69.727547,0.033803678415639,32964.21875,-0.038089044854302,0.054215227767871,16177200
2020-03-20,71.510002,74.059998,67.199997,67.449997,66.862709,-0.041086172155174,34371.53125,0.042692123562006,0.023203104631287,15761900
2020-03-23,65,66.879997,60.580002,62.799999,62.253201,-0.068939892937931,35536.699219,0.033899216200908,-0.015086037241314,17690000
2020-03-24,65.699997,72.660004,64,72.330002,71.700218,0.151751505918547,35706.570313,0.004780159602138,-0.002001218077253,18849500
2020-03-25,80.110001,83.489998,76.199997,79.010002,78.32206,0.092354558810407,33799.488281,-0.053409835088689,-0.066465240552698,27053200
2020-03-26,80.169998,86.860001,80.010002,84.300003,83.565994,0.066953473899946,34199.96875,0.011848713970771,-0.054344646818324,17200800
2020-03-27,81.699997,85.739998,79.510002,83.230003,82.505318,-0.012692674965369,34554.53125,0.010367334034479,-0.056147977513324,14183400
2020-03-30,84,85.959999,81.5,85.379997,84.636589,0.025831922737393,33691.878906,-0.024964955761048,-0.063533649675531,10960100
2020-03-31,85.129997,85.730003,82.400002,82.739998,82.019585,-0.030920480502824,33590.621094,-0.003005407097731,-0.062392201516821,9610100
2020-04-01,79.489998,81.18,78.529999,79.230003,78.540146,-0.04242205078214,33075.410156,-0.015337940211294,-0.053873792924672,9771300
2020-04-02,79,81.599998,77.160004,80.139999,79.442215,0.01148545102017,34381.558594,0.039490014843038,-0.047315700975635,12731300
2020-04-03,79.360001,79.790001,77.910004,78.860001,78.17337,-0.015971923743566,34526.308594,0.004210105821825,-0.048259396983849,8476900
2020-04-06,81.910004,85.040001,81.209999,84.629997,83.893112,0.073167397030472,34567.78125,0.001201189982042,-0.045714426842489,11266500
2020-04-07,88.699997,88.870003,84.029999,84.160004,83.427216,-0.005553447582204,34613.671875,0.001327554831133,-0.045856923500951,10468100
2020-04-08,84.699997,85.769997,83.610001,85.300003,84.557289,0.01354561561781,34746.390625,0.003834286939545,-0.045110876565446,6642700
2020-04-09,86.690002,87.389999,85.160004,86.790001,86.034317,0.017467778561349,33855.238281,-0.025647335679201,-0.049860927553977,7773600
2020-04-13,85.800003,85.989998,84.139999,84.459999,83.724602,-0.026846438497327,33759.75,-0.002820487636431,-0.049030660708732,5077600
2020-04-14,85.949997,87.769997,85.480003,87.470001,86.708397,0.035638210618189,34743.101563,0.029127927872689,-0.035891058568228,6397200
2020-04-15,84.870003,85.879997,83.709999,85.040001,84.299553,-0.027780977198783,34477.058594,-0.00765743290125,-0.033393726645291,8053900
2020-04-16,85.43,86.529999,84.550003,86.300003,85.548592,0.014816674057572,33892.28125,-0.016961346699738,-0.036017539387044,9373800
2020-04-17,89,90.25,88.360001,89.910004,89.127159,0.041830811195584,34223.851563,0.009783062714316,-0.03069424291589,8111400
2020-04-20,88.43,89.440002,87.519997,87.900002,87.134659,-0.022355699680723,34240.601563,0.000489424750139,-0.030956239652218,7244400
2020-04-21,85.989998,86.900002,85.089996,85.199997,84.45816,-0.030716812697919,34586.820313,0.010111351267091,-0.034785496482078,6597000
2020-04-22,86.980003,89.440002,86.419998,88.769997,87.997078,0.0419014337987,34968.089844,0.011023549651273,-0.028955825219386,6463000
2020-04-23,88.940002,89.529999,87.260002,87.349998,86.589439,-0.015996428881423,35830.808594,0.024671600703635,-0.033623048324302,5343500
2020-04-24,88.889999,89.120003,87.650002,88.370003,87.600563,0.011677220821352,36870.089844,0.029005241321125,-0.029614479165059,4450100
2020-04-27,88.379997,89.870003,87.309998,89.370003,88.591858,0.011316080240261,36470.109375,-0.010848372507156,-0.030826614631891,6875100
2020-04-28,90.550003,90.709999,88.629997,88.800003,88.026825,-0.006377933737432,36370.429688,-0.002733188594941,-0.030634699530944,5145400
2020-04-29,90,91.389999,87.830002,88.07,87.303177,-0.008220766794667,36616.058594,0.006753533244097,-0.031350033740902,9461400
2020-04-30,87,88,86.510002,87.18,86.420921,-0.010105657437873,36986.199219,0.010108696544981,-0.03260508929622,9371400
2020-05-01,85.669998,86.110001,84.809998,85.540001,84.795204,-0.018811613914645,36792.410156,-0.005239496544442,-0.03148876453751,6151200
2020-05-04,84.68,85.800003,84.309998,85.75,85.003365,0.00245486761256,37623.679688,0.022593505793054,-0.030849664042137,6348900
2020-05-05,86.540001,88.529999,86.029999,87.199997,86.440742,0.016909648223926,37631.890625,0.000218238542006,-0.030716700274238,6321500
2020-05-06,88.050003,88.690002,87.43,88.440002,87.669945,0.01422018103454,37462.890625,-0.004490871895969,-0.031323699881387,7342300
2020-05-07,89.400002,90.239998,88.379997,88.559998,87.788902,0.001356873213505,36394.589844,-0.028516240022522,-0.031274782569823,4565900
2020-05-08,90.110001,90.639999,89.589996,90.459999,89.672363,0.02145443167748,36094.140625,-0.008255326417686,-0.033018419520094,5488000
2020-05-11,89.449997,91.419998,89.139999,90.93,90.138268,0.005195636474975,35691.390625,-0.011158320797394,-0.033503431805927,4937600
2020-05-12,91.529999,91.669998,88.150002,88.260002,87.491516,-0.029363244476808,37112.460938,0.039815492983471,-0.046219785426525,5622600
2020-05-13,87.379997,87.739998,85.199997,86.019997,85.271011,-0.025379660811912,35862.039063,-0.033692777126501,-0.036238992842747,6739800
2020-05-14,85,86.580002,84.110001,86.550003,85.79641,0.006161519534464,36026.980469,0.004599331502323,-0.035923177534574,7431800
2020-05-15,85.25,87.230003,84.879997,86.989998,86.232574,0.005083709213474,35560.761719,-0.012940822237411,-0.036464363708835,9165000
2020-05-18,90.489998,91.599998,89.879997,91.040001,90.247307,0.046557035395928,35784.421875,0.006289520954792,-0.032862480518383,8517200
2020-05-19,90.849998,93.82,90.82,91.510002,90.713219,0.005162613882761,35832.769531,0.001351081098051,-0.032773437721566,6514100
2020-05-20,93.199997,93.860001,92.699997,92.949997,92.140678,0.015735953543882,36206.859375,0.010439880838024,-0.030970297568144,6347000
2020-05-21,92.879997,94.379997,92.370003,94.260002,93.439278,0.014093666643087,36889.960938,0.018866633969133,-0.028122311012186,7504300
2020-05-22,94.419998,94.650002,93.349998,93.75,92.933716,-0.005410594033057,36508.140625,-0.01035024985908,-0.027424195424093,4049500
2020-05-26,95.980003,97.43,95.279999,96.620003,95.778732,0.030613389009431,36122.730469,-0.01055682785817,-0.030518781264495,7185200
2020-05-27,98.120003,99.989998,97.620003,99.870003,99.000435,0.033636935180975,36980.851563,0.023755709572853,-0.021935732344157,7915900
2020-05-28,100.089996,100.690002,98.25,98.459999,97.602699,-0.014118483418785,37460.441406,0.01296859922717,-0.024013745776338,7260700
2020-05-29,98.190002,99.25,96.93,98.580002,97.965431,0.003716413620898,38290.769531,0.022165465590777,-0.023270258883516,10332500
2020-06-01,98.400002,99.779999,97.889999,99.540001,98.919441,0.009738231029678,37872.890625,-0.010913306551901,-0.024207379881528,4295400
2020-06-02,99.419998,100.879997,98.82,100.739998,100.111954,0.01205539566282,38948.078125,0.028389369870022,-0.020752050212341,10798700
2020-06-03,101.260002,104.550003,101.120003,104.110001,103.460953,0.033452538544997,39954.011719,0.025827554077805,-0.011906239200969,5867700
2020-06-04,103.660004,103.900002,100.470001,101.279999,100.64859,-0.027182844526862,39185.660156,-0.019230898974648,-0.006320831362699,8775000
2020-06-05,104,104.690002,102.129997,102.709999,102.069687,0.014119393028755,38266.191406,-0.02346441903338,-0.009362583738874,8363600
2020-06-08,103.050003,104.300003,102.709999,104.290001,103.639832,0.015383068628397,36827.359375,-0.037600607171332,-0.014580968201952,6165400
2020-06-09,102.82,103.769997,102.43,102.629997,101.990181,-0.015917152393686,37679.238281,0.023131685802547,-0.018509956490957,5385900
2020-06-10,103,103.150002,101.709999,102.120003,101.48336,-0.004969311702663,37416.738281,-0.006966701344713,-0.018097254878393,5194200
2020-06-11,98.379997,98.989998,94.879997,95.169998,94.576683,-0.06805723618138,37894.050781,0.012756657098633,-0.026706328205369,10976900
2020-06-12,97.800003,97.800003,94.739998,96.43,95.828842,0.013239616365061,37897.238281,8.41161062041487E-05,-0.026647830152394,7416400
2020-06-15,93.900002,98.080002,93.440002,97.839996,97.230042,0.014621902662666,37632.890625,-0.00697538047601,-0.027518040235537,8645300
2020-06-16,101.25,101.339996,97.720001,99.040001,98.422569,0.012265005501078,38404.628906,0.020507015756247,-0.025117165827076,6054400
2020-06-17,99,100.239998,98.889999,99.209999,98.591507,0.001716455907588,38123.558594,-0.007318657151667,-0.025154959025459,3405500
2020-06-18,98.690002,99.419998,97.849998,98.449997,97.836235,-0.007660619286406,38217.679688,0.002468843347032,-0.025380784751502,4392400
2020-06-19,99.970001,99.980003,95.779999,95.779999,95.182884,-0.027120330213034,37908.378906,-0.00809313345355,-0.023170521035739,10304000
2020-06-22,96.849998,99.540001,96.019997,99.510002,98.889633,0.038943440713564,37734.519531,-0.004586304664494,-0.024651328331998,6918200
2020-06-23,101.150002,102.220001,100.709999,101.919998,101.284607,0.024218655963664,37431.949219,-0.008018395775556,-0.026330774343021,6499000
2020-06-24,100.940002,101.849998,98.089996,100.080002,99.456078,-0.018053375079986,37769.191406,0.009009474367122,-0.028009244079296,8611600
2020-06-25,99.230003,101.68,98.800003,101.400002,100.76786,0.013189560923567,37716.429688,-0.001396951219655,-0.02812552544557,11531400
2020-06-26,98.5,98.779999,93.57,93.669998,93.086044,-0.076232798830897,37619.769531,-0.002562813018082,-0.025999882483806,24918500
2020-06-29,93.699997,96,93.699997,95.870003,95.272324,0.02348665714057,37894.078125,0.007291607509024,-0.024322154688218,9624200
2020-06-30,96,98.300003,95.639999,98.050003,97.438736,0.022739153502753,37950,0.001475741798376,-0.023925247969159,9065500
2020-07-01,98.5,98.720001,97.110001,97.400002,96.792786,-0.006629293713334,37884.761719,-0.001719058787879,-0.02381795083188,5733800
2020-07-02,98.779999,99.660004,98.019997,98.43,97.81636,0.01057489966246,37837.390625,-0.001250399681839,-0.02389903841066,5354900
2020-07-06,99.620003,100.029999,99.040001,99.949997,99.326889,0.015442498575903,37483.878906,-0.009342920142237,-0.025104744935829,4995000
2020-07-07,99.220001,99.550003,96.919998,97.07,96.464836,-0.028814483457747,36795.949219,-0.018352681394718,-0.019923237124195,6352900
2020-07-08,97.5,98.980003,96.959999,98.839996,98.223808,0.01823433359696,36465.460938,-0.008981648469863,-0.02129259382342,5634600
2020-07-09,98.550003,98.910004,96.370003,96.989998,96.385338,-0.018717152566514,36389.390625,-0.002086092182664,-0.020955861032353,6282300
2020-07-10,97,98.050003,95.720001,97.989998,97.379105,0.010310354464908,36190.910156,-0.005454349896798,-0.021390943717178,3967000
2020-07-13,98.25,98.940002,96.260002,96.459999,95.85865,-0.015613770531163,36590.261719,0.011034581923434,-0.023125011866031,4845600
2020-07-14,96.330002,97.25,95.510002,96.760002,96.156776,0.003110058403702,36465.671875,-0.003405000077802,-0.023185084107591,4850600
2020-07-15,98.410004,99.040001,97.309998,98.540001,97.925674,0.018395978667172,36327.839844,-0.003779774892739,-0.023718029533882,5343700
2020-07-16,97.5,98.230003,97.040001,97.260002,96.653664,-0.012989545520003,36323.691406,-0.000114194458515,-0.023741622764309,3594700
2020-07-17,96.949997,97.230003,96.040001,96.279999,95.679764,-0.010076182937048,36881.671875,0.01536133711641,-0.025301633277768,7405700
2020-07-20,95.5,96.349998,95.110001,95.650002,95.053696,-0.00654336898239,37447.101563,0.015330912598441,-0.02633351244083,5822300
2020-07-21,96.919998,99,96.099998,98.360001,97.746803,0.028332480622321,37433.300781,-0.00036854072609,-0.02629505660212,5855600
2020-07-22,98.160004,98.989998,97.910004,98.910004,98.293373,0.005591691832622,37357.460938,-0.002025999348647,-0.026366702449659,4097000
2020-07-23,98.349998,100.18,97.720001,98.300003,97.68718,-0.006167180772197,37742.140625,0.010297265321068,-0.027040857959471,4530500
2020-07-24,98.139999,99.360001,97.699997,98.43,97.81636,0.001322384370191,37771.210938,0.000770234875887,-0.027036961578034,5638400
2020-07-27,96.959999,98.400002,96.889999,97.209999,96.603966,-0.012394593297072,37720.839844,-0.001333584302676,-0.026894039774107,4273400
2020-07-28,96.949997,97.470001,96.160004,96.269997,95.66983,-0.009669747927326,37136.78125,-0.015483711296341,-0.025350118020959,3822600
2020-07-29,96.43,97.550003,96.300003,96.970001,96.365463,0.007271184656647,37019.679688,-0.00315325017566,-0.025512444976675,6872400
2020-07-30,96.470001,97.230003,95.800003,96.82,96.2164,-0.0015468508671,37546.71875,0.014236726693528,-0.0257987768563,4018400
2020-07-31,96.889999,97.650002,96.300003,97.610001,97.001472,0.008159440594327,37466.949219,-0.002124540669749,-0.02591687346268,5509900
2020-08-03,98.029999,99.290001,97.82,98.330002,97.716995,0.007376413834215,37901.960938,0.011610545509251,-0.02517653410543,5472700
2020-08-04,97.790001,97.949997,96.550003,97.330002,96.723221,-0.010169919777005,37998.339844,0.00254284748374,-0.025454180730617,7539300
2020-08-05,97.120003,101.25,97.080002,100.940002,100.310722,0.037090379775504,38005,0.000175274920624,-0.025219569104892,7217500
2020-08-06,100.639999,101.18,100.029999,100.449997,99.823769,-0.004854446167779,38289.761719,0.007492743560058,-0.025621390064919,4060900
2020-08-07,101,101.910004,99.889999,101.860001,101.224991,0.01403695747052,38703.589844,0.010807801000095,-0.024264393480116,5545600
2020-08-10,102.470001,106.830002,102.400002,105.410004,104.752853,0.034851689934949,38634.101563,-0.001795396274095,-0.024678368212641,12678000
2020-08-11,106.849998,107.330002,104.860001,105.120003,104.464661,-0.002751161345458,38615.621094,-0.000478346027275,-0.02466826151664,5400700
2020-08-12,105.720001,105.889999,103.379997,105.220001,104.564034,0.000951259488604,38949.878906,0.008656025787759,-0.024664246653271,4714800
2020-08-13,105.300003,106.989998,105.199997,106.519997,105.855927,0.012355041696268,39285.851563,0.008625768973783,-0.023735070284258,4281700
2020-08-14,106.120003,106.779999,105.459999,106.43,105.766495,-0.000844846410915,39087.351563,-0.005052709616888,-0.023643185623535,2985700
2020-08-17,106.5,106.5,105.120003,105.660004,105.001289,-0.007234862042086,39021.921875,-0.001673935055296,-0.023525382750173,3017000
2020-08-18,106.459999,107,105.470001,106.970001,106.303131,0.012398343033675,38707.238281,-0.008064277177532,-0.024316245151385,5023000
2020-08-19,107.690002,109.690002,107.349998,108.389999,107.714264,0.013274613708227,38095.878906,-0.015794445745826,-0.025980859283051,9508100
2020-08-20,107.559998,108.739998,107.349998,108.010002,107.336639,-0.003505803094008,38029.621094,-0.001739238308781,-0.025915906410231,4304000
2020-08-21,108,109.769997,107.75,109.75,109.065788,0.016109587705648,38249.898438,0.005792257131764,-0.025072103075926,5564000
2020-08-24,110,112,109.900002,111.830002,111.132835,0.018952295104676,37753.039063,-0.012989822072479,-0.027072088488087,8173100
2020-08-25,112,112.279999,111.089996,111.510002,110.814819,-0.002861584517303,37647.191406,-0.002803685733044,-0.026975914579795,4380900
2020-08-26,111.919998,112.089996,111.290001,111.529999,110.834702,0.000179425461138,37794.25,0.003906230146469,-0.027011117100046,4477900
2020-08-27,111.989998,112.790001,110.5,110.839996,110.148994,-0.006186762698203,36840.730469,-0.025229222196498,-0.025214944398864,4390800
2020-08-28,111.010002,112.669998,110.57,112.290001,111.837166,0.015326258903463,37487.988281,0.01756908193079,-0.022867740193757,3731100
2020-08-31,112.139999,112.519997,111.139999,111.889999,111.438774,-0.003562250495511,37053.769531,-0.011582876806971,-0.022358955441132,3519800
2020-09-01,112,114.900002,111.830002,114.839996,114.376869,0.026365105201175,36429.660156,-0.016843343684044,-0.025992658314286,4912400
2020-09-02,115.059998,117.410004,114.5,116.800003,116.328979,0.017067349518022,36448.5,0.000517156732161,-0.025853343700674,6775400
2020-09-03,116.800003,116.900002,112,112.849998,112.394897,-0.033818589605261,36637.449219,0.005184005350014,-0.027493525276671,7264400
2020-09-04,112.959999,113.75,110.209999,112.400002,111.946724,-0.003987485303714,36071.429688,-0.015449206837971,-0.026743829979168,5157600
2020-09-08,111.290001,113.839996,110.540001,112.720001,112.265427,0.002846916717277,36157.960938,0.002398886064358,-0.026701888369007,5300100
2020-09-09,113.019997,116.209999,112.830002,114.900002,114.436638,0.019339978994602,36180.738281,0.000629939919429,-0.026519165772892,5997900
2020-09-10,115.900002,118.230003,114,114.790001,114.32708,-0.000957368216288,36334.890625,0.004260619084187,-0.026605451217942,5032800
2020-09-11,116.760002,119.25,116.419998,118,117.524132,0.027964083400013,36881.988281,0.015057088285924,-0.022869446681735,8565200
2020-09-14,118.5,119.93,118.169998,119.279999,118.798973,0.010847482796129,36729.148438,-0.004144023956505,-0.023184288475358,4990300
2020-09-15,119.699997,120.480003,119.18,119.269997,118.789009,-8.38727789339622E-05,36130.921875,-0.016287515187286,-0.022939151302158,5934200
2020-09-16,118.309998,119.690002,118.160004,118.589996,118.111755,-0.005701318713754,36017.351563,-0.003143299592325,-0.022762066266935,7023700
2020-09-17,117.339996,118.550003,115.800003,116.360001,115.890747,-0.018804292595602,35517.769531,-0.013870593209113,-0.020315489368629,7376400
2020-09-18,115.43,117.910004,114.489998,114.660004,114.197609,-0.014609777258576,35853.578125,0.009454664480181,-0.021662744816147,12876600
2020-09-21,112.949997,114.059998,111.739998,113.370003,112.912804,-0.011250717166942,35829.578125,-0.00066938925639,-0.021621726512224,8486400
2020-09-22,113.099998,117.199997,112.849998,116.870003,116.398689,0.03087236235848,36217.488281,0.010826534285352,-0.018642526550173,13007200
2020-09-23,130.220001,130.380005,125.260002,127.110001,126.597397,0.087618753163105,36583.710938,0.010111762973694,-0.010524572982495,37822700
2020-09-24,126.440002,127.540001,123.300003,124.75,124.24691,-0.018566629770437,37231.5,0.017707035327768,-0.013581640109233,13485800
2020-09-25,123.650002,124.75,122.269997,124.230003,123.729012,-0.004168296821225,37134.921875,-0.002593989632435,-0.013469398230062,9182800
2020-09-28,125.160004,126.190002,123.889999,124.32,123.818649,0.000724462262739,37458.691406,0.008718734674866,-0.013514549094496,7525000
2020-09-29,124.339996,127.099998,123.959999,126.349998,125.840454,0.016328759975406,36626.109375,-0.022226671561373,-0.016248312791497,7796400
2020-09-30,126.099998,127.279999,125.160004,125.540001,125.033722,-0.006410752459618,36642.378906,0.000444205821411,-0.016296833067468,8699700
2020-10-01,127.730003,127.730003,125.309998,126.639999,126.129288,0.008762164178397,36740.328125,0.002673112988959,-0.016106965406004,5637200
2020-10-02,124.349998,126.800003,123.589996,126.639999,126.129288,0,36947.871094,0.005648914410723,-0.016176088729273,7491100
2020-10-05,127.07,128.5,126.449997,127.910004,127.394173,0.010028479666039,37418.789063,0.012745469632118,-0.015201343797154,8270300
2020-10-06,128.839996,130.440002,127.269997,127.650002,127.135216,-0.002032722485667,38404.050781,0.02633066816623,-0.015908846628656,5978000
2020-10-07,128.399994,130.410004,128.25,130.059998,129.535492,0.018879709930253,38478.578125,0.001940611536658,-0.015580348202857,4390500
2020-10-08,130.399994,130.929993,129.509995,129.710007,129.186905,-0.002691053969981,38342.089844,-0.0035471238193,-0.015460098928678,3595600
2020-10-09,129.990005,131.190002,129.330002,130.979996,130.451782,0.009791062027533,38131.78125,-0.005485058192072,-0.015824390105828,4293400
2020-10-12,131.190002,131.339996,129.259995,129.460007,128.937912,-0.011604824225399,38025.71875,-0.002781472475797,-0.01553365403259,5136500
2020-10-13,128.050003,129.869995,127.959999,129.199997,128.67897,-0.002008268910078,38059.230469,0.000881290876323,-0.015565636125362,4245000
2020-10-14,129.529999,129.600006,127.010002,127.660004,127.14518,-0.01191950790405,37876.488281,-0.004801520833398,-0.015039554355438,3586600
2020-10-15,126.480003,129.100006,126.110001,129,128.479767,0.010496559916782,37685.738281,-0.005036105738865,-0.015400821748542,4235800
2020-10-16,129.509995,130.190002,127.550003,128,127.483803,-0.007751913186455,38201.808594,0.013694048107854,-0.016456746790113,6010900
2020-10-19,129.100006,129.779999,127.050003,127.43,126.916107,-0.004453083345811,38669.25,0.012236106697666,-0.017053579116098,5160800
2020-10-20,128,129.899994,127.720001,128.490005,127.971832,0.008318290128455,38652.191406,-0.000441141061696,-0.017066338662359,3799200
2020-10-21,128.5,131.380005,128.449997,129.429993,128.90802,0.007315578634523,38707.71875,0.001436589802031,-0.016984345928188,4916300
2020-10-22,129.600006,130.259995,128.860001,130.020004,129.495667,0.004558653526755,38245.859375,-0.0119319709328,-0.017273564399304,2869900
2020-10-23,130,130.600006,128.649994,129.990005,129.46579,-0.000230718144415,38001.308594,-0.006394176650659,-0.01718093915048,4046300
2020-10-26,129.059998,129.619995,126.68,128.369995,127.85231,-0.01246259726218,37393.710938,-0.015988861396629,-0.015303900157814,5422500
2020-10-27,128.779999,129.490005,127.900002,127.989998,127.473846,-0.002960165522234,36801.371094,-0.015840627451555,-0.014705173292173,2985700
2020-10-28,125.279999,126.400002,121.040001,122.080002,121.587685,-0.046175440568413,36987.859375,0.005067427529362,-0.016742276976343,8618300
2020-10-29,122.279999,124.190002,121.150002,122.860001,122.36454,0.006389257267297,37466.089844,0.012929390266992,-0.016163307322547,4947000
2020-10-30,123.660004,123.660004,118.800003,120.080002,119.595741,-0.022627462171639,37475.761719,0.000258150104275,-0.016242130918348,7791600
2020-11-02,122.370003,124.099998,121.099998,122.389999,121.896423,0.019237156614131,38399.070313,0.024637487048913,-0.012469148529728,4740400
2020-11-03,124.010002,125.5,123.190002,124.589996,124.087547,0.017975293663868,38530.5,0.003422730965325,-0.011962445103772,3490900
2020-11-04,125.330002,128.929993,125.260002,127.339996,126.826469,0.022072496928318,39652.519531,0.029120295116855,-0.006905419479305,5061800
2020-11-05,129.190002,130.410004,128.460007,129.699997,129.176956,0.018533095011894,40404.578125,0.018966224666053,-0.004212670097476,3940000
2020-11-06,129.910004,129.910004,128.350006,128.899994,128.380173,-0.006168151229697,40858.949219,0.011245534914244,-0.004909691917644,2954000
2020-11-09,135.059998,136.350006,128.770004,128.949997,128.429962,0.0003878246838,40335.949219,-0.012800133385633,-0.004798069003768,7491700
2020-11-10,130.050003,130.119995,126.25,127.709999,127.194969,-0.009616081643005,40791.808594,0.011301565571817,-0.005813354101585,8014700
2020-11-11,128.690002,129.800003,127.18,127.660004,127.14518,-0.000391438438104,41948.789063,0.028363058880654,-0.006189419260768,6058700
2020-11-12,126.620003,127.839996,125.629997,126.639999,126.129288,-0.007990015822857,42252.609375,0.007242647971166,-0.006734568802023,4780400
2020-11-13,127.910004,128.600006,126.830002,128.279999,127.76268,0.012950140493935,41868.820313,-0.009083203799174,-0.007579998734344,3986100
2020-11-16,129.460007,130.320007,127.370003,130.110001,129.585297,0.014265644709394,41905.058594,0.000865519513784,-0.007486414479298,6116200
2020-11-17,130.479996,132.600006,129.110001,132.210007,131.676834,0.016140233872366,42267.199219,0.008641931001902,-0.006452006078782,7002900
2020-11-18,133.070007,133.979996,131.529999,131.630005,131.099167,-0.004387005538119,42736.480469,0.011102728798483,-0.006966991183999,5572800
2020-11-19,131.919998,132.110001,129.929993,131.910004,131.378036,0.002127160731693,42200.589844,-0.012539418761653,-0.007029875086555,4642800
2020-11-20,133.300003,133.529999,131.910004,132.979996,132.44371,0.008111508075825,42412.46875,0.005020756979541,-0.006758796085783,4318100
2020-11-23,134.380005,134.889999,133.089996,134.130005,133.589096,0.008648096614026,41674.300781,-0.017404503693268,-0.007751497593414,6118400
2020-11-24,135,135.990005,134.210007,134.699997,134.156784,0.00424950850779,41778.871094,0.002509227774439,-0.007694562045589,7204700
2020-11-25,134.25,135.800003,133.619995,135.539993,134.993393,0.006236054376497,42895.628906,0.02673020555025,-0.006638805186987,4484500
2020-11-27,136,136.130005,133.339996,134.25,133.708603,-0.009517428752976,43674.828125,0.018165002795681,-0.008209998873712,3506800
2020-11-30,133.910004,135.289993,132.690002,134.699997,134.156784,0.003351923436071,43934.210938,0.005938954407734,-0.00811960255908,9652500
2020-12-01,136.440002,136.5,134.75,135.440002,134.893799,0.005493684165834,43646.03125,-0.006559345936739,-0.008330775756649,3833100
2020-12-02,135.160004,136.320007,134.669998,135.580002,135.033234,0.001033665009316,43255.25,-0.008953420020291,-0.008295015218764,4132700
2020-12-03,135.100006,137.949997,135,136.960007,136.407669,0.010178494280897,43098.640625,-0.0036205865184,-0.008548249142133,4930900
2020-12-04,137.080002,137.399994,135.639999,137.190002,136.911652,0.003694682298251,42736.960938,-0.008391904750476,-0.008692597248089,4344000
2020-12-07,137,138.860001,136.800003,138.75,138.468491,0.011371121283381,43518.710938,0.01829212894043,-0.007240199403077,4590800
2020-12-08,138.240005,140.440002,137.649994,139.119995,138.837723,0.002666541661092,43612.308594,0.002150745138875,-0.007220940376368,6953600
2020-12-09,140.570007,140.570007,138.270004,138.789993,138.508392,-0.002372057052535,43569.839844,-0.000973778994259,-0.007188107629856,4341300
2020-12-10,138.279999,139.139999,137.240005,137.580002,137.300858,-0.008718128790348,43543.351563,-0.000607949928089,-0.007130578237952,4511000
2020-12-11,137.389999,138.139999,136.229996,137.410004,137.13121,-0.001235593152666,43790.421875,0.005674122526892,-0.007249655475842,4172400
2020-12-14,138.919998,139,136.199997,136.279999,136.003494,-0.008223627575371,44326.050781,0.012231645256329,-0.008174108494305,7599000
2020-12-15,137.429993,139.440002,137.25,139.389999,139.107178,0.022820619593788,43873.808594,-0.010202627552686,-0.009902219456905,7637000
2020-12-16,139.070007,140.490005,137.460007,138.339996,138.059311,-0.007532803231764,43246.238281,-0.014303985295816,-0.008859926597346,6573400
2020-12-17,139.919998,140.740005,138.75,140.5,140.214935,0.015613753135419,42601.710938,-0.014903662575507,-0.010509262968654,8727000
2020-12-18,141.089996,141.139999,137.169998,137.279999,137.001465,-0.022918172019265,43597.300781,0.023369714996868,-0.014927259624465,17970800
2020-12-21,144.820007,147.949997,142.509995,144.020004,143.727798,0.049096796154698,43372.199219,-0.005163199509317,-0.016792935599442,16111300
2020-12-22,143.050003,143.470001,141.089996,142.449997,142.16098,-0.010901287167845,43883.410156,0.011786604004531,-0.017908831065066,6339400
2020-12-23,142.559998,143.600006,141.699997,141.759995,141.472366,-0.004843903017551,44693.988281,0.018471174462479,-0.018778691822628,3388300
2020-12-24,141.100006,142.190002,141.100006,141.600006,141.312714,-0.001128503074586,44693.960938,-6.11782502596416E-07,-0.018775678659371,1821900
2020-12-28,142.539993,142.919998,141.039993,142.429993,142.141006,0.005861411733979,44066.878906,-0.014030576365113,-0.019228130352805,4081500
2020-12-29,142.830002,143.059998,140.429993,141.570007,141.282776,-0.006037877626953,44703,0.014435356208388,-0.020040003235472,3232400
2020-12-30,142.160004,142.610001,140.660004,141.580002,141.29274,7.05252280716549E-05,44908.121094,0.004588530836857,-0.020087026634806,3052100
2020-12-31,141.699997,141.789993,140.369995,141.470001,141.182968,-0.000776911821513,45587.160156,0.015120629531097,-0.020322468386365,2949900
2021-01-04,142.850006,142.970001,138.320007,140.100006,139.81575,-0.009684015142676,46188.660156,0.013194504723296,-0.021420039781319,6178500
2021-01-05,138.600006,141.660004,138.600006,141.229996,140.943451,0.008065622077627,46729.300781,0.011705051048764,-0.020814658620553,4163100
2021-01-06,141.25,143.570007,139.529999,142.350006,142.061188,0.007930393303623,46395.320313,-0.007147131722882,-0.021171279744185,6072900
2021-01-07,143.199997,145.639999,143,144.949997,144.655899,0.018264742372843,45951.769531,-0.00956024829676,-0.022405458218596,5256900
2021-01-08,145.550003,146.820007,144.899994,146.350006,146.05307,0.009658582952085,45740.148438,-0.004605287133877,-0.022698340083197,3950500
2021-01-11,146,147.100006,144.800003,147.050003,146.751648,0.004783042218832,46070.910156,0.007231321482228,-0.0225151597817,4252000
2021-01-12,146.5,146.850006,144.380005,145.050003,144.755707,-0.013600808080874,45892.28125,-0.003877260192932,-0.022026330794452,3678800
2021-01-13,144.830002,145.130005,142.429993,143.039993,142.749771,-0.013857388019942,46458.019531,0.012327525797162,-0.023429836294222,3330100
2021-01-14,143.660004,144.899994,140.929993,141.300003,141.013321,-0.012164292718901,45495.410156,-0.020719983002239,-0.021164699198224,4104000
2021-01-15,140.559998,142.380005,139.880005,140.720001,140.434494,-0.004104768229662,45125.710938,-0.008126077262131,-0.020799949270381,6412400
2021-01-19,140.990005,141.220001,138.410004,139.270004,138.987427,-0.010304213436337,44810.210938,-0.006991579599344,-0.020143869239008,6537800
2021-01-20,140.380005,143.210007,140.009995,142.800003,142.510269,0.025346479721508,44683.550781,-0.002826591402911,-0.020656771777263,4654400
2021-01-21,142.410004,143.809998,141.130005,141.610001,141.322678,-0.008333371400766,45126.511719,0.009913288676878,-0.021373271491045,4011200
2021-01-22,141.089996,141.880005,139.309998,139.350006,139.067276,-0.015959236209775,45053.558594,-0.001616635592272,-0.021123425611228,4150500
2021-01-25,138.990005,139.179993,134.740005,137.550003,137.27092,-0.012917172548918,44262.011719,-0.017569020066384,-0.019137463658817,5998700
2021-01-26,137.759995,137.850006,134.710007,135.100006,134.825897,-0.017811660328349,44280.730469,0.000422907800008,-0.01916702241472,5312300
2021-01-27,132.220001,132.860001,130.270004,131.020004,130.754166,-0.030199917750223,42985.730469,-0.029245226677247,-0.012028423185924,7815900
2021-01-28,132.360001,136.369995,131.5,134.720001,134.446655,0.02823993386184,43848.921875,0.020080882576196,-0.007925582408871,6244600
2021-01-29,133.949997,135.029999,132.149994,133.589996,133.318954,-0.008387720765533,43957.070313,0.002466387618567,-0.008097479630407,7166100
2021-02-01,135.369995,136.050003,133.300003,135.710007,135.434662,0.015869521448541,44167.578125,0.004788940903046,-0.007580605008085,4366800
2021-02-02,137.059998,139.860001,136.75,139.589996,139.306778,0.028590288060822,44145.699219,-0.000495361233937,-0.007690323098655,7132800
2021-02-03,139.699997,140.059998,138.009995,138.630005,138.34874,-0.006877181525224,44197.511719,0.001173670389565,-0.007755580330141,4678600
2021-02-04,139.550003,141.050003,138.919998,140.630005,140.344681,0.014426882384328,45020.960938,0.018631121684753,-0.005932984439435,4533700
2021-02-05,141.339996,145.570007,141.289993,145.110001,144.815582,0.031856576025136,44718.230469,-0.006724211627044,-0.007476651248755,6151500
2021-02-08,145.149994,145.880005,142.800003,143.410004,143.119034,-0.011715231030871,44060.089844,-0.014717501522254,-0.006004435111637,6304300
2021-02-09,143.600006,144.220001,141.699997,141.789993,141.502304,-0.011296401008408,44202.519531,0.003232623617071,-0.00629927549984,3436300
2021-02-10,142.449997,142.600006,140.899994,142.460007,142.170959,0.004725400089599,44157.488281,-0.001018748489403,-0.006326582912782,4125700
2021-02-11,143,144.350006,142.410004,143.539993,143.248764,0.007581048953886,44698.589844,0.012253902657612,-0.005766107949646,3828700
2021-02-12,143.110001,143.449997,141.399994,142.119995,141.831635,-0.009892783437908,45061.949219,0.008129101527993,-0.006436825482868,3637000
2021-02-16,143.369995,143.369995,141.029999,141.710007,141.422485,-0.002884758396813,44507.949219,-0.012294186327972,-0.006031804323033,4873400
2021-02-17,141.300003,144.559998,140.210007,143.990005,143.697861,0.016089209576539,44900.078125,0.008810311705681,-0.00508120898168,6437100
2021-02-18,142.979996,145.389999,141.210007,145.089996,144.795624,0.007639383024637,44946.601563,0.001036154945443,-0.005039420050444,4486800
2021-02-19,145.429993,145.5,141.5,142.020004,141.731857,-0.021159251332071,45268.328125,0.007157973034937,-0.006208130342012,7486000
2021-02-22,141.539993,142.460007,136.259995,136.669998,136.3927,-0.037670832182775,45151.378906,-0.002583466716002,-0.005398325764541,8985900
2021-02-23,136.029999,136.830002,131.580002,136.130005,135.853806,-0.003951047233466,44310.269531,-0.018628653108272,-0.00465380709914,10364100
2021-02-24,135.059998,135.960007,133.949997,135.649994,135.374771,-0.003526106585486,44592.910156,0.006378670858733,-0.00487697237279,6360900
2021-02-25,137.600006,139.179993,134.529999,135.539993,135.264984,-0.000810985674724,44784.578125,0.004298171353462,-0.004942255773054,5674300
2021-02-26,135.899994,136.850006,133.360001,134.779999,134.779999,-0.003585443813012,45682.191406,0.020042910273591,-0.005648293743333,6650200
2021-03-01,135.639999,139.149994,135.5,137.649994,137.649994,0.021293923588766,46377.46875,0.01521987721256,-0.003433296254408,5717800
2021-03-02,137.559998,138.259995,135.610001,137.020004,137.020004,-0.004576752832986,46004.191406,-0.008048678680852,-0.003073698180653,5292700
2021-03-03,137.089996,137.410004,134.149994,134.259995,134.259995,-0.020143109906784,46342.539063,0.00735471370454,-0.00419681698779,4888400
2021-03-04,134,135.130005,130.179993,132.039993,132.039993,-0.016535096698015,47075.410156,0.015814219674147,-0.006220702471771,7181500
2021-03-05,133.539993,133.679993,129.190002,133.350006,133.350006,0.00992133497008,47103.601563,0.000598856322368,-0.006195805539528,5957100
2021-03-08,133.639999,135.630005,132.369995,134.559998,134.559998,0.009073805366008,47549.671875,0.009469983126522,-0.005666954253071,4983000
2021-03-09,135.509995,138,135.449997,135.949997,135.949997,0.010329957050089,47673.820313,0.002610921024363,-0.005509653919909,5977800
2021-03-10,136.5,138.199997,136.100006,137.589996,137.589996,0.012063251461492,47769.871094,0.002014748983182,-0.005369429236656,4519600
2021-03-11,139.179993,142.199997,138.559998,141.190002,141.190002,0.026164736569946,48203.949219,0.009086859877554,-0.003763522176192,5696500
2021-03-12,140,140.910004,138.600006,140.449997,140.449997,-0.005241199727442,47679.488281,-0.010880040878337,-0.003224052257755,4143200
2021-03-15,140.699997,145,140.669998,144.940002,144.940002,0.031968708408018,47572.390625,-0.002246199778169,-0.0037692115632,5413900
2021-03-16,145.880005,146.149994,143.839996,144.649994,144.649994,-0.002000883096442,47028.039063,-0.011442594220059,-0.00347598644754,5623000
2021-03-17,143.199997,146.149994,143.199997,144.820007,144.820007,0.001175340525766,47225.441406,0.004197545696846,-0.003482742824524,5134400
2021-03-18,144.369995,146.660004,142.550003,143.169998,143.169998,-0.011393515538223,46659.179688,-0.011990607205379,-0.002346094747918,10188400
2021-03-19,140,142.860001,135.509995,137.490005,137.490005,-0.039673067537516,46703.140625,0.000942171236056,-0.002556797110489,24980400
2021-03-22,137.630005,138.809998,136.029999,138.270004,138.270004,0.005673132385151,47012.371094,0.006621192169558,-0.002354869644731,7537300
2021-03-23,138.490005,140.639999,136.550003,137.119995,137.119995,-0.008317125672463,47379.191406,0.007802633720953,-0.002880894813594,5582600
2021-03-24,136.449997,137.919998,132.880005,133.160004,133.160004,-0.028879748719361,47747.359375,0.007770668052249,-0.004510665659351,8157600
2021-03-25,127.050003,129.389999,125.440002,128.639999,128.639999,-0.033944163894738,47905,0.003301556925105,-0.005270301406311,18475800
2021-03-26,131.600006,133.190002,129.770004,132.990005,132.990005,0.033815345412122,47246.261719,-0.013750929568939,-0.008512605932051,10010500
2021-03-29,132.940002,133.910004,130.660004,133.490005,133.490005,0.003759681037684,48245.851563,0.021157014494504,-0.008116980306675,7153900
2021-03-30,132.350006,133.350006,131.220001,132.949997,132.949997,-0.004045306613031,47985.429688,-0.00539780865221,-0.007901285869258,6026600
2021-03-31,133.089996,134.179993,131.919998,132.889999,132.889999,-0.00045128244719,47897.839844,-0.001825342496035,-0.007875910973688,6878900
2021-04-01,134.690002,134.690002,132.210007,132.529999,132.529999,-0.002709007470156,48188.148438,0.006060995546887,-0.008037852609181,5720600
2021-04-05,133.100006,135.679993,133.100006,135.119995,135.119995,0.019542715004472,47627.671875,-0.011631004327156,-0.009571782712079,5508900
2021-04-06,135.440002,137.710007,134.929993,137.160004,137.160004,0.015097758107525,47352.179688,-0.005784288338154,-0.010156921403902,4670100
2021-04-07,136.990005,138.240005,136.360001,136.539993,136.539993,-0.004520348366277,47503.710938,0.003200090280921,-0.010278619419755,6646000
2021-04-08,137.279999,137.309998,133.410004,133.679993,133.679993,-0.020946243933087,48329.839844,0.017390828836051,-0.012952470822187,8748400
2021-04-09,133.940002,135.5,133.5,135.449997,135.449997,0.013240605121815,48514.101563,0.003812586997904,-0.012645804336405,6056800
2021-04-12,134.75,136.899994,134.220001,136.639999,136.639999,0.008785544675944,48726.980469,0.004387979971629,-0.012423661755772,5638200
2021-04-13,135.600006,135.990005,133.399994,133.539993,133.539993,-0.022687397707021,48072.621094,-0.013429097569801,-0.010075413366154,8778200
2021-04-14,133.539993,134.179993,131.820007,132.259995,132.259995,-0.009585128553961,48528.96875,0.00949288067958,-0.010774007373502,7354100
2021-04-15,133,134.070007,132.679993,133.669998,133.669998,0.010660842683383,48867.621094,0.006978354428766,-0.010322090717896,6284800
2021-04-16,134.710007,134.770004,133.729996,134.309998,134.309998,0.00478791059756,49092.308594,0.004597880866101,-0.010212473226254,6852500
2021-04-19,134.300003,134.380005,132.149994,132.570007,132.570007,-0.012955037047949,49091.089844,-2.48256811485324E-05,-0.010177130098923,5613600
2021-04-20,129.169998,129.899994,125.699997,127.110001,127.110001,-0.041185831724366,48923.929688,-0.003405101751279,-0.009039044017721,13268700
2021-04-21,127.589996,130.330002,127.370003,129.899994,129.899994,0.021949437322402,48812.171875,-0.002284317995564,-0.009404339445035,7110900
2021-04-22,129.889999,130.369995,127.980003,129.179993,129.179993,-0.005542733127455,48487.941406,-0.006642410213385,-0.009074740802408,6442900
2021-04-23,128.929993,130.649994,128.460007,130.190002,130.190002,0.007818617856714,48897.789063,0.008452568723598,-0.008688532130757,7489000
2021-04-26,130.490005,131.699997,129.320007,131.600006,131.600006,0.010830355467696,48009.71875,-0.018161768252053,-0.00991410166112,8217800
2021-04-27,132,132.789993,131.410004,132.110001,132.110001,0.003875341768601,48498.640625,0.010183810439423,-0.009722188595265,5833100
2021-04-28,132.259995,132.330002,130.350006,130.710007,130.710007,-0.010597184084497,48328.199219,-0.003514354295368,-0.009407296006006,8195400
2021-04-29,131.770004,134.119995,131.229996,133.259995,133.259995,0.019508743504237,48399.800781,0.001481569004372,-0.009243447843096,6612500
