Date,Nike,Adidas,Under Arm,North face,L.Vuitton
2019-01-07,0,0,0,0,0
2019-01-08,0.01333875965573,-0.006527337211765,0.007597837077859,0.002144721737244,0.011603154738089
2019-01-09,-0.001824583923133,0.032063079040503,0.022041821345708,-0.01511291097093,-0.009176039809619
2019-01-10,-0.002219485451988,-0.018080050158031,-0.003972871511188,-0.029603640880398,-0.003280008363462
2019-01-11,-0.00497251400185,0.017634843747949,0.017663932630424,0.002378745876395,-0.025551531406409
2019-01-14,0.00065727257198,-0.005096781322642,0.001119708783891,0.00600313519195,-0.003575762208141
2019-01-15,0.02352498963765,0.021772530299758,0.002237192518859,-0.001942680146975,-0.007376446031224
2019-01-16,-0.002568182968545,-0.001754772828184,-0.008370535714286,0.018631629423779,-0.009640395436189
2019-01-17,0.018666280454358,-0.010296354777916,0.021384355655599,0.123942179492307,0.027783295125168
2019-01-18,0.016681340071244,0.026135465098189,0.022038512396694,-0.006922621489314,0.01519340534892
2019-01-22,0.003729124309002,0.015331378498803,0.002156388256409,0.013697029475391,-0.000583029647615
2019-01-23,-0.003096043235653,-0.000974184935489,-0.010220548682087,0.00542881608154,0.000972429696528
2019-01-24,-0.000745158403848,0.010726519168559,0.025000054347826,0.001919856852854,0.001942782662954
2019-01-25,0.002113345845737,-0.024119657504576,0.033403974899047,0.002395262887098,0.012604255629224
2019-01-28,-0.003597577759148,0.013346531106681,-0.006156952283222,0.004539927668195,-0.009383371699355
2019-01-29,-0.001244993716802,-0.010731751242309,-0.022715589947569,0.006303661679589,0.004252760717662
2019-01-30,0.01321364904606,-0.000493137863844,0.004226096143687,-0.00520030561269,0.068720063491474
2019-01-31,0.007381696571078,0.007893471099418,-0.003682219884272,0.00071282018064,0.00774494602785
2019-02-01,-0.004518627565074,0.009789563958478,-0.004223864613312,0.009854010447373,0.01751562652532
2019-02-04,0.005888904642992,-0.016965613005077,0.003711505635657,0.007994333260404,-0.007201779475799
2019-02-05,0.010610889766123,-0.016272218424757,0.008980454305336,0.008514013735501,0.03025465983318
2019-02-06,-0.001810275328457,-0.009774416140449,-0.00890052356021,-0.004972629294427,-0.010475591449367
2019-02-07,-0.003868730055283,0.023538341312051,-0.015847913365029,-0.003022087717719,-0.016313912461608
2019-02-08,-0.000364174952277,-0.003461896291796,0.022007623296169,-0.003380576775634,0.000529287584724
2019-02-11,0.016027127425572,-0.011414396476593,0.005777258099934,0.013451713771979,0.016751995645614
2019-02-12,0.012308816171349,0.000753036046011,0.04490861618799,-0.001846524939196,0.022545895763144
2019-02-13,0.008145322530959,0.002758914420033,-0.0064968015992,-0.005897529816235,-0.00050882341929
2019-02-14,-0.008430851650902,0.008504326779041,-0.00503008073592,0.010817786119966,-0.012896558648434
2019-02-15,0.008266373850014,-0.012648878580385,-0.037411524903361,-0.001956243404367,0.011517859151056
2019-02-19,-0.009487103280583,-0.01356437003839,0.018382246933706,-0.004150783409599,0.003059156110005
2019-02-20,0.003192846206438,0.015788077640611,-0.010830273895321,-0.006599600905611,0.007285762844137
2019-02-21,-0.010490435239952,-0.004011044146926,0.01199165797706,0.008158813928115,-0.002186790267761
2019-02-22,0.009648705943484,0.017367361085722,0.012879958784132,0.005433398216124,0.001180009387172
2019-02-25,0.004837052759837,0.002968681105975,-0.001525991861648,0.004139225341369,0.009429266484811
2019-02-26,0.00739701858611,0,-0.013244931902442,0.004580442068469,0.010508689974262
2019-02-27,0.004312264918902,0.015786865662122,0.036654567028675,-0.004217507686174,0.004456829398881
2019-02-28,-0.005105914922591,0.037882546487199,0,-0.000915858493031,-0.006080409783433
2019-03-01,0.019295759419676,-0.001871789253031,0.016434262948207,-0.016384062656698,-0.001322686290868
2019-03-04,-0.017439216455509,0.002344089118532,-0.027437530622244,-0.003960339060534,0.015231668084046
2019-03-05,-0.002335197358872,0.011693181200241,-0.001007556675063,-0.001286393017895,0.004566295141744
2019-03-06,-0.003628333587575,0.001387006760514,-0.020171457387796,0.001295866032611,0.003246697301633
2019-03-07,0.001527112825484,-0.006463556299221,-0.003602624806999,-0.009294144226683,-0.006796144602893
2019-03-08,-0.005395269192092,0.005576159948017,-0.012913222473491,0.010806277493246,-0.002769572188133
2019-03-11,0.012028188309749,-0.00277265525037,0.030350600190968,-0.003994345394345,-0.000816898155901
2019-03-12,-0.004544219353075,-0.025023124810329,0,0.003184770596868,0.001961972021096
2019-03-13,0.005852689061578,0.002851718353459,0.000507871990459,-0.001293336308256,0.007180322747733
2019-03-14,0.010939256714841,0.015639838240982,0.010152232987196,-0.001883760059965,0.006156789943651
2019-03-15,-0.000805983478612,-0.030331321360104,-0.005025175879397,0.015097825348084,0.01642518165823
2019-03-18,0.011751147474933,-0.00769974744746,0.002525303157844,0.0052288618652,0.009505635732289
2019-03-19,-0.001480336127273,0.024733259790092,-0.006045340050378,-0.018379401211023,-0.004551312230783
2019-03-20,-0.011403701809392,-0.001419754161458,-0.036999493157628,0.010833852054349,0.009932348692468
2019-03-21,0.01522674438963,-0.016113733073641,0.014736894736842,-0.024697161099905,-0.006556275844837
2019-03-22,-0.066128768081613,0.00963394922748,-0.045124530854537,0.00943624410432,-0.001257210067493
2019-03-25,0.001703084326209,-0.000954278178242,0.009234111895709,0.005916508975873,-0.01368780759442
2019-03-26,0.012753607888214,-0.009073541466726,0.000538213132401,0.00364652915318,0.013558900571192
2019-03-27,-0.003478002141825,0.005783157483423,0.006992953200646,0.021566015233154,0.016052638053228
2019-03-28,0.011433288186238,0.020124513444589,0.012286432280258,-0.002868215929569,0.000309822051211
2019-03-29,0.002023086211585,0.00751529649996,-0.004221635661128,0.004832453558405,0.003716433968772
2019-04-01,0.012112471781171,-0.000466167123045,-0.001589878029153,-0.006183246827084,0.011724786968318
2019-04-02,-0.010090232435252,0.009794779564155,0.010084978768578,0.007604299657216,0.016315947369047
2019-04-03,0.001185125569468,0.013856795920419,0.005780241419851,0.024013951395312,0.003750823722449
2019-04-04,0.009589107587876,-0.000911162512591,0.03291541446789,-0.004243647865019,-0.001494553232443
2019-04-05,0.001407202789196,0.013223839532573,-0.006575670207385,0.007401613356297,-0.001347403366619
2019-04-08,-0.007845434596068,0.003375440688379,-0.00712825901875,-0.012690605718206,0.007495091983294
2019-04-09,-0.005311128860204,0.020408121798287,-0.040512871794872,0.007441683875708,-0.012051729804081
2019-04-10,0.007119316755624,-0.014065923292881,0.032602941347031,-0.000559602970691,-0.014156742458267
2019-04-11,0.001413750022389,0.006464494962135,0.001035196687371,0.015789394946987,0.007485678478534
2019-04-12,0.014588174252094,0.001771951019391,0.018097259565667,0.005401734785443,0.046095370514162
2019-04-15,0.006841322194738,-0.000884442681586,0.004062925136469,0.023245860009309,-0.005942757636308
2019-04-16,0.011171348069976,-0.001770240664872,-0.013657056145675,0.023360308253943,0.00014587631402
2019-04-17,0.010592408421879,-0.000665130982174,0.008205128205128,0.00052375259592,0.009768100911431
2019-04-18,0.005296675212889,0.004214831911766,0.004069175991862,-0.007326258738086,0.013138913583892
2019-04-22,-0.020627571757728,0.013916437014443,-0.010131661600811,-0.002741157206778,0.004132864433728
2019-04-23,0.000801100919072,-0.00305008458697,0.02047082802094,0.001480212635103,-0.009083169481538
2019-04-24,0.010980248435465,0.011582125795272,0.01805406128114,-0.00760046173959,0.005299328904918
2019-04-25,-0.009390294471176,-0.004752561266583,-0.009852167973013,0.005424873796503,0.002594006133611
2019-04-26,0.008565608859458,-0.006294848044451,0.014925373134328,-0.000317469628436,-0.004024647842457
2019-04-29,-0.000566090751759,-0.002184334826242,0.007843088235294,-0.000846461138277,-0.003175087225878
2019-04-30,-0.00487200213944,0.00197029051593,0.007782101545822,-0.014829068229965,0.010713678456269
2019-05-01,-0.021974314174056,0.00065546751557,-0.050193004352944,0.009461414336767,0.005586528684245
2019-05-02,-0.007333995926439,-0.001965123510897,0.03607718495935,0.0157631638067,0.011538510049889
2019-05-03,0.005042659773793,0.09385250386361,-0.007356498644262,-0.015833264433827,-0.029995702349278
2019-05-06,-0.024854042890107,-0.003599982516765,-0.018774654150198,-0.002343867722604,-0.027148783425635
2019-05-07,-0.012325124750314,0.001806556887561,-0.017623413009899,0.000854323356824,0.0135801627495
2019-05-08,0.002786618513853,0.023041458286372,0.014864120963608,0.003414388344354,-0.022821018238817
2019-05-09,0.002537058409505,-0.013709324362348,-0.009595859070498,-0.012015985122521,0.005122801712786
2019-05-10,0.011689564156057,0.017307291922187,-0.019377918440698,-0.030029105309365,-0.029380822114836
2019-05-13,-0.016914694223157,-0.000593480232759,-0.036401404056162,0.002552058207196,0.032586761106523
2019-05-14,0.013813031059972,-0.021773545065238,0.032379814766335,0.003873951437625,0.008525275244373
2019-05-15,0.004063699553807,0.015783047555049,-0.009409200700951,0.006615185850283,0.012012602838879
2019-05-16,0.00321374564277,0.00079682408454,0.021635882763278,-0.005476411005591,-0.001025933722441
2019-05-17,0.00344105552594,0.016918770304113,0.06921487245791,-0.002092749032708,-0.031685413806002
2019-05-20,-0.020338150658677,-0.018203114378156,0.00772946822563,0.016444382717991,0.015452222304981
2019-05-21,0.009535196610646,0.004784691720863,0.01438154293473,-0.019218438736277,0.003431289221184
2019-05-22,-0.005260638678653,0.043849123219369,0.009924432892249,-0.011362969865822,-0.006839114553697
2019-05-23,-0.006730744165553,-0.004561815123788,-0.024333223007336,-0.000594482993532,0.007485071301982
2019-05-24,-0.005808257660032,-0.006874195942343,0.002877697841727,-0.015349840782375,0.006389290371272
2019-05-28,-0.011684753541093,0.00557592621465,0.002391152558584,-0.006283917401539,0.011663888964584
2019-05-29,-0.028694411761696,0.002294487543551,-0.030534304891904,0.006080293824895,-0.012842974624674
2019-05-30,0.004944667167629,-0.003624680364301,0.005905561023622,-0.010274352763651,0.010201043765324
2019-05-31,-0.024038373030381,-0.009955980650847,-0.010274021023776,0.013190098686379,-0.008927317489867
2019-06-03,0.010630138914813,-0.007155205555961,0.02422140385566,0.025795436402616,0.005611492950714
2019-06-04,0.046947069579734,0.006232858198841,0.047297396105087,0.007520670733392,0.004698858086179
2019-06-05,0.013477168768871,-0.00367782390156,0.041474606383659,-0.014928783210499,0.021631103946886
2019-06-06,-0.003263998814406,-0.000777162768455,-0.003097300884956,0.009052878576736,0.002432137209068
2019-06-07,0.01164351245402,0.009721903731631,0.015978605593493,0.011568981763274,0.019123547587447
2019-06-10,-0.009950945334991,0.024263584742965,-0.008737352937412,-0.002450715240774,0.003221008294894
2019-06-11,0.00823456054222,-0.024252775498699,0.018069589331442,-0.008306212087927,0.003908354777723
2019-06-12,-0.00756678834817,-0.009248560405276,-0.007792207792208,0.02430129514928,-0.007786370216635
2019-06-13,0.011860194676936,0.007584582132358,0.024869109947644,0.004952170170075,-0.004344178004903
2019-06-14,-0.002033416189548,0.005018403656353,0.015325670498085,-0.000916910691774,-0.003518668381862
2019-06-17,-0.015939474305337,0.008642150501939,-0.013836477987422,0.012847189807123,0.01214687232177
2019-06-18,0.026671611144592,0.026846865741293,0.020408163265306,0.000566230854678,0.029305074447884
2019-06-19,-0.008896907773096,-0.00852946239875,-0.010416666666667,0.002942745990615,-0.007592220042886
2019-06-20,0.020227426714022,0.014774551311875,-0.010947368421053,-0.002708470548177,0.010929038814692
2019-06-21,0.005983060276956,-0.012532193569442,-0.016602809706258,-0.005884432007402,-0.00459459892129
2019-06-24,-0.014577233269599,-0.010451687355714,-0.028138484848485,-0.027774574355238,0.008009713378846
2019-06-25,-0.022248526138723,-0.00678998320619,-0.026280622437389,0.003395337421058,0.001212277238542
2019-06-26,-0.000847245229643,0.031143255884933,0.009606541189088,0.011668737838354,-0.011030416314207
2019-06-27,0.01344646922663,-0.016942914003915,0.00362483008609,0.007497025229793,0.00204015051363
2019-06-28,0.003466293168302,0.011240202463801,0.002257381489842,0.011219233441358,0.016153046643058
2019-07-01,0.017391353429668,0.015190788824786,-0.005855900637122,-0.018227164432796,0.000801573491349
2019-07-02,-0.005268755698083,-0.003284602770078,0.011780697779792,0.014068419675802,0.007741472917544
2019-07-03,0.014594986119137,0.021603758773987,0.016569682042096,-0.001478369466183,0.006622639171421
2019-07-05,0.007192789669214,-0.007168447152673,-0.002202687127635,0.006263653548816,0.003552589770702
2019-07-08,0.019119942417843,-0.007942343551005,0.021192008830022,-0.018107875181744,-0.001442255215042
2019-07-09,-0.004972745750211,0.016375542186547,0.003458711779451,0.000922098684673,0.005777271654429
2019-07-10,-0.006815115721431,0.007876943879518,-0.008186083937358,0.011860885168905,0
2019-07-11,0.009720875855781,-0.006394294487933,0.008688053866203,0.011494205362711,-0.00522184468809
2019-07-12,0.009400760946524,-0.005899312324951,0.03273044929933,-0.00495038669076,0.005511831384557
2019-07-15,0.004039551047809,-0.007013054916916,0.013344412010008,-0.001470011470963,0.002349228382684
2019-07-16,-0.009834696130387,0.010141279166665,-0.001646049450455,-0.021175466819356,-0.010286561034176
2019-07-17,-0.012415331972487,0.004840454797025,-0.017724649629019,0.008329659553637,0.013813983518325
2019-07-18,-0.000685537489003,0.002854521736964,0.003357112882921,0.002065152500106,-0.006747966033949
2019-07-19,-0.010178501220414,0.002668544276716,0.001672982015893,-0.005724821194413,0.000392030362706
2019-07-22,-0.006701358738209,-0.001064487754203,-0.014196241578445,0.016467071085916,-0.00143668831852
2019-07-23,0.00849135821493,0.007637593375524,0.023295170550819,0.012008719360921,0.006539485188602
2019-07-24,0,-0.000176222121514,0.002897350993378,0.000111788526578,-0.003898165512137
2019-07-25,0.006689858561033,-0.006523307242314,-0.003714444903013,-0.008170970411863,-0.007826762959071
2019-07-26,0.002978806082024,-0.00088726612117,0.001242792097879,-0.003159941198804,-0.010912590162443
2019-07-29,0.000913949741917,0.02451154498013,0.009102151427389,-0.001924566766291,0.025123179846529
2019-07-30,-0.004793477635832,-0.002253789503218,-0.136941375028347,-0.008734194259836,-0.01776467586062
2019-07-31,-0.013417416056053,-0.022241507153789,-0.033729170248417,-0.046000577274586,-0.011221052005405
2019-08-01,-0.033825401066014,0.00693079654078,-0.059980285152409,-0.007076892584914,0.002136214295429
2019-08-02,-0.023820879919117,0.053653333747155,0.003661087674629,-0.028026061146633,0.010125175334038
2019-08-05,-0.026743967364115,-0.055946433287575,-0.041167324587425,0.014665490713752,-0.054603056354134
2019-08-06,0.029504831994788,-0.037970049502003,0.030978206521739,0.001102539976327,-0.042271170216614
2019-08-07,-0.000246193315284,0.001475378232478,-0.006852873318549,0.023491926467612,0.020976003435891
2019-08-08,0.021161725612109,0.011970523953146,-0.002123195329087,-0.010878554569396,0.020545050388354
2019-08-09,-0.012289145904574,-0.045859819797324,-0.034574416732682,-0.009789751182166,0.029637871757737
2019-08-12,-0.004025616921756,-0.007057124605878,-0.024793333333333,0.010374716415522,-0.010590595308054
2019-08-13,0.020453370082948,0.002305065566945,0.007344575856239,-0.040831202488446,-0.021408092309356
2019-08-14,-0.027484458746512,0.007282524870013,-0.048794223219293,-0.024181314211375,0.008414050232307
2019-08-15,-0.018758518231324,-0.003424706180684,-0.027122584146379,0.016778414595829,-0.03170620299398
2019-08-16,0.009684335609404,-0.021954945847914,0.017575818181818,0.0153592966107,-0.007037357984068
2019-08-19,0.010587758821765,0.004879958970997,0.003573495915813,-0.001125086914752,0.007954845883755
2019-08-20,-0.007395386211496,0.004467754694175,-0.006528189910979,0.013892371862192,0.024106850353041
2019-08-21,0.027443166389006,0.010636202668365,0.010752688172043,0,-0.003222548928501
2019-08-22,0.006888889282156,0.015882288325897,0.013002304964539,-0.032835435658812,0.03767209039116
2019-08-23,-0.034449368939058,-0.012243352620914,-0.057759571631247,0.017102803781891,-0.021674411233774
2019-08-26,0.02250106408757,-0.004195326132895,0.00990705882353,-0.001631419330233,-0.015508052399451
2019-08-27,-0.002674659213897,0.00095744249878,-0.011649173001176,0.020738996391081,-0.005344641946772
2019-08-28,0.017676500505923,0.000956643821936,0.023573137495463,0.025735755270472,0.017675347357942
2019-08-29,0.022759754129879,0.01261461161997,0.027878727272727,-0.016206448268942,-0.011115734479852
2019-08-30,-0.007750068084233,0.005284968916251,-0.002358431742832,-0.012202605135678,0.01545607222765
2019-09-03,0.002011844143214,0.002440948465117,-0.002364125295508,0.014329921519704,0.002905648597021
2019-09-04,0.019841639321786,0.011050731633747,0.021327074723168,0.053586707111156,0.00137964489475
2019-09-05,0.023972249289349,0.002408273056873,0.038863109048724,0.012715278284903,-0.019977960331252
2019-09-06,0.003053677483619,0.005729091529847,-0.007258458961474,0.028102699829683,0.036131094210124
2019-09-09,-0.000225441084734,0.011944131510536,0.030371145648417,0.002119924516449,0.021438218743406
2019-09-10,-0.020751215910904,0.013437400653782,0.01528384279476,0.011133382632547,0.009298569879621
2019-09-11,-0.000921373248769,-0.006808799266889,0.029032204301075,-0.005175169018665,-0.002500603154968
2019-09-12,0.010605160693326,-0.036261941526439,0.004702246849647,-0.000553299689959,-0.015305386021549
2019-09-13,-0.00399216141879,0.015911686459299,-0.008320332813313,-0.020819606471635,0.013399425322311
2019-09-16,-0.00057263116873,0.013451272404111,-0.002621919244887,-0.005654826381337,0.004098994662517
2019-09-17,0.003666702201817,-0.009090919144158,0,-0.003753294530838,0.006057400733875
2019-09-18,0.005594362403185,-0.015412938983175,-0.006834963196635,-0.006050905795039,-0.039005341928308
2019-09-19,-0.004314265908205,0.008199889617229,-0.02488083773853,-0.01596612866947,0.00027243350167
2019-09-20,-0.011630488319506,0.01182998759178,-0.023887079261672,0.022528515513081,-0.006808404127504
2019-09-23,0.011652013942297,0.001826731621648,0.00055617352614,-0.013242312706965,0.007129211693858
2019-09-24,-0.005815993877334,0.005105831027801,-0.0183435241801,0.006710108556023,0.007487040989888
2019-09-25,0.041638020733963,-0.009978307436466,0.010758776896942,0.012066076374635,-0.009728304305991
2019-09-26,0.014976296682003,0.010995085110816,0.006722633053221,0.008175320108842,0.009823873941154
2019-09-27,0.001518956035213,-0.021750908664633,-0.010016583751619,0.002252516381985,-0.023915587991527
2019-09-30,0.017441155436376,0.031684180044197,0.019111747098834,0.000224835259593,-0.000830642012405
2019-10-01,-0.017461593362565,0.015086300551322,-0.006618808969598,-0.025839939931082,-0.002078028509728
2019-10-02,-0.008560832782113,0.010438648604931,-0.027207107162688,0.005304958105457,0.012494652047665
2019-10-03,0.007979028965926,-0.002626490533842,-0.001141552511416,0.01743736079669,-0.020704696936445
2019-10-04,0.00921701274685,-0.051966237017394,0.005142857142857,-0.004397284967442,-0.036684398884029
2019-10-07,0.001074419159101,0.00185187812743,-0.006822114837976,-0.015062339250708,0.008139565979307
2019-10-08,-0.015240923968463,0.007208910419371,-0.006868861297588,0.017017271188125,0.008073755744418
2019-10-09,0.008392351650567,-0.006790268975798,0.023054755043228,0.001922186141024,0.012013682888366
2019-10-10,0.005188043174501,0.024020672779802,0.005633802816901,0.025614789544696,-0.007772722340598
2019-10-11,0.009462363358679,0.00252608917354,0.02296918767507,0.000550183810345,0.01694916975032
2019-10-14,0.01065197702837,0.00341982659362,-0.001642935377875,0.006377716004531,0.055602199610705
2019-10-15,-0.000948481282428,0.006995556129667,0.0126165112452,-0.001748198757692,0.003582370524752
2019-10-16,0.000949381753251,0.019593803616322,-0.005417010044258,0.001970251685707,0.002776278073227
2019-10-17,0.007166928953685,-0.017120909062413,0.005446513864569,0.010159512706629,0.003296082078919
2019-10-18,0.005650869343941,0.000710994806728,-0.03521126951307,0.010273529229782,-0.006307501887149
2019-10-21,0.001248780493159,-0.007282348549386,0.020213420562236,-0.002782955197632,-0.008860046295082
2019-10-22,-0.006443639339857,0.005546516082044,0.068794716565768,-0.017926246143594,0.000800442190253
2019-10-23,-0.034309566808116,-0.005338037936071,-0.021112255406797,-0.007323141652527,-0.001199825923774
2019-10-24,-0.008882240980248,-0.021288137059635,0,-0.073441971404874,0.005472469437067
2019-10-25,-0.006338731809376,-0.000548297703378,0.00263014203051,-0.00831848611533,-0.004380844892551
2019-10-28,-0.000769880502423,0.005486541151321,-0.00104921306659,-0.027201997801737,0.005466804281514
2019-10-29,-0.017281357469766,0.021826075274136,-0.016806826848381,0.014165992110844,0.018299920221192
2019-10-30,0.010192737500581,-0.006586005520723,-0.005341773789625,-0.0004858317409,-0.004818253830669
2019-10-31,-0.007096145714006,-0.006987926322282,-0.006444736495986,0.007291434810614,-0.0048417472041
2019-11-01,-0.004131716831652,-0.001082653313377,0.022162162162162,0.023042514315854,0.011045406350304
2019-11-04,0.00762509894008,0.009573772601861,-0.183500793231095,0.016509363424683,-0.005072290341823
2019-11-05,0.000222505761374,0.024154525032609,0.056347085492228,-0.001044138433561,0.017647110798617
2019-11-06,-0.004450411667649,-0.014500383878892,0.012262477759809,0.003484083245892,0.021194689123183
2019-11-07,0.010281600375439,-0.0297819174207,-0.026044821320412,0.007638029079606,0.006918132949307
2019-11-08,-0.006526629999853,0.001644403700947,-0.012437810945274,-0.007695070127939,-0.001748911843208
2019-11-11,0.002672380580079,-0.004560384661874,0.005037783375315,-0.019444376695515,0.011137509922979
2019-11-12,-0.006107744468839,-0.008979244516714,-0.023809523809524,0.012275719725661,-0.002475090770135
2019-11-13,0.019999923621724,-0.002403936822018,0.005776636713736,0.000932704495109,0.000620288086631
2019-11-14,-0.000218942631631,-0.002595032367368,-0.007019783024888,0.012115553635106,0.000371975027921
2019-11-15,0.019393073063656,-0.009663530485861,0.026349614395887,0.004143601580968,-0.003842269904825
2019-11-18,0.012252723619908,-0.002064263893027,-0.015654351909831,-0.010430757574717,0.004728025289131
2019-11-19,-0.006052205804935,0.015043337521911,-0.006997455470738,-0.009614411552818,0.004334341417939
2019-11-20,-0.005982261920094,0.007224940164284,-0.011531069827034,-0.008187057642694,-0.008014654708675
2019-11-21,-0.009564803902146,0.003310579736626,-0.012313674659754,0.020165185856501,-0.010068485991999
2019-11-22,0.012803802839009,-0.001099811737131,0.02755905511811,0.000462369187931,0
2019-11-25,-0.004713947755707,0.002385736368485,0.000638569604087,0.012709276290332,-0.009291814044594
2019-11-26,0.00462857463952,0.005858623140008,0.051052903637524,0.015972740570198,0.004436133308758
2019-11-27,0.008678916630565,0.011831081665789,0.061930847718934,-0.005727202293531,0.020189176440324
2019-11-29,-0.004313373541583,0.014930778580246,-0.010863407661521,-0.006211866509925,0.007668538165384
2019-12-02,0.000748824199069,-0.00017730250218,-0.024855377159271,-0.022729937321312,0.003191271533821
2019-12-03,-0.011757125692741,0.007622812394563,-0.014226555173292,0.023840054535724,-0.004649350855341
2019-12-04,0.013627532456848,0.003518695092216,0.022850332101644,0.013062272643533,0.001352191767438
2019-12-05,0.022087023170276,-0.023667649603711,0.011169958847737,0.013790696572525,-0.026393513172841
2019-12-06,0.012631853407049,0.009876067517185,0.013953487560844,0.010117807750546,-0.014752072372315
2019-12-09,-0.003814478685601,-0.016358463765602,0.014334861563368,-0.006384064609146,0.013565376259431
2019-12-10,0.003932514571031,0.009219042760761,0,0.015398171006568,0.000505097487093
2019-12-11,0.001752390980364,-0.012538006628635,-0.01017529620264,0.018546809064982,0.018654771350851
2019-12-12,0.005556739100669,-0.007255565917752,0,-0.002249248714193,-0.005232371553009
2019-12-13,0.000511619247538,0.014982619551367,0.015419817247287,0.009554478557229,-0.006136438061021
2019-12-16,0.010637207081619,0.003420331818569,0.045556746594109,0.010421017879836,0.007056441689885
2019-12-17,0.008501171955182,0.007355625419061,0.005379289940828,0.015575681996811,-0.003503499900474
2019-12-18,0.009232351311377,0.015137950427825,0.018191545308104,0.004145070609244,0.014063262505529
2019-12-19,0.005767025077817,-0.000526269571765,-0.001051024642615,0.003508902930196,0.014611243784813
2019-12-20,-0.011764568577048,0.018606211280357,0.015255076275644,0.011415042774088,-0.017207748978155
2019-12-23,0.000800340100521,-0.00206792540847,0.003627046820054,0.005592224206012,-0.00447034221496
2019-12-24,0.000999438017719,0.002590316098569,0.001548735077505,0.005055626240748,0.003492494872663
2019-12-26,0.005692055318103,0.011539781579242,0.007731907216495,0.005633765695061,0.020509642092056
2019-12-27,0.008539428892577,-0.000851417876012,-0.015345218176226,-0.004001593613969,0.008038902923939
2019-12-30,-0.007580991498296,-0.009543202682881,-0.013506493506494,0.001004358011452,0.000725132733945
2019-12-31,0.00505942715175,0.002236727094572,0.010005265929437,0.005719585911985,0
2020-01-02,0.008785040945125,-0.003090064051125,0.003128258602711,-0.006285630370039,0.008452013450318
2020-01-03,-0.002739735139041,-0.014981961613534,0.001559251559252,-0.003915645155535,-0.0071839187622
2020-01-06,-0.000883010542093,0.029020941256669,-0.046704670472237,-0.004938938952823,-0.000964750999391
2020-01-07,-0.000491049051281,0.000679584862325,0.011975992815678,-0.017017872060421,0.011950677793974
2020-01-08,-0.002259750511275,0.052461828432909,-0.023130715438408,-0.012984442258031,-0.000119199376342
2020-01-09,-0.000689390109303,-0.003871643852819,-0.020925055066079,-0.00751707184077,-0.009425010121981
2020-01-10,-0.00571539065686,0.008097175573208,-0.000562485907622,0.009152066780664,0.002047445004522
2020-01-13,0.012487708622572,0.007228966115653,0.015194203714125,0.006254436240089,0.006730760064458
2020-01-14,0.007439219189193,0.002232883284895,0.039911250559243,-0.008494711890576,0.013610415302836
2020-01-15,-0.001263092089221,0.002386996468065,0.007462686567164,-0.00606006428559,-0.002002496051006
2020-01-16,0.005642619858311,-0.008572807172116,0.006349206349206,-0.009040117106496,0.007317418404084
2020-01-17,0.011221703402605,-0.006725371180403,-0.034174500525763,0.003818744591428,0.009959036921731
2020-01-21,0.000478433093008,0.004030312438646,-0.015242296393996,-0.000633994361746,0.001044037357918
2020-01-22,-0.000860628459196,0.008991673245036,0.01216135986733,-0.096859492854592,0.001043094151609
2020-01-23,-0.014068420123191,-0.004455820497881,0.025669143946977,-0.010303215492915,0.016554691486604
2020-01-24,-0.009609669887617,0.001118889540205,-0.009052182691577,-0.023896860633283,-0.021182048363521
2020-01-27,-0.017543889218856,-0.038479939882468,-0.008597527748655,0.013574110925339,-0.011169255254278
2020-01-28,0.001695994918999,0.002324842119064,0.012466069785037,0.005141576291941,-0.003529869527146
2020-01-29,-0.005676829349503,-0.015738961095246,0,0.005948334547806,-0.02715796597524
2020-01-30,-0.016526403161746,-0.014643936757347,-0.006959368308351,-0.018803267314217,0.010559552975268
2020-01-31,-0.019248344549957,0.004612132566952,-0.031805931633743,-0.00072309126815,-0.036752387022757
2020-02-03,0.030841075010509,-0.029076607007164,0.001113641487397,0.012543656569702,0.027431513047162
2020-02-04,0.021255212994028,0.02907176306658,0.024471635150167,0.007742660961032,-0.010679538826696
2020-02-05,-0.008285675231334,-0.01004082395711,0.004343105320304,-0.006146540649621,-0.021344490977291
2020-02-06,-0.002685633328657,-0.004469717999581,-0.005405405405405,-0.013320657804789,-0.009024814137864
2020-02-07,-0.008277563213184,-0.001553995814096,-0.023369619565217,0.004459909664147,0.003668001292207
2020-02-10,0.005832641083365,-0.012106592368283,0.010016750696536,-0.004440107187193,0.034908620136102
2020-02-11,0,0.004201626023325,-0.166942148760331,0.011692453742792,0.010716181346057
2020-02-12,0.029794014033547,0.011157646375506,0.021825396825397,0.00142964088541,0.007349319511669
2020-02-13,0.003592355033685,-0.009482728041914,-0.020711974110032,-0.004640074648666,-0.009807450937366
2020-02-14,0.001644572298321,0.006440417461076,0.021150033046927,-0.011833634670943,-0.000966265861082
2020-02-18,-0.014873503363311,0.005361376586297,-0.029126213592233,0.008830334313908,-0.002901755768977
2020-02-19,0.004509752992424,-0.016170548718546,-0.002666666666667,0.007074259691116,0.029950382464417
2020-02-20,0.000683119225596,0.01696085436104,-0.001336898395722,-0.00321457294058,-0.007417118187565
2020-02-21,-0.022237360495376,-0.00687756505011,-0.024765729585007,-0.022575195184791,-0.015656513348486
2020-02-24,-0.043291751527752,-0.009868286275702,-0.029512697323267,-0.056091877202493,-0.00132546031069
2020-02-25,-0.031383470918805,-0.073614341696986,-0.048090523338048,-0.011004869512487,-0.013392772986028
2020-02-26,-0.009687996341578,-0.010947559715183,-0.031203566121843,-0.041759242793167,0.024948027541425
2020-02-27,-0.037499932515357,-0.010877834516787,-0.037576687116564,-0.016393427353339,-0.022073849181798
2020-02-28,0.012173671155766,-0.002701054671567,-0.005577689243028,0.036805483636021,-0.012933046760419
2020-03-02,0.036921060745057,-0.046817596296666,0.000801282051282,-0.042062995990141,-0.046600795865671
2020-03-03,-0.01888218949822,0.008118513004017,-0.023218574859888,0.039155440730157,-0.014520996438847
2020-03-04,0.031452767652469,0.02717937909846,0.015573770491803,-0.036872604526535,0.013682507072935
2020-03-05,-0.034225339329976,-0.00254805653923,-0.053268765133172,-0.020120078174125,-0.03997397772223
2020-03-06,-0.024508872076846,-0.01827465328996,-0.050298380221654,-0.104235469727478,0.002703746928055
2020-03-09,-0.048098542770045,-0.038831092084981,-0.110412926391382,0.044398078654614,0.014156663468781
2020-03-10,0.049815733004244,-0.046439035212224,0.038345105953582,-0.037446247817296,0.00332362531436
2020-03-11,-0.048697598869176,-0.030792760404217,-0.029154518950437,-0.117506425225131,0.020802928435398
2020-03-12,-0.116666896445114,-0.101487116419598,-0.124124124124124,0.075700121439168,-0.027648089962954
2020-03-13,0.018598545216996,-0.126090817395294,0.083428571428572,-0.064158541303547,-0.037912041773735
2020-03-16,-0.116300581774992,0.000459087090234,-0.121308016877637,0.089016537114508,-0.062023032334229
2020-03-17,0.045665540194276,0.002179873775029,0.075630252100841,-0.055702016032533,-0.009467587661062
2020-03-18,-0.025773262364318,0.018889518924603,-0.175223214285714,-0.003839522595101,-0.013888808918498
2020-03-19,0.033803678415639,-0.049101112243166,0.083897158322057,-0.075332864628646,-0.086778757952277
2020-03-20,-0.041086172155174,0.057544580875135,-0.097378277153558,-0.128647136634234,0.044444493957659
2020-03-23,-0.068939892937931,0.076424616536178,-0.012448132780083,0.140030463743195,-0.054938106929157
2020-03-24,0.151751505918547,-0.051172881675798,0.121848739495798,0.107190433589376,0.045866994067459
2020-03-25,0.092354558810407,0.067716807923824,0.028714107365793,0.066839044433835,-0.07485939370548
2020-03-26,0.066953473899946,0.091188571813592,0.063106796116505,-0.06684969663362,0.024309735172695
2020-03-27,-0.012692674965369,0.007746440169862,-0.050228310502283,0.033915833731298,0.054415877156261
2020-03-30,0.025831922737393,-0.028651248432288,0.010817307692308,-0.094895355148877,0.001286330035954
2020-03-31,-0.030920480502824,-0.005036042580793,-0.041617122473246,-0.099852113930725,0.089113620059216
2020-04-01,-0.04242205078214,-0.002651200311584,-0.075682382133995,0.009038557990315,0.071797115224249
2020-04-02,0.01148545102017,-0.035766104946614,-0.075167785234899,-0.004885829481997,0.000550232091634
2020-04-03,-0.015971923743566,-0.016541348445061,0.085631349782293,0.118453177170477,-0.060626898329813
2020-04-06,0.073167397030472,-0.030071289573371,0.06951871657754,0.030547025412544,0.024440192786568
2020-04-07,-0.005553447582204,0.055701465498521,0.04875,0.029286492582821,-0.032999925660733
2020-04-08,0.01354561561781,0.042807406561134,0.029797377830751,0.021037989454316,-0.04077420631141
2020-04-09,0.017467778561349,0.043436751470158,0.082175925925926,-0.028880133960319,0.002156115272747
2020-04-13,-0.026846438497327,0.026989945271471,-0.066310160427807,0.035999971093906,-0.000922074904145
2020-04-14,0.035638210618189,0.00846323070759,0.027491408934708,-0.062447616615535,0.045223886304434
2020-04-15,-0.027780977198783,-0.049028252279115,-0.035674470457079,-0.017905171995549,0.013980848889417
2020-04-16,0.014816674057572,-0.014862965083553,-0.033526011560694,0.048313770318469,-0.003773610626348
2020-04-17,0.041830811195584,0.026874111607137,0.063397129186603,-0.029043505367121,0.012237834419526
2020-04-20,-0.022355699680723,0.010101007923901,-0.028121484814398,-0.044599749293607,0.013241249915886
2020-04-21,-0.030716812697919,-0.037272740404361,-0.013888888888889,0.017435410408962,-0.028409157915331
2020-04-22,0.0419014337987,-0.014164352616448,0.004694835680751,0.001474023458277,0.00233909803198
2020-04-23,-0.015996428881423,-0.000478934016981,0.021028037383178,0.004047905013632,0.044340814099165
2020-04-24,0.011677220821352,-0.012458016410274,0.026315789473684,0.057540739778113,0.006843585804704
2020-04-27,0.011316080240261,-0.00048520823686,0.042363433667781,0.031017229309044,-0.016439490790747
2020-04-28,-0.006377933737432,-0.004368914741024,0.031016042780749,0.013109159630373,0.009857154588273
2020-04-29,-0.008220766794667,0.036567488766039,0.015560165975104,-0.036164579095403,-0.013580440191016
2020-04-30,-0.010105657437873,-0.012699932706608,-0.053115423901941,-0.045955221503748,-0.022372096140601
2020-05-01,-0.018811613914645,-0.065269176006464,-0.055016181229774,0.005231816829438,0.029631904539844
2020-05-04,0.00245486761256,0.00331299311973,-0.005707762557078,-0.001076790229354,0.01723899427257
2020-05-05,0.016909648223926,0.017018026577801,-0.028702640642939,0.006467871636629,0.007843026704902
2020-05-06,0.01422018103454,0.046453558313606,-0.027186761229315,0.022491900885683,-0.020427985011117
2020-05-07,0.001356873213505,-0.00572792691077,0.046172539489672,0.016585146176333,-0.039438315366765
2020-05-08,0.02145443167748,-0.011041766515677,0.038327526132404,-0.015971037782772,0.011667478713449
2020-05-11,0.005195636474975,-0.011165048372948,-0.105145413870246,-0.026352526947403,-0.017810228009919
2020-05-12,-0.029363244476808,-0.02405500836637,-0.04,-0.054310879823178,0.027199866942503
2020-05-13,-0.025379660811912,-0.03621724863706,-0.09765625,0.050796090658992,0.019389308288401
2020-05-14,0.006161519534464,0.064181022835072,-0.002886002886003,-0.062770643885736,-0.009510258286206
2020-05-15,0.005083709213474,0.074574543424807,0,0.086412719219055,-0.00587567699177
2020-05-18,0.046557035395928,0.012575673207858,0.05643994211288,-0.028520720904044,-0.034020474580906
2020-05-19,0.005162613882761,0.005979774774051,-0.03013698630137,0.020787554579973,-0.012087683412192
2020-05-20,0.015735953543882,-0.004115198959056,0.055084745762712,0.005537824668499,-0.002265855013422
2020-05-21,0.014093666643087,-0.027089113492804,0.030789825970549,-0.011547312834803,0.059954586698989
2020-05-22,-0.005410594033057,0.045776367506646,-0.041558441558442,0.075125695964713,0.021282598748985
2020-05-26,0.030613389009431,0.034295987338556,0.065040650406504,0.039451743017617,0.011888141761165
2020-05-27,0.033636935180975,0.018324594480688,0.082697201017812,-0.054519115584523,-0.005252245374122
2020-05-28,-0.014118483418785,0.021850926011592,-0.045828437132785,-0.045756094903203,-0.012644150502515
2020-05-29,0.003716413620898,-0.006289308176101,-0.032019704433497,0.035115873085108,0.018716663823943
2020-06-01,0.009738231029678,0.012236261603376,0.05089058524173,0.022042291622062,0.009531626813405
2020-06-02,0.01205539566282,0.038766166038337,0.0181598062954,0.078348869805493,0.023125379422063
2020-06-03,0.033452538544997,0.014847500178742,0.092746730083234,0.001406116446231,0.03463940153133
2020-06-04,-0.027182844526862,0.044286327661993,0.011969532100109,0.065844980808469,-0.030506649294833
2020-06-05,0.014119393028755,-0.024611888876671,0.058064516129032,-0.003513336724856,0.010400043527456
2020-06-08,0.015383068628397,-0.025621140707582,0.038617886178862,-0.046456633810033,0.015967256606581
2020-06-09,-0.015917152393686,-0.006772896414343,-0.049902152641879,-0.013498771892662,0.022080926468396
2020-06-10,-0.004969311702663,-0.063377468150291,-0.029866117404738,-0.059452671611908,-0.008641653174602
2020-06-11,-0.06805723618138,0.014989293361884,-0.095541401273885,0.024247448521749,0.036405563693137
2020-06-12,0.013239616365061,-0.015611801687764,0.018779342723005,0.030530643321579,-0.020160705153748
2020-06-15,0.014621902662666,0.020145721986982,0.013824884792627,0.045152100552096,-0.002019708004498
2020-06-16,0.012265005501078,0.013445365546219,0.054545454545454,-0.035773846999867,0.00784209008579
2020-06-17,0.001716455907588,-0.009950224004356,-0.046336206896552,-0.001729237743956,-0.058483820332232
2020-06-18,-0.007660619286406,-0.012562813912528,-0.004519774011299,-0.003307081055845,0.010797061552298
2020-06-19,-0.027120330213034,-0.002968604712019,-0.02383654937571,-0.010902219246285,-0.020308623017531
2020-06-22,0.038943440713564,0.030625252302205,-0.002325581395349,0.001437662416665,0.01440302579118
2020-06-23,0.024218655963664,-0.027238984392419,0.040792540792541,-0.058382549910981,0.006236758920681
2020-06-24,-0.018053375079986,0.010606703571575,-0.03919372900336,0.013213675598962,-0.004879395690412
2020-06-25,0.013189560923567,-0.007136847277122,0.010489510489511,-0.044641349252227,0.007288587404447
2020-06-26,-0.076232798830897,-0.0249471205074,-0.047289504036909,0.056352789383958,-0.003025839415616
2020-06-29,0.02348665714057,0.010407605973783,0.075060532687652,0.009609022601568,0.031010801601734
2020-06-30,0.022739153502753,0.009012901287554,-0.004504504504505,-0.005579236373826,-0.023806390571457
2020-07-01,-0.006629293713334,0.037430828479009,-0.021493212669683,0.016171612623272,0.006555588210688
2020-07-02,0.01057489966246,-0.007380024781796,0.003468208092485,0.02289703006837,0.010030059460441
2020-07-06,0.015442498575903,0.017348190400293,0.036866359447005,-0.050166660504658,0.004642642120142
2020-07-07,-0.028814483457747,-0.001218038962021,-0.044444444444445,0.014206863269494,0.002567334278874
2020-07-08,0.01823433359696,-0.036585365853659,0.004651162790698,-0.039716513976536,0.00281704354978
2020-07-09,-0.018717152566514,-0.003797443037975,-0.04050925925926,0.042388835626924,0.026174658019406
2020-07-10,0.010310354464908,-0.011435882809762,0.041013268998794,-0.011359902607602,-0.0128157316228
2020-07-13,-0.015613770531163,0.031705266453435,-0.019698725376593,0.00316405557944,0.018401764733035
2020-07-14,0.003110058403702,-0.017026602777908,0.00354609929078,0.040172662419461,0.003114080855361
2020-07-15,0.018395978667172,0.005914698004834,0.081272084805654,-0.005426087795739,-0.007078130057532
2020-07-16,-0.012989545520003,0.002519911738263,0.001089324618736,-0.04172021100678,0.00287652309375
2020-07-17,-0.010076182937048,-0.005027218328788,-0.006528835690968,-0.029973211841733,-0.000623531788645
2020-07-20,-0.00654336898239,0.013894749473684,-0.03395399780942,0.030036247423397,0.019091506552942
2020-07-21,0.028332480622321,0.017441847789346,0.070294784580499,0.000335145371994,-0.009060883866947
2020-07-22,0.005591691832622,-0.001224502040816,-0.002118644067797,0.007539012495181,0.018287393434851
2020-07-23,-0.006167180772197,-0.008581900391278,0.038216560509554,-0.003990669752762,-0.009464849200216
2020-07-24,0.001322384370191,-0.011541644397156,0.005112474437628,0.015358868025502,0.005145229093608
2020-07-27,-0.012394593297072,-0.005004157568755,0.012207527975585,-0.000164337180296,0.006215670676562
2020-07-28,-0.009669747927326,0.001257284125969,0.008040201005025,0.018089107706828,-0.006903940252519
2020-07-29,0.007271184656647,0.013813323913269,0.029910269192423,-0.022774998215825,-0.014514020518843
2020-07-30,-0.0015468508671,-0.03674646618596,-0.014520813165537,-0.002314068212542,-0.000990070093421
2020-07-31,0.008159440594327,0.012430321314655,-0.067779960707269,-0.009111983821201,-0.011149626398358
2020-08-03,0.007376413834215,0.002540245586879,-0.073761854583773,-0.005517465347703,0.005762900598138
2020-08-04,-0.010169919777005,-0.000422322629785,0.017064846416382,0.041358344555661,-0.040732457663473
2020-08-05,0.037090379775504,0.010139455134847,0.05592841163311,-0.031643454669405,0.005453823723707
2020-08-06,-0.004854446167779,0.025512299652556,-0.042372881355932,0.021673811384908,-0.034353582940511
2020-08-07,0.01403695747052,-0.005301806753285,0.017699115044248,0.044549721889352,-0.018991559139145
2020-08-10,0.034851689934949,0.044690484904235,0.043478260869565,0.007030128464908,0.015132930880144
2020-08-11,-0.002751161345458,0.032182091457825,0.020833333333334,-0.011479953685454,-0.001745967533079
2020-08-12,0.000951259488604,-0.003802281368821,-0.003061224489796,0.001726300441028,0.011973698852169
2020-08-13,0.012355041696268,0.023282465648855,-0.011258955987718,0.006423219845495,-0.005583688011716
2020-08-14,-0.000844846410915,-0.003356933904731,-0.006211180124224,-0.017434571433501,0
2020-08-17,-0.007234862042086,0.001871257400991,-0.019791666666667,-0.017110275119511,-0.006550774017229
2020-08-18,0.012398343033675,-0.002241337217422,-0.019128586609989,-0.0103158115019,0.030009419661285
2020-08-19,0.013274613708227,-0.01310370618262,-0.022751895991333,-0.006514759640656,0.022210693675869
2020-08-20,-0.003505803094008,-0.013657078596576,-0.02549889135255,0.010819659203031,0
2020-08-21,0.016109587705648,-0.016538473076923,-0.002275312855518,0.070061715192674,-0.013164737053437
2020-08-24,0.018952295104676,0.019163117158738,0.047890535917902,-0.023340500220411,0.004403591637372
2020-08-25,-0.002861584517303,-0.009976999002832,-0.008705114254625,-0.005896895477824,-0.004384285036449
2020-08-26,0.000179425461138,-0.000775240310078,-0.024149286498353,0.039962569809276,0.002978976682425
2020-08-27,-0.006186762698203,0,0.007874015748032,0.019813844670499,-0.009943252045985
2020-08-28,0.015326258903463,-0.019394822469891,0.020089285714286,-0.032234358072874,0.005478091013056
2020-08-31,-0.003562250495511,0.014636063908591,-0.031728665207878,0.012319289466573,0.020755018524341
2020-09-01,0.026365105201175,-0.01286550877193,0.036158192090396,0.027794743818081,0.009149730059121
2020-09-02,0.017067349518022,0.048183243066942,0.022900763358779,0.001900113484998,0.014985574034592
2020-09-03,-0.033818589605261,0.021853873892703,0,-0.004668799696544,-0.00496286978421
2020-09-04,-0.003987485303714,-0.023230153839374,-0.006396588486141,0.00234529755006,-0.011595944806308
2020-09-08,0.002846916717277,-0.001132457556794,0.045064377682404,0.001472871591717,-0.00895680190235
2020-09-09,0.019339978994602,0.000755789854366,-0.039014373716633,0.00573520223996,0.009928773629506
2020-09-10,-0.000957368216288,-0.018504509902017,0.012820512820513,0.023980142841329,0.026594408837199
2020-09-11,0.027964083400013,0.041939185269854,0.044303797468355,0.045409036960623,0.002823824550575
2020-09-14,0.010847482796129,0.008124121482605,0.040404040404041,0.021581790921286,-0.01358962631577
2020-09-15,-8.38727789339622E-05,0.009890153846154,-0.004854368932039,0.022061835727072,0.014769744952948
2020-09-16,-0.005701318713754,0.006166057040288,0.04390243902439,-0.024202071894032,-0.010763209299007
2020-09-17,-0.018804292595602,0.024152891654353,-0.024299065420561,-0.032980271727488,-0.000865541312017
2020-09-18,-0.014609777258576,-0.023231277228484,-0.03639846743295,-0.04769162479708,0.000742557044652
2020-09-21,-0.011250717166942,0.012612612612613,-0.069582504970179,0.008589249662964,0.030295554555261
2020-09-22,0.03087236235848,-0.02846975088968,0.018162393162393,-0.003031126253341,0.008761369690791
2020-09-23,0.087618753163105,-0.005494505494506,0.049317943336831,0.004343458574492,0.008923275552039
2020-09-24,-0.018566629770437,0.052302069981584,-0.033,0.016866044007758,0.005070732414989
2020-09-25,-0.004168296821225,-0.027651465411909,0.015511892450879,0.009214655039737,-0.014431543482272
2020-09-28,0.000724462262739,-0.010079150903347,0.022403258655804,-0.021491758229852,-0.01464278559023
2020-09-29,0.016328759975406,0.025818203636364,-0.026892430278885,0.008469645932382,-0.044219039693547
2020-09-30,-0.006410752459618,-0.006026274242617,0.007164790174002,0.018932450235342,-0.011376538387562
2020-10-01,0.008762164178397,-0.008915834712892,0.051829268292683,0.013271713147591,0.023142911863375
2020-10-02,0,-0.00251882697054,0.018357487922705,0.032814162394521,0.004248875459295
2020-10-05,0.010028479666039,-0.007936550882978,0.004743833017078,-0.003337327299301,-0.003982044980412
2020-10-06,-0.002032722485667,-0.006181861818182,-0.036827195467422,0.030806202628672,0.01424284521493
2020-10-07,0.018879709930253,0.001097760750725,0.040196078431373,0.017801539207055,0.009977920058561
2020-10-08,-0.002691053969981,0.005116937022289,0.032987747408106,-0.009191926277999,-0.025734922835208
2020-10-09,0.009791062027533,0.005818203636364,0.000912408759124,0.003350095520195,0.02578867563364
2020-10-12,-0.011604824225399,0.00253066516564,0.00820419325433,-0.013483989571368,-0.005003663852966
2020-10-13,-0.002008268910078,0.028489088863574,0.004520795660036,-0.014058816840604,0.012020063372282
2020-10-14,-0.01191950790405,0.003856858182741,-0.016201620162016,0.026406080841093,-0.003272212671455
2020-10-15,0.010496559916782,-0.002794229945968,0.030192131747484,-0.024697712686633,-0.001094392951512
2020-10-16,-0.007751913186455,-0.031873926444834,0.003552397868561,-0.043260404423019,-0.008642717278674
2020-10-19,-0.004453083345811,0.020622330404248,0.023008849557522,-0.002343349308389,0.011542236301089
2020-10-20,0.008318290128455,0.006735178871283,0.019031141868512,0.005250670292759,0.015416317093459
2020-10-21,0.007315578634523,-0.001760563380282,0.028013582342954,0.016632278691192,-0.003586290143445
2020-10-22,0.004558653526755,-0.014109347442681,0.026424442609414,0.011763127637888,-0.010917852988933
2020-10-23,-0.000230718144415,0.00608233273703,0.024939662107804,-0.01443267842688,-0.022319235740754
2020-10-26,-0.01246259726218,0.009246002450384,-0.040031397174254,-0.018576357252517,0.073449060435103
2020-10-27,-0.002960165522234,-0.035588359503384,-0.024529844644317,-0.055125696155945,-0.000693478567213
2020-10-28,-0.046175440568413,-0.014614540828007,-0.022632020117351,0.006872429171742,-0.004857728045461
2020-10-29,0.006389257267297,-0.050797224287851,0.032590051457976,-0.024106974530536,-0.005578788094317
2020-10-30,-0.022627462171639,0.014843703125,0.01578073089701,0.023363097462533,-0.001402448159326
2020-11-02,0.019237156614131,-0.022324820122778,0.044971381847915,0.028791615221748,0.001872606723017
2020-11-03,0.017975293663868,0.025984275590551,0.017996870109546,-0.016537053885684,-0.014602854601007
2020-11-04,0.022072496928318,0.024558687078465,-0.018447348193697,0.026731936458141,-0.006876046258976
2020-11-05,0.018533095011894,-0.010861400749064,0.032106499608457,-0.020016872113115,-0.039871153769968
2020-11-06,-0.006168151229697,0.043165443926571,-0.011380880121396,0.111412520590924,0.004102975945756
2020-11-09,0.0003878246838,-0.007985524500908,0.0376055257099,-0.003598396065462,-0.003714778294733
2020-11-10,-0.009616081643005,0.083058957177854,-0.018491124260355,-0.006965126144326,0.008327164893706
2020-11-11,-0.000391438438104,-0.047635155405406,-0.033911077618689,-0.010780610090976,0.008135149839322
2020-11-12,-0.007990015822857,-0.025186258074202,-0.016380655226209,0.043986407661503,0.031421871837734
2020-11-13,0.012950140493935,0.000727845737752,0.042823156225218,0.034838342304244,0.035443415800827
2020-11-16,0.014265644709394,-0.01781816,0.053992395437262,0.034394785051927,-0.002862100353209
2020-11-17,0.016140233872366,0.031099569838588,0.022366522366522,0.00528728685402,0.076578670325448
2020-11-18,-0.004387005538119,-0.014721745062837,0.014114326040932,-0.007012602506862,0.010984286552716
2020-11-19,0.002127160731693,0.030976677062172,0.022268615170494,-0.001059395757685,0.028270066214251
2020-11-20,0.008111508075825,-0.003888321043938,-0.003403675970048,0.019795120035622,-0.029852241082357
2020-11-23,0.008648096614026,-0.006032583649365,-0.009562841530055,0.025418718695936,-0.00655601772594
2020-11-24,0.00424950850779,-0.000357036764933,0.029655172413793,-0.013295765953048,0.016072330741018
2020-11-25,0.006236054376497,-0.0028571,-0.007367716008037,-0.021125937285488,-0.004818719649402
2020-11-27,-0.009517428752976,-0.000358187663688,-0.007422402159244,-0.027064905483377,0.023473619374466
2020-11-30,0.003351923436071,-0.02042283008765,-0.010876954452753,0.016906475958923,0.005142477780743
2020-12-01,0.005493684165834,0.008778324991477,0.009621993127148,0.007900001486211,0.007981153830012
2020-12-02,0.001033665009316,-0.023205200429523,-0.012253233492172,0.008657007193676,-0.000101501882747
2020-12-03,0.010178494280897,0.005939146383203,0.031702274293591,0.033982890411376,0.004771573458856
2020-12-04,0.003694682298251,0.004059062730627,-0.00935203740815,-0.009534543315827,-0.001313454790637
2020-12-07,0.011371121283381,0.006982704733935,0.011463250168577,0.010872119999129,0.003136302078826
2020-12-08,0.002666541661092,-0.003284649635036,0.014,-0.007209753972226,0.000504296701632
2020-12-09,-0.002372057052535,0.004027850515683,0.011834319526627,-0.013956633583309,-0.026411252362004
2020-12-10,-0.008718128790348,0.016775987595507,0,-0.002761690357607,0.032959016851172
2020-12-11,-0.001235593152666,0.008249706237434,-0.018843404808317,-0.010500866709771,0.002214387638829
2020-12-14,-0.008223627575371,0.006403372328637,-0.008609271523179,0.017492715474873,0.000301249373743
2020-12-15,0.022820619593788,-0.002474308995567,0.032064128256513,-0.010085968668499,-0.011546125998981
2020-12-16,-0.007532803231764,0.021261515750751,-0.010355987055016,0.0020840476789,0.00294562786589
2020-12-17,0.015613753135419,0.006592622903846,-0.003924133420536,-0.019295268467937,0.001519161058942
2020-12-18,-0.022918172019265,0,-0.008535784635588,0.000589133477165,0.00717964471924
2020-12-21,0.049096796154698,0.01723543570006,-0.000662251655629,-0.02413759731474,0.006024112748082
2020-12-22,-0.010901287167845,0,-0.027170311464546,0.01677126129676,-0.001197608023853
2020-12-23,-0.004843903017551,-0.020332090403278,0.027929155313352,-0.004390560147646,0.0175859553276
2020-12-24,-0.001128503074586,0.003459010651145,-0.002650762094102,0.018474277340563,-0.003927700107364
2020-12-28,0.005861411733979,0.009996532023512,-0.005980066445183,-0.008074820916568,-0.004337589288756
2020-12-29,-0.006037877626953,0.017064846416382,-0.02072192513369,0.016399185456725,-0.00415839617763
2020-12-30,7.05252280716549E-05,0.00402688590604,0.029351535836178,-0.008589565106949,-0.006661416796609
2020-12-31,-0.000776911821513,-0.002339612205631,-0.013262599469496,-0.003395452109333,-0.018716744038181
2021-01-04,-0.009684015142676,-0.013735363484087,0.012096774193548,0.002467135647004,0.004283881524993
2021-01-05,0.008065622077627,0.00135867529943,0.025896414342629,0.025196252571036,0.007718911317805
2021-01-06,0.007930393303623,-0.008480325989701,0.003883495145631,0.009144933655073,0.000705540142297
2021-01-07,0.018264742372843,-0.001368436593983,0.005157962604771,-0.004870857167681,0.015207926344172
2021-01-08,0.009658582952085,0.012675615197169,-0.021808851828095,-0.008764876564705,0.017460281151437
2021-01-11,0.004783042218832,-0.008457374659187,0.017704918032787,0.005397286473991,0.000584994572159
2021-01-12,-0.013600808080874,-0.012964919557184,0.052190721649485,-0.022615708460236,-0.004287595248677
2021-01-13,-0.013857388019942,-0.000691261694764,-0.025719534598898,-0.002103531731689,0.002348741473436
2021-01-14,-0.012164292718901,0.002075427144751,0.002514142049026,-0.017332124833921,-0.011521085483838
2021-01-15,-0.004104768229662,-0.027959978130757,-0.022570532915361,-0.023358490501792,-0.007704513759398
2021-01-19,-0.010304213436337,0.04154823064883,-0.00192431045542,0.004637068031148,0.025880869482259
2021-01-20,0.025346479721508,-0.005114217733961,0.026349614395887,0.022349039984279,0.019406260519622
2021-01-21,-0.008333371400766,-0.022960871403463,0.008766499686913,-0.003683020074549,-0.005520600959393
2021-01-22,-0.015959236209775,0.001753770569896,-0.013656175440337,0.011328340248188,-0.012634085878246
2021-01-25,-0.012917172548918,-0.003501400486665,0.00314663310258,0.003773151145322,-0.007173351847188
2021-01-26,-0.017811660328349,-0.046029535220741,-0.004391468005019,-0.070245419624522,-0.008006198300918
2021-01-27,-0.030199917750223,0.021731101289135,-0.069313169502205,0.002779490433025,-0.027657452732218
2021-01-28,0.02823993386184,-0.028839221964799,0.02708192281652,-0.031498055329683,0.011539563400174
2021-01-29,-0.008387720765533,-0.004083170098363,-0.01318391562294,0.022765714464604,-0.017212050313348
2021-02-01,0.015869521448541,-0.018263116731858,0.02939211756847,0.020986977978873,0.033907004475275
2021-02-02,0.028590288060822,0.009491268249611,0.038286826735886,-0.015198566710891,-0.000196976817293
2021-02-03,-0.006877181525224,0.047762362867899,0.0493750625,0.029221910991291,0.007683202904258
2021-02-04,0.014426882384328,-0.012921772873185,0.033948777013176,0.006145527704534,-0.018768374789469
2021-02-05,0.031856576025136,0.003272705454545,0.021889342057066,-0.001954605257045,0.012153856321155
2021-02-08,-0.011715231030871,-0.003262029791853,-0.002254735062007,-0.007955887141976,-0.003149593625865
2021-02-09,-0.011296401008408,0.010909090909091,-0.00903954751189,-0.001480560993073,0.020932040666411
2021-02-10,0.004725400089599,0.023021561151079,0.069555241188413,-0.005436802121362,-0.036170195295389
2021-02-11,0.007581048953886,-0.004219346080577,0.023987153518124,-0.012175400734892,0.018864165122678
2021-02-12,-0.009892783437908,0.032132682254265,-0.01926075061222,0.017230445498086,0.033878337483389
2021-02-16,-0.002884758396813,-0.006500150797132,-0.011677229299363,-0.016815019252187,-0.000762090879517
2021-02-17,0.016089209576539,0.007231425769244,0.002685230790267,0.000880292593165,0.001143892066415
2021-02-18,0.007639383024637,0.015384615384615,-0.008569898232459,0.010177245954984,0.006855853518022
2021-02-19,-0.021159251332071,-0.017508457912458,0.024311129119395,0.00509946504493,-0.001513110791742
2021-02-22,-0.037670832182775,-0.01130907517378,-0.022151794417289,-0.013488384253055,0.017238106997579
2021-02-23,-0.003951047233466,0.025303251299827,-0.012945090995411,0.028098247533304,-0.01396654270891
2021-02-24,-0.003526106585486,-0.008451656867545,0,-0.023059970909531,0.003777117938138
2021-02-25,-0.000810985674724,-0.005455083755407,-0.010928907701033,-0.011739834599428,-0.004139219740303
2021-02-26,-0.003585443813012,-0.008913287257595,0.005524917127072,0.025780440096538,0.012469390169334
2021-03-01,0.021293923588766,0.004150750519182,0.041208788944572,0.012566250230039,0.007277409030993
2021-03-02,-0.004576752832986,-0.00688942501782,0.003693878433041,-0.012045335862454,-0.008892206373831
2021-03-03,-0.020143109906784,0.013527659251932,0.013144058885384,-0.043103474337086,-0.001869143920323
2021-03-04,-0.016535096698015,-0.00650247748792,-0.015568292682927,0.013770942337859,0.014606720959666
2021-03-05,0.00992133497008,-0.006544933098654,-0.012124354882676,0.034657936423905,0.002030379365827
2021-03-08,0.009073805366008,-0.015603329034743,0.019743916755603,-0.018639698342434,-0.00644686558951
2021-03-09,0.010329957050089,-0.031349046101072,-0.020931553064806,0.002138339622642,-0.012235905787062
2021-03-10,0.012063251461492,-0.004727229090909,0.008017210476601,-0.002133776882987,-0.003378329022702
2021-03-11,0.026164736569946,0.020460269471965,0.009544007977518,-0.005157283018868,-0.011299463351737
2021-03-12,-0.005241199727442,0.056212003847276,0.021533612314411,0.008597813053373,0.023047569838298
2021-03-15,0.031968708408018,0.016271145762712,0.038046270537467,-0.048263747584195,0.004096062776156
2021-03-16,-0.002000883096442,-0.001334202855272,-0.034175382160704,0.032007377028645,0.00834425776419
2021-03-17,0.001175340525766,-0.015364081804224,-0.012820512820513,0.012125143895983,-0.018205182891231
2021-03-18,-0.011393515538223,-0.00474896220145,0.008831168831169,0.004161336538663,-0.020041245692714
2021-03-19,-0.039673067537516,-0.017723183729854,-0.00875386199794,0.002386073177926,0.022362410977932
2021-03-22,0.005673132385151,-0.005204718728464,0.009350649350649,-0.042094725632674,0.010843156673441
2021-03-23,-0.008317125672463,-0.022323068476188,-0.043746783324756,0.002615812223592,0.022748258561877
2021-03-24,-0.028879748719361,0.002140585179048,-0.023681431646932,0.018914648112985,0.020795665686953
2021-03-25,-0.033944163894738,-0.012459950426343,0.009922878165539,0.026885136001983,-0.001948623637969
2021-03-26,0.033815345412122,0.006849293587223,-0.000545906113537,-0.017828201194716,-0.009229735866571
2021-03-29,0.003759681037684,-0.061224406497289,-0.036045823923857,0.017136303847884,0.003762074649841
2021-03-30,-0.004045306613031,-0.004195293476951,0.014164305949009,-0.002620728913792,0.014099688593685
2021-03-31,-0.00045128244719,0.009957893298555,0.031284860335196,-0.005380380515025,-0.003343963455146
2021-04-01,-0.002709007470156,0.003412946374837,-0.010292470763406,0.045540358423459,-0.015716028384479
2021-04-05,0.019542715004472,0.007558578815754,0.033388013136289,0.006858368344864,-0.001435312275115
2021-04-06,0.015097758107525,0.015378866870693,0.011652595956176,0.003585121892925,-0.00431179336463
2021-04-07,-0.004520348366277,0.01643879498609,-0.014659685863874,-0.010359632875936,-0.001443489084265
2021-04-08,-0.020946243933087,-0.003634381325845,0.008501594048884,0.022019022716653,0.003975304688225
2021-04-09,0.013240605121815,0.010213452713043,0.010537407797682,0.005415587345995,-0.00125985705922
2021-04-12,0.008785544675944,0.010832279725628,0.000521428571429,-0.018267048752528,0
2021-04-13,-0.022687397707021,0.00767992108534,-0.032829701259526,0.001669930900283,0.033519583308318
2021-04-14,-0.009585128553961,-0.002481432063493,-0.007004256842902,0.00035721599105,-0.009415945158892
2021-04-15,0.010660842683383,-0.015991471556321,-0.006511177428106,0.008689393912882,0.006337036153983
2021-04-16,0.00478791059756,-0.006681134128158,0.006007701038105,-0.008968551073131,0.008920704095884
2021-04-19,-0.012955037047949,0.008180331205832,-0.01900108577633,0.00678733007428,0.00069351860804
2021-04-20,-0.041185831724366,-0.000180266866798,-0.015495240730493,0.028976900213711,0.015419135455664
2021-04-21,0.021949437322402,0.001262420198377,0.052838614230545,-0.007011505747126,0.003753722462821
2021-04-22,-0.005542733127455,-0.02359516519607,0.015483182060865,0.02303505061969,0.002379761111094
2021-04-23,0.007818617856714,0.002213635958545,0.012618296529969,-0.006562503051454,0.008648408821032
2021-04-26,0.010830355467696,-0.010859495914438,0.0134994807892,0.015261912918158,0.02858102085854
2021-04-27,0.003875341768601,-0.008001577610648,0.019979508196721,0.002019306731201,0.008009181359235
2021-04-28,-0.010597184084497,-0.004126715623788,-0.007031642390758,-0.005933710255262,0.02156636481592
2021-04-29,0.019508743504237,-0.008099543804127,0.016186140617097,-0.012726624476556,-0.008095185846963
