Date,Open,High,Low,Close,Adj Close,Rendimiento,IPC,Rendimiento,Correlacion,Volume
2019-01-08,50.150002,50.259998,49.41,49.889999,49.889999,0,43542.871094,0,0,1033000
2019-01-09,49.810001,50.130001,49.32,49.93,49.93,0.000801783940705,43648.070313,0.00241599178825143,0,658900
2019-01-10,48.68,49.119999,48.5,49.099998,49.099998,-0.016623312637693,43668.949219,0.000478346599294835,1,1067000
2019-01-11,48.880001,49.080002,48.77,48.98,48.98,-0.002443951219713,43556.109375,-0.00258398349440719,0.04687556871447,591000
2019-01-14,48.700001,48.740002,48.299999,48.419998,48.419998,-0.011433278889343,43397.980469,-0.00363046443470361,0.256483823161317,735900
2019-01-15,49.639999,50.130001,49.599998,49.84,49.84,0.029326767010606,43603.621094,0.00473848374458099,0.731729452703427,985800
2019-01-16,49.580002,49.919998,49.48,49.610001,49.610001,-0.004614747191011,43819.53125,0.00495165655014161,0.558617595193478,880800
2019-01-17,49.029999,49.759998,48.860001,49.509998,49.509998,-0.002015783067612,43932.078125,0.002568418049885,0.545160896465262,708700
2019-01-18,50.110001,50.360001,49.790001,50.18,50.18,0.013532660615337,44241.539063,0.00704407692983444,0.620365762191476,889400
2019-01-22,49.040001,49.150002,48.18,48.470001,48.470001,-0.03407730171383,44028.960938,-0.00480494416564687,0.749669679939435,901800
2019-01-23,49.02,49.119999,48.09,48.459999,48.459999,-0.000206354441792,43768.078125,-0.005925254819603,0.621328642145797,803200
2019-01-24,48.139999,48.41,47.98,48.369999,48.369999,-0.001857201854255,43679.671875,-0.00201987964259054,0.608517303502412,886900
2019-01-25,48.93,49.009998,48.66,48.759998,48.759998,0.008062828365988,43566.109375,-0.00259989361469992,0.545460912740775,782200
2019-01-28,48.52,48.93,48.200001,48.830002,48.830002,0.001435685046583,43638.621094,0.00166440657750384,0.547769316840777,743800
2019-01-29,49.040001,49.110001,48.630001,48.779999,48.779999,-0.001024022075608,43626.148438,-0.000285816913718208,0.547166164012216,674200
2019-01-30,48.779999,49.259998,48.310001,49.200001,49.200001,0.00861012727778,43700.101563,0.00169515594770186,0.554202410795863,922100
2019-01-31,50.040001,50.540001,49.689999,50.119999,50.119999,0.0186991459614,43631.359375,-0.00157304412441456,0.476232999053867,1583600
2019-02-01,50,50.040001,45.119999,46.150002,46.150002,-0.079209837973061,43987.941406,0.00817260878661308,-0.140781626666536,6962800
2019-02-04,45.889999,46.419998,45.810001,46.290001,46.290001,0.00303356433224,43738.269531,-0.00567591633115035,-0.15757621199673,1977200
2019-02-05,46.200001,46.220001,45.759998,45.860001,45.860001,-0.009289263139139,44337.101563,0.0136912602720958,-0.158798925757388,1609500
2019-02-06,44.490002,44.669998,43.98,44.220001,44.220001,-0.035761010995181,43855.789063,-0.0108557502189467,0.00930796011054619,2822500
2019-02-07,42.93,43.150002,42.43,43.060001,43.060001,-0.026232473400442,43624.550781,-0.0052726968762965,0.0513988795895527,3049100
2019-02-08,44.400002,44.5,43.669998,44.290001,44.290001,0.028564792648286,43180.449219,-0.010180083325773,-0.0724718261744729,2078500
2019-02-11,44.509998,44.709999,44.200001,44.59,44.59,0.00677351531331,43285.171875,0.00242523312967107,-0.0610289387124572,2044900
2019-02-12,44.029999,44.490002,44.029999,44.279999,44.279999,-0.006952253868581,43113.789063,-0.00395938850595135,-0.0576967093248584,1154100
2019-02-13,44.529999,45.34,44.48,45.060001,45.060001,0.017615221716694,42284.058594,-0.0192451298536427,-0.156597215619608,1470200
2019-02-14,45,45.41,44.939999,45.119999,45.119999,0.001331513507956,42725.21875,0.0104332500395929,-0.133310444361668,730100
2019-02-15,45.549999,46.049999,45.52,45.790001,45.790001,0.014849335435491,42988.71875,0.00616731775071368,-0.0988318676270061,1445400
2019-02-19,46.220001,46.490002,46.119999,46.220001,46.220001,0.009390696453577,42981.308594,-0.000172374432536399,-0.09744674478884,1662900
2019-02-20,47.450001,47.5,46.650002,46.880001,46.880001,0.014279532360893,42949.5,-0.00074005643477412,-0.0976143447716081,2226800
2019-02-21,47.849998,48.049999,47.439999,47.639999,47.639999,0.016211561087638,43178,0.00532020163214939,-0.0711259725262327,2215000
2019-02-22,47.900002,48.150002,47.779999,47.889999,47.889999,0.005247691126106,43577.640625,0.00925565392097828,-0.0548260130156175,1189600
2019-02-25,48.549999,48.740002,48.389999,48.459999,48.459999,0.011902276297813,43738.660156,0.00369500341667472,-0.0437637896730562,996800
2019-02-26,48.169998,48.360001,47.98,48.189999,48.189999,-0.005571605562765,43664.328125,-0.00169945834497176,-0.0416669190914814,1305700
2019-02-27,48.360001,48.48,48.139999,48.43,48.43,0.004980307221007,43623.328125,-0.000938981584295247,-0.0429432088316205,866400
2019-02-28,48.209999,48.240002,47.919998,47.990002,47.990002,-0.009085236423704,43311.179688,-0.00715553925884703,-0.028904505610868,800900
2019-03-01,47.82,48.060001,47.689999,47.889999,47.889999,-0.002083829877731,42823.808594,-0.0112527780935745,-0.0250580011252904,969000
2019-03-04,47.779999,47.869999,47.23,47.619999,47.619999,-0.005637920351596,42619.230469,-0.00477720529109275,-0.0206749901796694,1230900
2019-03-05,47.75,47.900002,47.529999,47.66,47.66,0.000840004217556,42418.488281,-0.00471013168916829,-0.0221972695133642,638300
2019-03-06,47.68,47.810001,47.52,47.529999,47.529999,-0.002727675199329,42128.910156,-0.00682669601711637,-0.0197959178225297,685400
2019-03-07,47,47,46.139999,46.400002,46.400002,-0.02377439561907,41908.148438,-0.00524014785055057,0.000658118318941604,1360200
2019-03-08,45.279999,46,45.189999,45.950001,45.950001,-0.009698296995763,41641.839844,-0.00635457790252839,0.00928170805964764,1074100
2019-03-11,45.299999,46.18,45.16,46.099998,46.099998,0.003264352486086,41586.699219,-0.00132416399483235,0.009015550250592,1555600
2019-03-12,46.220001,46.650002,46.16,46.310001,46.310001,0.004555379807175,41876.171875,0.00696070285539144,0.0185764620696733,1290200
2019-03-13,46.57,46.84,46.459999,46.66,46.66,0.007557741145374,41740.621094,-0.00323694299002822,0.0143642260787213,920600
2019-03-14,46.23,46.240002,45.950001,46.119999,46.119999,-0.011573103300472,41932.558594,0.00459833838044135,0.00340009284589289,778100
2019-03-15,46.209999,46.529999,46.049999,46.25,46.25,0.00281875548176,41777.808594,-0.00369044974093574,0.000987021078676057,848000
2019-03-18,46.25,46.279999,45.98,46.080002,46.080002,-0.003675632432432,42210.460938,0.0103560325100951,-0.00358077356885349,632800
2019-03-19,46.200001,46.330002,45.490002,45.529999,45.529999,-0.011935828475008,42378.609375,0.00398357263255156,-0.0123315647349257,2231600
2019-03-20,44.040001,44.110001,43.009998,43.279999,43.279999,-0.049417967261541,43156.210938,0.0183489164573371,-0.151760161105769,3729000
2019-03-21,43.09,44.119999,43.049999,44.009998,44.009998,0.0168668904082,43251.191406,0.00220085280740829,-0.142768553519675,1392400
2019-03-22,42.73,42.73,42.02,42.029999,42.029999,-0.044989754373541,42259.121094,-0.0229374100400474,0.00702437382459721,1579100
2019-03-25,42.099998,42.48,41.91,42.150002,42.150002,0.002855174943021,42703.378906,0.0105127082745474,0.0155833720249966,954900
2019-03-26,42.75,43.27,42.48,42.73,42.73,0.013760331494172,42826.160156,0.00287521159087364,0.0224617903431882,1317800
2019-03-27,42.869999,43.060001,42.57,42.790001,42.790001,0.001404189094313,42947.550781,0.00283449705875611,0.024084874120872,1696300
2019-03-28,42.689999,42.720001,42.16,42.400002,42.400002,-0.009114255454212,42942.230469,-0.000123879287718309,0.0239730110420843,978300
2019-03-29,42.299999,42.360001,41.98,42.240002,42.240002,-0.003773584727661,43281.28125,0.00789550932257138,0.0226736819058419,908700
2019-04-01,42.68,43.02,42.630001,42.98,42.98,0.017518891215962,43672.058594,0.00902878410051694,0.0452678447201496,1000600
2019-04-02,42.310001,42.529999,42.060001,42.169998,42.169998,-0.018846021405305,43324.589844,-0.0079563171782275,0.0607329423303903,1325800
2019-04-03,42.560001,42.650002,42.349998,42.389999,42.389999,0.005217002855917,43339.75,0.000349920358267341,0.0610369837706316,1010500
2019-04-04,42.049999,42.639999,42.029999,42.52,42.52,0.003066784691361,43937.390625,0.0137896647996354,0.0685783701907176,2378400
2019-04-05,43.25,43.290001,43.02,43.07,43.07,0.012935089369708,44989.859375,0.0239538291880527,0.103439555389574,1212200
2019-04-08,43,46.919998,42.959999,46.599998,46.599998,0.08195955421407,45436.28125,0.00992272216898878,0.162311430610899,8331100
2019-04-09,46.630001,46.799999,45.810001,46.189999,46.189999,-0.008798262180183,45151.628906,-0.00626486887062312,0.166323327598576,4273300
2019-04-10,45.860001,46.23,45.860001,46.080002,46.080002,-0.002381402952618,44909.140625,-0.00537053229031511,0.166365018426037,1032100
2019-04-11,46.07,46.419998,45.990002,46.25,46.25,0.003689192548212,44580.058594,-0.00732772942033998,0.161672732109464,1157600
2019-04-12,46.860001,47.150002,46.75,46.990002,46.990002,0.016000043243243,44686.058594,0.00237774474379597,0.163855774314065,984800
2019-04-15,47.029999,47.66,46.93,47.310001,47.310001,0.006809937994895,44625.78125,-0.00134890715128085,0.162413148376424,1704600
2019-04-16,47.889999,48.130001,47.720001,47.950001,47.950001,0.013527795106155,45009.359375,0.00859543775494127,0.171043334667028,1066300
2019-04-17,48.119999,48.279999,47.57,47.740002,47.740002,-0.004379541097403,45525.289063,0.0114627200912032,0.164738059293667,2349500
2019-04-18,47.779999,48.029999,47.57,47.860001,47.860001,0.002513594364743,45381.21875,-0.00316462159747356,0.16342802755719,1076300
2019-04-22,47.610001,47.66,47.27,47.610001,47.610001,-0.005223568633022,45148.320313,-0.00513204456414039,0.165220839134725,1343600
2019-04-23,47.720001,48.41,47.619999,48.299999,48.299999,0.014492711310802,45045.328125,-0.00228119644952419,0.160699672756462,2081300
2019-04-24,46.560001,46.740002,46.389999,46.459999,46.459999,-0.038095238883959,45026.679688,-0.000413992699714705,0.159814170479036,2118900
2019-04-25,46.830002,46.880001,46.43,46.66,46.66,0.004304799920465,44974.96875,-0.00114845105964538,0.158981190776424,1768900
2019-04-26,48.349998,50.919998,48.200001,50.240002,50.240002,0.076725289327047,44956.730469,-0.000405520704225016,0.139878102147834,3853300
2019-04-29,49.990002,50.5,49.709999,50.25,50.25,0.000199004769148,44597.320313,-0.00799457950457134,0.138857129411428,1198100
2019-04-30,50.130001,50.549999,50.029999,50.369999,50.369999,0.002388039800995,44312.429688,-0.00638806598693678,0.137080456045075,1487200
2019-05-01,50.389999,51.869999,50.389999,51.360001,51.360001,0.019654596379881,44277.238281,-0.000794165592990005,0.134793793441797,2185000
2019-05-02,51.27,51.759998,51.049999,51.459999,51.459999,0.001947001519724,44116.699219,-0.00362576954283271,0.134168423637501,1349800
2019-05-03,51.630001,52.470001,51.5,52.25,52.25,0.015351749229533,43583.601563,-0.0120838064822949,0.11791010971832,2705000
2019-05-06,51.150002,51.5,50.599998,51.220001,51.220001,-0.019712899521531,43410.738281,-0.00396624592279564,0.123230744233776,2228300
2019-05-07,49.009998,49.25,48.610001,48.889999,48.889999,-0.045490081111088,43193.359375,-0.0050074915702399,0.136353990016777,3310700
2019-05-08,48.650002,49.080002,48.400002,48.75,48.75,-0.002863550886962,43382.351563,0.00437549175925834,0.135134155980426,1220400
2019-05-09,48.119999,49.110001,48.099998,48.75,48.75,0,43142.460938,-0.00552968237905753,0.134689597637261,1903300
2019-05-10,48.990002,49.860001,48.400002,49.700001,49.700001,0.0194872,43431.53125,0.00670036677822867,0.142940563707211,2148000
2019-05-13,48.5,48.66,47.869999,48.029999,48.029999,-0.033601649223307,43338.820313,-0.00213464582831174,0.145972398350033,1475700
2019-05-14,48.150002,48.540001,48.049999,48.439999,48.439999,0.008536331637234,43442.488281,0.00239203483738816,0.147246549932224,1146100
2019-05-15,49.48,50.080002,49.029999,49.939999,49.939999,0.030966144322175,43445.621094,0.0000721140322289958,0.14569080474284,2177900
2019-05-16,50.919998,52.330002,50.25,52,52,0.04124952024929,43519.21875,0.00169401781230749,0.147568142893345,5301500
2019-05-17,53.220001,53.610001,52.380001,52.610001,52.610001,0.011730788461538,43190.101563,-0.00756257112267218,0.140802445309786,3318300
2019-05-20,52.540001,52.880001,52.009998,52.200001,52.200001,-0.007793195061905,42942.230469,-0.00573907180186722,0.143548487724939,2019900
2019-05-21,51.23,51.23,50.560001,51.029999,51.029999,-0.022413830988241,42812.570313,-0.00301940897302964,0.147072852334454,1451300
2019-05-22,50.630001,50.720001,50.369999,50.490002,50.490002,-0.01058195200043,42617.601563,-0.00455400711927819,0.149855349601027,1127800
2019-05-23,48.48,48.57,48.130001,48.34,48.34,-0.042582727566539,42491.429688,-0.00296055785339034,0.154510398107734,1894500
2019-05-24,48.669998,49.18,48.669998,48.98,48.98,0.013239553165081,42207.710938,-0.00667708175703311,0.147956598334216,814200
2019-05-28,49.709999,49.73,49.09,49.169998,49.169998,0.003879093507554,42854.75,0.01532987806305,0.148300137657912,879500
2019-05-29,48.459999,48.470001,48.009998,48.23,48.23,-0.019117308078801,43345.820313,0.011458947094546,0.131868692752561,869600
2019-05-30,48.549999,48.790001,48.299999,48.529999,48.529999,0.006220174165457,42749.160156,-0.0137651139761923,0.12419717710282,613100
2019-05-31,47.98,48.099998,47.709999,48,48,-0.010921059363714,43108.421875,0.00840394800012412,0.117528571209688,1085200
2019-06-03,48.009998,48.360001,47.700001,47.779999,47.779999,-0.004583354166667,43241.820313,0.00309448669651623,0.116541567663296,849600
2019-06-04,47.630001,48.169998,47.290001,48.130001,48.130001,0.007325282698311,43420.378906,0.00412930333893277,0.118211581753327,1014100
2019-06-05,48.5,48.5,47.73,48.110001,48.110001,-0.000415541233835,43147.828125,-0.00627702447254176,0.117916317049791,764200
2019-06-06,47.639999,47.759998,47.330002,47.450001,47.450001,-0.013718561344449,43291.328125,0.00332577573972618,0.114771719474613,1159900
2019-06-07,48.139999,49.099998,48.139999,48.860001,48.860001,0.029715489363214,43609.171875,0.00734197271754411,0.126390717603532,1146300
2019-06-10,49.66,49.799999,49.169998,49.619999,49.619999,0.01555460467551,43713.660156,0.00239601617062347,0.128196646460118,1711200
2019-06-11,49.880001,50.119999,49.669998,49.82,49.82,0.004030653043746,43800.160156,0.00197878648667966,0.128576974648002,1064100
2019-06-12,49.169998,49.529999,49,49.380001,49.380001,-0.008831774387796,43483.199219,-0.00723652461249225,0.131810878971968,1579900
2019-06-13,49.41,49.860001,49.389999,49.669998,49.669998,0.005872762132994,43130.648438,-0.00810774706857259,0.12827738191962,1198700
2019-06-14,50.540001,51.560001,50.43,51.330002,51.330002,0.033420657677498,42964.710938,-0.00384732217134491,0.119345561890516,3736100
2019-06-17,51.740002,52.669998,51.740002,52.099998,52.099998,0.0150008955776,43161.050781,0.00456979317941482,0.122807544621888,2555100
2019-06-18,52.290001,52.57,52.099998,52.209999,52.209999,0.002111343651107,43375.671875,0.00497256415486716,0.122980923241137,1695700
2019-06-19,52.93,53.169998,52.580002,52.98,52.98,0.014748151977555,43645.109375,0.00621171934296407,0.127403329551822,2280400
2019-06-20,54.049999,54.119999,53.290001,53.939999,53.939999,0.018120026425066,43526.730469,-0.00271230632011672,0.124186528385237,1678700
2019-06-21,52.990002,53.650002,52.709999,53.240002,53.240002,-0.012977326899839,43743.71875,0.00498517298822935,0.119752612887761,2478300
2019-06-24,53.540001,53.73,53.119999,53.150002,53.150002,-0.001690458238525,43792.171875,0.00110765902818905,0.119586902298943,1530300
2019-06-25,52.560001,53.049999,52.509998,52.549999,52.549999,-0.011288861287343,43792.078125,-0.00000214079357076875,0.119468207788508,1868600
2019-06-26,52.66,52.849998,52.009998,52.459999,52.459999,-0.001712654647244,43316.558594,-0.0108585742298567,0.119771842366357,1080600
2019-06-27,52.540001,52.779999,52.209999,52.700001,52.700001,0.004574952431852,43161.171875,-0.00358723601420925,0.118837149765165,1027600
2019-06-28,52.84,52.84,52.189999,52.389999,52.389999,-0.00588239078022,43438.238281,0.00641934391407203,0.115998297730829,886200
2019-07-01,53.560001,53.82,52.98,53.709999,53.709999,0.025195648505357,43441.800781,0.0000820129945637838,0.115416080094225,1843400
2019-07-02,53.27,53.700001,53.130001,53.68,53.68,-0.000558536595765,43483.230469,0.000953682565068154,0.115332167377173,1386900
2019-07-03,54.209999,54.810001,54.189999,54.720001,54.720001,0.019374087183309,43461.480469,-0.000500192827566157,0.114410357898407,784100
2019-07-05,54.389999,55.110001,54.380001,55.029999,55.029999,0.005665168025125,43405.320313,-0.00129218230474369,0.114028963517592,1468700
2019-07-08,54.900002,54.919998,54.66,54.66,54.66,-0.006723587256471,43589.078125,0.00423353198812745,0.111977373789327,1691000
2019-07-09,54.130001,54.509998,53.900002,54.380001,54.380001,-0.005122557628979,42818.660156,-0.0176745644124586,0.115068209631695,1307200
2019-07-10,55.110001,55.200001,54.669998,54.779999,54.779999,0.007355608544398,42805.609375,-0.000304791905035108,0.114952311666199,833900
2019-07-11,54.990002,55.209999,54.889999,55.02,55.02,0.004381179342482,42882.019531,0.00178505006973746,0.115261146455407,2797000
2019-07-12,55.68,55.990002,55.549999,55.77,55.77,0.013631406761178,42647.308594,-0.00547341145699354,0.111147731977733,770100
2019-07-15,56,56.049999,55.650002,55.77,55.77,0,43063.949219,0.00976944709375205,0.109759633480834,917700
2019-07-16,54.169998,54.509998,53.689999,53.990002,53.990002,-0.031916765285996,42984.96875,-0.00183402754351093,0.111707349815296,1461400
2019-07-17,54.779999,54.799999,54.169998,54.369999,54.369999,0.007038284606843,42551.539063,-0.0100832849157301,0.107554184368445,1025700
2019-07-18,53.650002,54.049999,53.41,53.950001,53.950001,-0.007724811618996,41618.109375,-0.0219364495046348,0.113438317964178,790000
2019-07-19,54.310001,54.330002,53.650002,53.66,53.66,-0.005375365980067,41606.539063,-0.000278011475623488,0.11338595673694,400700
2019-07-22,54.02,54.049999,53.68,53.799999,53.799999,0.002609001118151,41209.320313,-0.00954702695647281,0.111853003142853,965200
2019-07-23,54.279999,54.470001,54.029999,54.41,54.41,0.011338308760935,40935.339844,-0.00664850735025504,0.108095469186775,730200
2019-07-24,54.869999,55.209999,54.75,55.099998,55.099998,0.012681455614777,41167.738281,0.00567720795492698,0.111316705400132,1115700
2019-07-25,54.5,54.759998,54.32,54.549999,54.549999,-0.00998183339317,40933.429688,-0.00569155855492166,0.113882393770304,1381400
2019-07-26,54.799999,54.93,54.59,54.799999,54.799999,0.004582951504729,40673.78125,-0.00634318795124355,0.112495402538737,1631800
2019-07-29,54,54.84,54,54.700001,54.700001,-0.001824781055197,41276.671875,0.0148225861100632,0.108744575351916,3002000
2019-07-30,56.060001,57.41,56.02,57.099998,57.099998,0.043875629910866,41159.269531,-0.00284427834578177,0.101687584240563,3197400
2019-07-31,57,57.290001,56.279999,56.860001,56.860001,-0.004203099972088,40863.089844,-0.00719594128795026,0.103120875290468,1443100
2019-08-01,56.450001,57.290001,55.66,55.849998,55.849998,-0.017762978934876,40346.800781,-0.0126346065598809,0.112798831089902,2243600
2019-08-02,55.299999,55.450001,54.669998,54.98,54.98,-0.015577404317902,39977.519531,-0.00915267735859496,0.118764756143639,1266100
2019-08-05,53.830002,53.830002,53.32,53.650002,53.650002,-0.024190578392143,39496.359375,-0.0120357681428156,0.130546251604819,1873300
2019-08-06,54.779999,55,54.330002,55,55,0.025163055911909,39785.628906,0.00732395429800289,0.138368872633797,1194800
2019-08-07,55.48,55.84,54.93,55.529999,55.529999,0.009636345454545,40432.359375,0.0162553788084639,0.142650247295232,2389900
2019-08-08,55.41,56.34,55.299999,56.25,56.25,0.012965982585377,40439.421875,0.000174674446635604,0.142822837192258,1499900
2019-08-09,56.48,56.59,55.709999,56.110001,56.110001,-0.002488871111111,40421.28125,-0.000448587644404845,0.14280351698449,426200
2019-08-12,56,56.049999,55.419998,55.599998,55.599998,-0.009089342201224,39851.210938,-0.0141032222228236,0.147294779173598,504800
2019-08-13,55.700001,56.639999,55.509998,56.259998,56.259998,0.011870504024119,39476.5,-0.0094027491054906,0.142169371299469,1140800
2019-08-14,55.23,55.259998,54.139999,54.32,54.32,-0.034482724297289,38650.089844,-0.0209342306435474,0.168480873533956,1272700
2019-08-15,54.700001,55.220001,54.580002,55.02,55.02,0.012886597938144,38574.179688,-0.00196403569322594,0.167628099714286,872800
2019-08-16,54.84,55.959999,54.84,55.73,55.73,0.012904398400582,39339.550781,0.0198415390603394,0.174120226673584,1254700
2019-08-19,55.720001,55.98,55.610001,55.720001,55.720001,-0.000179418625516,39556.320313,0.00551021879244978,0.173494720340887,934800
2019-08-20,56,56.02,55.59,55.66,55.66,-0.001076830562153,39700.050781,0.00363356517650519,0.172976660576139,378100
2019-08-21,56.330002,57.07,56.200001,56.650002,56.650002,0.017786597197269,40076.039063,0.00947072546768485,0.178714985934823,1052800
2019-08-22,55.169998,55.380001,54.389999,54.77,54.77,-0.03318626537736,40144.238281,0.00170174547172168,0.173836823138035,1583600
2019-08-23,54.799999,55.060001,53.66,53.84,53.84,-0.016980098594121,39862.070313,-0.00702885345650087,0.177768534246569,1303600
2019-08-26,55.529999,55.990002,55.450001,55.52,55.52,0.031203566121843,40081.71875,0.00551021146857921,0.183577742195714,1174600
2019-08-27,55.709999,55.98,55.310001,55.509998,55.509998,-0.00018015129683,40648.96875,0.0141523372173255,0.180989983124139,726300
2019-08-28,55.220001,55.709999,55.139999,55.610001,55.610001,0.001801531320538,40941.960938,0.00720786275789583,0.180756307047184,501000
2019-08-29,56.330002,57.599998,56.330002,56.720001,56.720001,0.019960438411069,41831.300781,0.0217219650115627,0.192464366630038,916000
2019-08-30,57.110001,57.169998,56.57,56.91,56.91,0.003349770744891,42622.5,0.0189140477161391,0.190947735127863,355400
2019-09-03,57.220001,57.77,57,57.43,57.43,0.009137234229485,42108.230469,-0.0120656819989442,0.185900729608658,857900
2019-09-04,58.029999,58.59,57.919998,58.509998,58.509998,0.018805467525684,41826.550781,-0.00668942116214966,0.180689059528263,925700
2019-09-05,59.549999,60.040001,59.48,59.540001,59.540001,0.017603880280427,42324.46875,0.0119043516546955,0.186610685194598,1295800
2019-09-06,59.34,59.419998,59,59.200001,59.200001,-0.005710446662572,42731.480469,0.00961646373883906,0.183215895218617,679700
2019-09-09,60.5,60.630001,59.68,59.98,59.98,0.013175658561222,42707.660156,-0.000557441790889611,0.182791767935333,1144500
2019-09-10,59.119999,59.389999,58.919998,59.240002,59.240002,-0.012337412470824,42662.46875,-0.00105815691693072,0.18301170830273,759900
2019-09-11,59.610001,60.150002,59.459999,60.049999,60.049999,0.013673142684904,42588.101563,-0.00174315245176719,0.181995423580831,731000
2019-09-12,60.139999,60.439999,60,60.25,60.25,0.003330574576696,42749.171875,0.00378204958870342,0.182165876388878,623200
2019-09-13,60.099998,60.529999,60.09,60.360001,60.360001,0.001825742738589,42670.410156,-0.00184241508187115,0.182105080672138,661300
2019-09-16,59.919998,60.25,59.68,59.970001,59.970001,-0.006461232497329,42841.460938,0.00400865099197896,0.180704846134615,400800
2019-09-17,60.150002,60.150002,59.259998,59.939999,59.939999,-0.000500283466729,43448.941406,0.0141797327798682,0.178198689546916,1854700
2019-09-18,59.119999,59.360001,58.580002,59.110001,59.110001,-0.013847147378164,43070.339844,-0.00871371199731264,0.182130408403394,816600
2019-09-19,59.389999,59.779999,59.240002,59.349998,59.349998,0.004060175874468,43017.460938,-0.00122773366060105,0.181979176717859,619500
2019-09-20,59.310001,59.580002,58.759998,59.119999,59.119999,-0.003875299203885,43559.449219,0.0125992624664938,0.178392642275752,627200
2019-09-23,58.98,59.27,58.869999,59.119999,59.119999,0,43507.949219,-0.00118229226777129,0.178430141868369,426300
2019-09-24,59.669998,59.77,58.720001,58.91,58.91,-0.003552080574291,43099.328125,-0.00939187209084901,0.179335827642463,987800
2019-09-25,60.400002,60.740002,59.869999,60.580002,60.580002,0.028348361907995,43014.078125,-0.00197798907103033,0.176351030978356,1522500
2019-09-26,59.91,60.080002,59.23,59.41,59.41,-0.019313337097612,42984.75,-0.00068182618989931,0.17624964175074,825500
2019-09-27,58.830002,59.389999,58.650002,58.77,58.77,-0.010772597205858,42857.578125,-0.00295853471289236,0.177243046740123,1501700
2019-09-30,58.490002,59.18,58.099998,59.130001,59.130001,0.006125591288072,43011.269531,0.00358609638537521,0.177769264773257,666700
2019-10-01,58.5,58.959999,57.650002,57.959999,57.959999,-0.019786943687013,42937.160156,-0.00172302226388799,0.178414923827861,988400
2019-10-02,57.25,57.25,56.509998,56.830002,56.830002,-0.019496152855351,42222.898438,-0.0166350479492573,0.18780965082692,1005200
2019-10-03,57.349998,58,57,57.93,57.93,0.01935593808355,42443.308594,0.00522015693270454,0.190577263793664,823800
2019-10-04,57.889999,58.860001,57.889999,58.75,58.75,0.014155014672881,43416.898438,0.0229385944746453,0.196756814180194,631900
2019-10-07,58.099998,58.400002,58.07,58.07,58.07,-0.011574468085106,42952.289063,-0.0107011184979846,0.200263223162809,661400
2019-10-08,57.549999,57.610001,57.029999,57.209999,57.209999,-0.014809729636645,42535.140625,-0.00971190237121348,0.204353736094337,630500
2019-10-09,57.779999,58.099998,57.689999,57.869999,57.869999,0.011536444879155,42501.921875,-0.000780971909623256,0.203927652459153,323500
2019-10-10,57.139999,57.560001,57.07,57.330002,57.330002,-0.009331208040975,42929.761719,0.0100663646518926,0.19943486248999,721300
2019-10-11,58,58.91,58,58.139999,58.139999,0.01412867559293,43214.601563,0.00663502038200061,0.201808344154065,1378000
2019-10-14,58.139999,58.380001,57.82,57.84,57.84,-0.005159941609218,43299.53125,0.00196530070689625,0.201315632136658,461400
2019-10-15,58.189999,58.68,58.150002,58.5,58.5,0.011410788381743,43244.628906,-0.00126796624386094,0.200691148903097,943000
2019-10-16,58.5,59.040001,58.490002,58.919998,58.919998,0.007179452991453,43538.488281,0.00679528030264189,0.201693175374407,747600
2019-10-17,60.029999,60.25,59.759998,60.040001,60.040001,0.019008877087878,43479.980469,-0.00134381817812284,0.200367285001993,759600
2019-10-18,59.799999,59.869999,58.599998,59.209999,59.209999,-0.01382415033604,43178.628906,-0.00693081182993766,0.203137986630821,1079000
2019-10-21,59.439999,59.580002,59.110001,59.18,59.18,-0.000506654289928,43405.429688,0.00525261657783864,0.202651272225036,564300
2019-10-22,59.48,59.580002,58.939999,58.970001,58.970001,-0.003548479215951,43363.539063,-0.000965101032315808,0.202762493753396,649700
2019-10-23,58.77,58.810001,58.240002,58.580002,58.580002,-0.006613515234636,43546.480469,0.00421878402807995,0.201473931646733,589100
2019-10-24,59.150002,59.150002,58.349998,58.630001,58.630001,0.000853516529412,43776.601563,0.00528449352327828,0.201244674318832,727500
2019-10-25,58.23,58.619999,58.029999,58.509998,58.509998,-0.002046784887484,43389.160156,-0.00885042221567661,0.201525618991084,683700
2019-10-28,58.849998,59.279999,58.689999,59.060001,59.060001,0.009400154141178,43765.488281,0.00867332125459359,0.203273644073484,874900
2019-10-29,58.860001,59.34,58.830002,59.240002,59.240002,0.003047764933157,43851.058594,0.0019552006926232,0.203368639978869,1496400
2019-10-30,60.200001,61.77,59.860001,61.07,61.07,0.030891254865252,43741.621094,-0.0024956638108384,0.19948476443376,1265100
2019-10-31,61.080002,61.09,60.41,60.830002,60.830002,-0.003929883739971,43337.28125,-0.00924382393444181,0.200356663519315,661800
2019-11-01,61.27,61.619999,61.119999,61.439999,61.439999,0.010027897089334,43814.550781,0.011012908914308,0.202539706281757,613700
2019-11-04,61.799999,61.849998,61.34,61.57,61.57,0.002115901727147,43815.761719,0.0000276378047570654,0.202537306504066,606200
2019-11-05,61.560001,61.57,61.029999,61.439999,61.439999,-0.002111434140003,43611.839844,-0.0046540757709017,0.202861254912426,663600
2019-11-06,61.040001,61.200001,60.68,60.73,60.73,-0.011555973495377,43818.511719,0.00473889374397566,0.200522800162094,456600
2019-11-07,60.41,60.720001,60.220001,60.400002,60.400002,-0.005433854767001,44119.898438,0.00687806835916135,0.198681143045727,649500
2019-11-08,60.25,60.57,60.150002,60.41,60.41,0.000165529795843,43702.230469,-0.00946665753519192,0.198303375551114,941800
2019-11-11,61.400002,61.880001,61,61.720001,61.720001,0.02168516801854,43595.601563,-0.00243989619879109,0.19600173752859,1398700
2019-11-12,62,62.5,61.91,62.130001,62.130001,0.006642903327237,43100.769531,-0.0113505035888751,0.193052623491327,1068100
2019-11-13,62.580002,62.580002,62.23,62.290001,62.290001,0.002575245411633,43098.660156,-0.000048940541501999,0.193048446188045,1089300
2019-11-14,62.009998,62.099998,61.34,61.849998,61.849998,-0.007063782195155,43188.691406,0.00208895705050047,0.192367697923066,424100
2019-11-15,62,62.200001,61.720001,62.060001,62.060001,0.003395359851103,43392.359375,0.0047157707809528,0.192545929173117,325200
2019-11-18,63.009998,63.009998,62.330002,62.439999,62.439999,0.006123074345423,43602.25,0.00483704108334165,0.193115862890231,827100
2019-11-19,62.240002,62.32,61.75,61.900002,61.900002,-0.008648254462656,43604.699219,0.0000561718489298581,0.192976436309596,1512500
2019-11-20,61.720001,61.880001,61.25,61.48,61.48,-0.006785169409203,43255.429688,-0.00800990574997057,0.194477664954928,852500
2019-11-21,61.099998,61.639999,60.959999,61.52,61.52,0.000650618087183,43521.859375,0.00615945070761641,0.194127365307409,1149700
2019-11-22,61.639999,61.700001,61.169998,61.200001,61.200001,-0.005201544213264,43535.109375,0.000304444713306783,0.194016570524842,607200
2019-11-25,61.709999,61.950001,61.580002,61.799999,61.799999,0.009803888728695,42852.359375,-0.0156827445664365,0.187925621303313,879400
2019-11-26,63,63.200001,62.619999,63.150002,63.150002,0.021844709091338,43036.160156,0.00428916362321061,0.190044304109858,2221700
2019-11-27,63.279999,63.75,63.200001,63.720001,63.720001,0.009026112144858,43100.121094,0.00148621386685416,0.190316169432279,1565400
2019-11-29,63.259998,63.599998,63.220001,63.48,63.48,-0.003766493977299,42820.179688,-0.0064951419832316,0.191022398564972,952800
2019-12-02,63.459999,63.560001,62.689999,63.279999,63.279999,-0.00315061436673,42544.140625,-0.00644647138361622,0.191601556274423,1515400
2019-12-03,64.400002,64.629997,63.91,64.589996,64.589996,0.020701596408053,42294.519531,-0.00586734366549452,0.187347405554313,1648100
2019-12-04,65.269997,65.559998,65.080002,65.290001,65.290001,0.010837669040884,42191.921875,-0.00242579079128204,0.186500008288611,1123800
2019-12-05,65.160004,65.290001,64.800003,65.199997,65.199997,-0.001378526552634,42216.03125,0.000571421588033551,0.186430367386848,1156400
2019-12-06,65.339996,65.470001,65.150002,65.290001,65.290001,0.00138042951137,41938.691406,-0.00656953853282932,0.186150524725599,999800
2019-12-09,65.610001,66.300003,65.610001,65.93,65.93,0.009802404506013,41951.589844,0.000307554612878514,0.186170571452464,1323200
2019-12-10,66.57,66.699997,66.040001,66.309998,66.309998,0.005763658425603,42633.429688,0.0162530155957251,0.186678405822061,872900
2019-12-11,66.480003,66.550003,66.199997,66.540001,66.540001,0.003468602125429,43195.191406,0.0131765546922002,0.186429921797248,1375100
2019-12-12,66.919998,67.389999,66.830002,67.32,67.32,0.01172225711268,44254.429688,0.024522134235823,0.190270498838568,1152300
2019-12-13,67.400002,67.790001,67.199997,67.57,67.57,0.003713606654783,44356.21875,0.0023000875328782,0.190384725796102,1019200
2019-12-16,68.199997,68.470001,68,68.25,68.25,0.010063637709043,44401.160156,0.00101319290206625,0.190513352936127,1109400
2019-12-17,68.040001,68.089996,67.690002,67.739998,67.739998,-0.007472556776557,45106.289063,0.0158808667278644,0.184723870698242,747600
2019-12-18,67.830002,67.910004,67.400002,67.699997,67.699997,-0.000590507841468,44649.429688,-0.0101285072323707,0.184721884078863,557700
2019-12-19,68.059998,68.209999,67.82,67.879997,67.879997,0.002658788891822,44505.640625,-0.00322040088764317,0.18453240077802,667600
2019-12-20,67.239998,67.910004,66.919998,67.900002,67.900002,0.000294711268181,44276.851563,-0.00514067562643928,0.184548127082488,1594400
2019-12-23,67.809998,68.169998,67.599998,68.080002,68.080002,0.002650957212048,44157.96875,-0.00268498795201918,0.184400687162261,601400
2019-12-24,67.980003,68,67.760002,67.760002,67.760002,-0.004700352388356,44300.171875,0.00322032758809813,0.18372906647041,264500
2019-12-26,68,68.029999,67.849998,68.019997,68.019997,0.003836998115791,44261.511719,-0.000872686365847155,0.183645934523217,518000
2019-12-27,68.029999,68.099998,67.730003,67.779999,67.779999,-0.003528344760145,43657.480469,-0.0136468734695455,0.184538862540679,351100
2019-12-30,67.779999,67.790001,67.25,67.720001,67.720001,-0.000885187383966,43541.019531,-0.00266760556836759,0.184671975032644,993900
2019-12-31,67.720001,68.029999,67.510002,68,68,0.004134657351821,44437.230469,0.0205831408555311,0.183943866106953,549700
2020-01-02,68.300003,69.059998,68.279999,69.059998,69.059998,0.015588205882353,44624.851563,0.00422215993255659,0.185277456020927,856500
2020-01-03,68.5,68.650002,67.959999,68.080002,68.080002,-0.014190501424573,44495.300781,-0.00290310841296811,0.186281546146342,518600
2020-01-06,68.25,69.199997,68.220001,69.110001,69.110001,0.015129244561421,44157.808594,-0.00758489505804418,0.182662250327999,755500
2020-01-07,70.510002,70.580002,69.809998,70.199997,70.199997,0.015771899641558,44470.910156,0.00709051404427119,0.185013936750762,1316200
2020-01-08,70.800003,71.120003,70.370003,70.459999,70.459999,0.003703732352011,44572.171875,0.00227703275342881,0.18511830412555,1640200
2020-01-09,71.400002,71.660004,70.589996,71.029999,71.029999,0.008089696396391,44660.328125,0.00197783159966333,0.185393314435648,2377300
2020-01-10,71.459999,71.459999,70.739998,70.860001,70.860001,-0.002393326797034,44847.46875,0.0041903101221337,0.18482549397832,1120500
2020-01-13,71.389999,71.699997,71.080002,71.639999,71.639999,0.011007592280446,44773.238281,-0.00165517633589971,0.184202801638437,1272300
2020-01-14,72.940002,72.949997,72.010002,72.470001,72.470001,0.011585734388411,44453.328125,-0.00714511990381887,0.181698062628384,1940800
2020-01-15,71.599998,72.120003,71.449997,71.599998,71.599998,-0.012005008803574,45303.078125,0.0191155541292781,0.172256126431847,1085900
2020-01-16,72.230003,72.720001,72.199997,72.620003,72.620003,0.014245880286198,45817.761719,0.0113608967712942,0.17543373457673,1158900
2020-01-17,72.720001,72.720001,72.160004,72.480003,72.480003,-0.001927843489624,45902.679688,0.00185338536440946,0.175244779606282,780500
2020-01-21,72.5,72.5,72.110001,72.129997,72.129997,-0.004829000903877,45637.320313,-0.00578091250453448,0.176096049123621,967200
2020-01-22,72.57,72.68,72.169998,72.379997,72.379997,0.003465964375404,45604.441406,-0.00072043903486228,0.176037220580437,760800
2020-01-23,72.75,72.75,72.019997,72.589996,72.589996,0.002901340269467,45476.429688,-0.00280700111772797,0.175875989267596,579700
2020-01-24,72.639999,72.68,71.480003,71.879997,71.879997,-0.009780948327921,45141.621094,-0.00736224449230106,0.177835340665938,678300
2020-01-27,71.440002,71.699997,71.150002,71.309998,71.309998,-0.007929869557452,44134.390625,-0.0223126782908972,0.181073589429859,1267300
2020-01-28,71.699997,72.209999,71.349998,72.019997,72.019997,0.009956514092176,44717.941406,0.0132221329610801,0.183172673043351,812600
2020-01-29,71.900002,72.019997,71.650002,71.800003,71.800003,-0.003054623842875,45132.601563,0.00927279172436059,0.181581711997696,613000
2020-01-30,70.629997,71.309998,70.209999,71.139999,71.139999,-0.009192255883332,44862.761719,-0.00597882317116882,0.183048811193593,870900
2020-01-31,70.989998,70.989998,69.910004,70.18,70.18,-0.013494503985023,44108.308594,-0.0168169122027206,0.188215377174354,957400
2020-02-03,70.290001,70.900002,70.25,70.480003,70.480003,0.004274764890282,45047.070313,0.0212831039984084,0.187589902563201,1811100
2020-02-04,72.169998,73.860001,71.160004,73,73,0.035754779976386,44782.859375,-0.00586521911778464,0.180444218251509,1578700
2020-02-05,70.660004,71.059998,70.349998,70.510002,70.510002,-0.034109561643836,44493.148438,-0.00646923713767447,0.184909662125216,1799000
2020-02-06,70.970001,71.550003,70.970001,71.550003,71.550003,0.014749694660341,44399.328125,-0.00210864630384008,0.183892880464158,662600
2020-02-07,71,71.25,69.709999,70.089996,70.089996,-0.020405407949459,44290.53125,-0.00245041714806354,0.184748340941769,1462400
2020-02-10,70.129997,70.209999,69.629997,70.169998,70.169998,0.00114141824177,45027.410156,0.0166373914514741,0.183334148913186,929300
2020-02-11,70.629997,70.849998,70.190002,70.32,70.32,0.002137694232227,45338.371094,0.00690603649916045,0.183249967301595,852000
2020-02-12,70.300003,70.790001,70.300003,70.769997,70.769997,0.006399274744027,45005.121094,-0.00735028612538975,0.181976226903791,587900
2020-02-13,69.919998,69.919998,69.510002,69.599998,69.599998,-0.016532415565879,44999.679688,-0.000120906373935539,0.181723082851411,910300
2020-02-14,69.480003,69.529999,68.459999,68.830002,68.830002,-0.011063161237447,45016.960938,0.000384030511324025,0.181467949690831,1485200
2020-02-18,66.419998,67.089996,66.099998,66.639999,66.639999,-0.031817564090729,44974.109375,-0.000951898175867852,0.181125275679179,2345700
2020-02-19,66.959999,67.370003,66.870003,67.07,67.07,0.006452596135243,44901.5,-0.00161447054781171,0.180840214809555,1234900
2020-02-20,66.910004,67.169998,66.029999,66.739998,66.739998,-0.004920262412405,44774.539063,-0.00282754333374171,0.181221315014808,1326100
2020-02-21,66.949997,67,65.75,65.940002,65.940002,-0.011986754929181,44802.539063,0.000625355404789374,0.180854757493488,906900
2020-02-24,64,64.580002,63.509998,63.93,63.93,-0.030482286002964,43818.070313,-0.0219735035243353,0.195038516524568,1413800
2020-02-25,65.25,65.5,63.130001,63.580002,63.580002,-0.005474706710465,43045.679688,-0.0176272167962368,0.196335506543528,2226400
2020-02-26,64.360001,64.830002,63.779999,63.939999,63.939999,0.005662110548534,42737.28125,-0.00716444577563425,0.195230265325002,1553400
2020-02-27,61.91,62.720001,60.880001,60.889999,60.889999,-0.047700970405082,41607.421875,-0.0264373245548932,0.220149194882556,2006000
2020-02-28,59.490002,62.459999,59.349998,62.200001,62.200001,0.021514239144593,41324.308594,-0.00680439374135094,0.216029391160218,2722600
2020-03-02,63.599998,64.260002,62.310001,64.160004,64.160004,0.031511301744191,42167.238281,0.0203979138594078,0.22754602763894,2117900
2020-03-03,63.77,64.510002,62.560001,63.18,63.18,-0.015274375606336,42472.25,0.00723338144574282,0.224097621109189,1714500
2020-03-04,63.779999,64.949997,63.57,64.790001,64.790001,0.025482763532764,43404.761719,0.0219557880498444,0.233356872290788,1223800
2020-03-05,63.849998,63.990002,62.919998,63.439999,63.439999,-0.020836579397491,42344.859375,-0.0244190338115839,0.241824202904092,1259900
2020-03-06,62.799999,63.240002,62.16,63.119999,63.119999,-0.005044136271188,41388.78125,-0.0225783752528993,0.242168450340496,1165600
2020-03-09,58.189999,60.470001,58,58.529999,58.529999,-0.072718632330777,38730.558594,-0.0642256808661163,0.311626517722997,1374800
2020-03-10,61.09,61.150002,59.060001,60.330002,60.330002,0.030753511545422,39565.441406,0.0215561779201742,0.320487762279968,3117300
2020-03-11,58.950001,59.349998,57.439999,57.790001,57.790001,-0.042101788758436,38678.550781,-0.0224157899794214,0.333081980426151,1349800
2020-03-12,54.529999,55.470001,51.5,52.57,52.57,-0.090327061942775,36636.699219,-0.0527902809379045,0.389909864379581,2072100
2020-03-13,56.349998,56.669998,53.290001,56.32,56.32,0.071333460148374,38085.050781,0.0395328070725562,0.419409829912999,2012300
2020-03-16,52,53.860001,50.939999,51.68,51.68,-0.082386363636364,36862.839844,-0.032091618940672,0.442997331841569,1458900
2020-03-17,53.41,55.369999,52.650002,55.200001,55.200001,0.068111474458204,35532.738281,-0.0360824496601148,0.388615388116502,1702400
2020-03-18,54.779999,58.099998,52.080002,54.790001,54.790001,-0.007427536097327,35143.628906,-0.0109507286469972,0.389199644637961,3626500
2020-03-19,54.860001,56.040001,53.599998,55.400002,55.400002,0.011133436555331,34269.511719,-0.0248727070655689,0.381813545665242,2382900
2020-03-20,56.48,56.900002,52.82,53.060001,53.060001,-0.042238283673708,32964.21875,-0.0380890448543015,0.395696147827855,1613000
2020-03-23,53.939999,54.400002,51.580002,52.900002,52.900002,-0.00301543529937,34371.53125,0.0426921235620062,0.383706976280674,1592600
2020-03-24,56.299999,57,55.560001,57,57,0.077504685160503,35536.699219,0.0338992162009076,0.406512009640319,2281900
2020-03-25,58.380001,59.330002,56.32,57.68,57.68,0.011929824561404,35706.570313,0.00478015960213805,0.407015007208845,1225000
2020-03-26,58.66,60.509998,58,60.5,60.5,0.048890429958391,33799.488281,-0.0534098350886887,0.355568406284599,1465400
2020-03-27,59.599998,60.599998,58.720001,59.32,59.32,-0.019504132231405,34199.96875,0.0118487139707712,0.350888349164501,1943400
2020-03-30,59.939999,60.450001,59.139999,60.169998,60.169998,0.01432902899528,34554.53125,0.0103673340344792,0.352154970637024,1215200
2020-03-31,59.27,60.5,58.610001,59.18,59.18,-0.016453349391835,33691.878906,-0.024964955761048,0.354953006275248,1057900
2020-04-01,57.93,58.43,56.650002,56.849998,56.849998,-0.039371443055086,33590.621094,-0.00300540709773131,0.353929888302411,1110900
2020-04-02,58.369999,59.299999,57.91,58.91,58.91,0.036235744458601,33075.410156,-0.015337940211294,0.34455415827458,1107900
2020-04-03,58,58.529999,56.77,57.48,57.48,-0.024274316754371,34381.558594,0.0394900148430378,0.324572639182221,667800
2020-04-06,59.830002,61.23,59.5,60.869999,60.869999,0.05897701809325,34526.308594,0.00421010582182451,0.32402731453327,1196800
2020-04-07,62.75,62.900002,60.459999,60.66,60.66,-0.003449958985542,34567.78125,0.00120118998204185,0.323890623129674,1347100
2020-04-08,61.080002,62.369999,60.720001,62.110001,62.110001,0.023903742169469,34613.671875,0.0013275548311334,0.323826304257017,1112600
2020-04-09,62.23,62.450001,61,61.580002,61.580002,-0.00853323122632,34746.390625,0.00383428693954475,0.323111326485899,1139300
2020-04-13,61,61.080002,59.509998,60.09,60.09,-0.02419619927911,33855.238281,-0.0256473356792005,0.328058640330764,1551700
2020-04-14,61.799999,62.049999,60.900002,61.43,61.43,0.022299883508071,33759.75,-0.00282048763643136,0.326925499192507,1762500
2020-04-15,62.200001,62.200001,61.240002,62.07,62.07,0.010418362363666,34743.101563,0.0291279278726885,0.327250673155783,2207300
2020-04-16,62.419998,62.470001,61.59,62.240002,62.240002,0.002738875463187,34477.058594,-0.00765743290125023,0.326915264570243,2740200
2020-04-17,64.139999,64.440002,63.490002,64.440002,64.440002,0.035347042565969,33892.28125,-0.0169613466997376,0.317682690945922,3182300
2020-04-20,63.59,64.43,63.200001,63.549999,63.549999,-0.013811343457128,34223.851563,0.0097830627143163,0.315151732242115,2436900
2020-04-21,62.209999,62.650002,61.41,62.049999,62.049999,-0.023603462212486,34240.601563,0.000489424750138547,0.314114726471046,2203700
2020-04-22,62.689999,62.98,62.470001,62.68,62.68,0.010153118616489,34586.820313,0.0101113512670911,0.314858594502722,837300
2020-04-23,63.43,63.5,61.959999,62.060001,62.060001,-0.009891496490108,34968.089844,0.0110235496512728,0.312737258973909,985500
2020-04-24,63.189999,63.189999,62.25,62.959999,62.959999,0.014502062286464,35830.808594,0.0246716007036349,0.314640475519962,1158100
2020-04-27,63.509998,63.869999,63.220001,63.450001,63.450001,0.0077827510766,36870.089844,0.0290052413211247,0.314228883213821,1233300
2020-04-28,63.880001,64.040001,62.889999,62.919998,62.919998,-0.008353081034624,36470.109375,-0.0108483725071555,0.314951027481315,972100
2020-04-29,64.410004,64.849998,63.830002,64.580002,64.580002,0.026382772612294,36370.429688,-0.00273318859494107,0.313516615636013,1193600
2020-04-30,64.160004,64.440002,63.400002,64.25,64.25,-0.005109971969341,36616.058594,0.00675353324409713,0.312780960519406,1108900
2020-05-01,63.23,63.619999,62.16,62.73,62.73,-0.023657587548638,36986.199219,0.0101086965449813,0.308652233211566,625200
2020-05-04,62.299999,62.529999,61.349998,61.939999,61.939999,-0.012593671289654,36792.410156,-0.00523949654444227,0.309157822188759,768100
2020-05-05,62.889999,63.740002,62.779999,63.389999,63.389999,0.023409751750238,37623.679688,0.0225935057930538,0.313117370830512,957200
2020-05-06,63.939999,64.260002,63.240002,63.950001,63.950001,0.008834232668153,37631.890625,0.00021823854200583,0.313101987649614,913600
2020-05-07,64.269997,64.589996,63.900002,64.370003,64.370003,0.006567662133422,37462.890625,-0.00449087189596922,0.312739790352058,900400
2020-05-08,65,65.889999,64.589996,65.510002,65.510002,0.01771009704629,36394.589844,-0.0285162400225222,0.304466758337483,957700
2020-05-11,65.769997,66.050003,65.279999,65.970001,65.970001,0.00702181324922,36094.140625,-0.00825532641768551,0.303698270775545,916800
2020-05-12,65.919998,66.400002,65.550003,65.589996,65.589996,-0.005760269732298,35691.390625,-0.011158320797394,0.304160740407517,1140200
2020-05-13,63.68,64.050003,62.299999,62.779999,62.779999,-0.042841853504611,37112.460938,0.0398154929834706,0.277175927810295,2543800
2020-05-14,62.939999,63.66,62.369999,63.66,63.66,0.014017219082785,35862.039063,-0.0336927771265008,0.269192902232518,1329900
2020-05-15,63.52,64.559998,63.48,64.010002,64.010002,0.005497989318253,36026.980469,0.00459933150232332,0.269372091910903,1241200
2020-05-18,63,64.459999,62.689999,64.07,64.07,0.000937322264105,35560.761719,-0.0129408222374108,0.268985403235806,1976900
2020-05-19,64.290001,64.339996,63,63.049999,63.049999,-0.01592010301233,35784.421875,0.00628952095479151,0.267311167515719,2118400
2020-05-20,63.23,63.849998,63.060001,63.169998,63.169998,0.001903235557545,35832.769531,0.00135108109805108,0.267322836143427,2146500
2020-05-21,63,63.380001,62.18,62.740002,62.740002,-0.006806965547157,36206.859375,0.0104398808380236,0.266024160433497,1214600
2020-05-22,63.200001,63.32,62.59,63.240002,63.240002,0.007969397259503,36889.960938,0.018866633969133,0.266607067523514,848700
2020-05-26,62.790001,63.16,62.16,62.18,62.18,-0.016761574422468,36508.140625,-0.0103502498590799,0.268050231344991,1435100
2020-05-27,62.5,63.029999,62.02,62.970001,62.970001,0.012705065937601,36122.730469,-0.0105568278581703,0.266324388401973,1524600
2020-05-28,63.580002,65.330002,63.580002,64.580002,64.580002,0.025567746139944,36980.851563,0.0237557095728525,0.2710030247973,1606900
2020-05-29,64.199997,64.760002,63.650002,64.760002,64.760002,0.002787240545456,37460.441406,0.0129685992271698,0.270836735159894,1176800
2020-06-01,64.910004,65.650002,64.559998,65.489998,65.489998,0.011272328249774,38290.769531,0.0221654655907767,0.272076635799669,1423600
2020-06-02,65.980003,66.82,65.919998,66.75,66.75,0.019239609688185,37872.890625,-0.0109133065519011,0.26935571748873,1420600
2020-06-03,66,67.019997,65.970001,66.790001,66.790001,0.000599265917603,38948.078125,0.0283893698700216,0.267263750838421,2723200
2020-06-04,67,67.410004,66.059998,66.18,66.18,-0.009133118593605,39954.011719,0.0258275540778048,0.262710071126985,1167400
2020-06-05,66.580002,67.550003,66.550003,67.309998,67.309998,0.017074614687217,39185.660156,-0.0192308989746483,0.258337147388273,1274500
2020-06-08,67.5,68.790001,67.300003,68.559998,68.559998,0.018570792410364,38266.191406,-0.0234644190333798,0.252488172454609,1392600
2020-06-09,68.440002,68.800003,67.900002,68.449997,68.449997,-0.001604448704914,36827.359375,-0.0376006071713318,0.250606215065109,986700
2020-06-10,70,70.599998,69.150002,70.510002,70.510002,0.030095034189702,37679.238281,0.0231316858025474,0.255953328505083,1863300
2020-06-11,70.169998,70.190002,67.099998,67.370003,67.370003,-0.044532674952981,37416.738281,-0.00696670134471289,0.257260282881015,2784400
2020-06-12,69.720001,69.830002,66.870003,68.290001,68.290001,0.013655899644238,37894.050781,0.0127566570986327,0.258488900964583,2360700
2020-06-15,68.360001,69.989998,67.889999,69.730003,69.730003,0.021086571663691,37897.238281,0.0000841161062041487,0.25822588530044,1640100
2020-06-16,70.489998,70.5,68.800003,69.349998,69.349998,-0.005449662751341,37632.890625,-0.00697538047601032,0.258553333854511,1029200
2020-06-17,70.959999,71.779999,70.730003,71.580002,71.580002,0.032155790401032,38404.628906,0.0205070157562471,0.263523390259418,1375300
2020-06-18,71.650002,71.849998,71.419998,71.550003,71.550003,-0.000419097501562,38123.558594,-0.00731865715166653,0.263532756246689,920000
2020-06-19,71.720001,71.849998,70.75,70.980003,70.980003,-0.007966456689038,38217.679688,0.00246884334703234,0.263182264620919,1513900
2020-06-22,71.25,71.809998,70.959999,71.709999,71.709999,0.010284530419082,37908.378906,-0.00809313345354967,0.262241083888238,605900
2020-06-23,71.809998,72.339996,71.589996,71.639999,71.639999,-0.000976153967036,37734.519531,-0.00458630466449417,0.262294343407403,1189700
2020-06-24,71.389999,71.480003,70.300003,70.650002,70.650002,-0.013819053794236,37431.949219,-0.00801839577555575,0.263170900674449,646500
2020-06-25,70.160004,71.120003,69.720001,71,71,0.004953970135769,37769.191406,0.00900947436712209,0.263338691113705,682300
2020-06-26,70.260002,70.419998,69.199997,69.68,69.68,-0.018591549295775,37716.429688,-0.00139695121965518,0.263222465215557,953300
2020-06-29,68.739998,68.849998,68.150002,68.720001,68.720001,-0.013777253157291,37619.769531,-0.00256281301808247,0.263367384444257,972100
2020-06-30,68.629997,69.220001,68.459999,69.129997,69.129997,0.005966181519701,37894.078125,0.00729160750902427,0.263606906430976,736700
2020-07-01,69.169998,70.949997,69.169998,70.389999,70.389999,0.018226559448571,37950,0.00147574179837631,0.263659037118649,1549700
2020-07-02,70.5,70.5,69.970001,70.230003,70.230003,-0.002272993355207,37884.761719,-0.00171905878787874,0.263694896204945,1087000
2020-07-06,70.519997,70.809998,70.300003,70.529999,70.529999,0.00427162163157,37837.390625,-0.00125039968183947,0.263653170287709,1397500
2020-07-07,69.82,70.059998,69.050003,69.160004,69.160004,-0.019424287812623,37483.878906,-0.009342920142237,0.265027419012201,908000
2020-07-08,69.550003,69.849998,68.980003,69.790001,69.790001,0.009109267836364,36795.949219,-0.0183526813947177,0.262789390449123,533500
2020-07-09,71.32,71.660004,70.480003,71.529999,71.529999,0.02493190965852,36465.460938,-0.00898164846986347,0.260047056672724,949600
2020-07-10,73,74.110001,72.610001,73.940002,73.940002,0.033692199548332,36389.390625,-0.00208609218266387,0.258589555985343,1666900
2020-07-13,75.5,76.639999,74.160004,74.360001,74.360001,0.005680267631045,36190.910156,-0.00545434989679775,0.258290900344517,1814600
2020-07-14,73.389999,74.610001,73.129997,74.519997,74.519997,0.00215164063809,36590.261719,0.0110345819234335,0.258122693750984,757600
2020-07-15,76.110001,77.879997,75.889999,76.830002,76.830002,0.030998458038048,36465.671875,-0.00340500007780231,0.256456952677249,1985200
2020-07-16,76.300003,77.07,76.150002,76.800003,76.800003,-0.000390459445777,36327.839844,-0.00377977489273939,0.256490208010529,935400
2020-07-17,75.959999,76.43,75.440002,76.080002,76.080002,-0.009375012654622,36323.691406,-0.000114194458514961,0.256365842088337,1091700
2020-07-20,77.18,78.5,76.889999,78.18,78.18,0.027602496645571,36881.671875,0.0153613371164098,0.259476106343116,875000
2020-07-21,78.25,78.269997,77.150002,77.309998,77.309998,-0.011128191353288,37447.101563,0.0153309125984408,0.256863082370887,698200
2020-07-22,77.269997,77.599998,76.809998,77.349998,77.349998,0.000517397504007,37433.300781,-0.000368540726090119,0.256863014045111,417000
2020-07-23,77.480003,77.989998,76.190002,76.419998,76.419998,-0.01202327115768,37357.460938,-0.00202599934864669,0.256942125949978,608100
2020-07-24,75.849998,76.550003,75.339996,76.459999,76.459999,0.000523436286926,37742.140625,0.0102972653210676,0.256628074547096,535500
2020-07-27,77.669998,78.610001,77.629997,78.529999,78.529999,0.027072979689681,37771.210938,0.000770234875886734,0.256359034472531,911200
2020-07-28,78.5,78.5,77.589996,77.620003,77.620003,-0.011587877391925,37720.839844,-0.00133358430267637,0.256357152677259,479200
2020-07-29,77.629997,78.739998,77.559998,78.349998,78.349998,0.009404727799354,37136.78125,-0.0154837112963407,0.254606098502544,530400
2020-07-30,77.459999,78.760002,77.330002,78.519997,78.519997,0.002169738408928,37019.679688,-0.00315325017565984,0.254566314539938,624300
2020-07-31,76.980003,77.970001,76.910004,77.959999,77.959999,-0.007131915708046,37546.71875,0.0142367266935279,0.252845082115119,1112900
2020-08-03,78.709999,81.410004,78.669998,81.269997,81.269997,0.042457645490734,37466.949219,-0.00212454066974889,0.250750309972202,2149700
2020-08-04,83.559998,84.150002,82.510002,83.370003,83.370003,0.025839868063487,37901.960938,0.011610545509251,0.252885448868259,1695500
2020-08-05,81.699997,81.790001,80.709999,81.25,81.25,-0.025428846392149,37998.339844,0.00254284748374001,0.25155132274326,1179100
2020-08-06,80.860001,81.120003,80.360001,80.470001,80.470001,-0.009599987692308,38005,0.000175274920623927,0.251408258628377,1129800
2020-08-07,80.5,80.730003,79.110001,80.029999,80.029999,-0.005467901013199,38289.761719,0.00749274356005794,0.2507258665242,1101600
2020-08-10,80.449997,80.449997,79.730003,80.050003,80.050003,0.000249956269523,38703.589844,0.0108078010000948,0.25035999148232,644600
2020-08-11,79.919998,80.32,79.220001,79.330002,79.330002,-0.008994390668543,38634.101563,-0.00179539627409466,0.250433429958796,1039600
2020-08-12,79.510002,80.980003,79.459999,80.739998,80.739998,0.017773805173987,38615.621094,-0.000478346027274863,0.250182658836805,1233600
2020-08-13,81.559998,83.190002,81.269997,82.669998,82.669998,0.023903889618625,38949.878906,0.00865602578775905,0.251602215573586,1794200
2020-08-14,83.389999,83.610001,82.879997,82.93,82.93,0.003145058743076,39285.851563,0.00862576897378348,0.251592908464425,1419400
2020-08-17,83.529999,83.709999,82.720001,83.449997,83.449997,0.006270312311588,39087.351563,-0.00505270961688788,0.251297455142875,1237400
2020-08-18,83.849998,83.900002,82.629997,82.980003,82.980003,-0.005632043342075,39021.921875,-0.00167393505529631,0.251357803895111,798200
2020-08-19,81.5,82.07,81.019997,81.099998,81.099998,-0.022656121138005,38707.238281,-0.00806427717753207,0.252648291748937,1354300
2020-08-20,79.07,79.57,78.870003,79.410004,79.410004,-0.020838397554584,38095.878906,-0.0157944457458256,0.255172955985567,1224700
2020-08-21,78.5,78.93,78.199997,78.75,78.75,-0.008311345759408,38029.621094,-0.00173923830878097,0.255236363710649,1337000
2020-08-24,79.910004,80.279999,79.370003,79.769997,79.769997,0.012952342857143,38249.898438,0.00579225713176375,0.255744637320409,848500
2020-08-25,79.18,79.620003,79.160004,79.370003,79.370003,-0.005014341419619,37753.039063,-0.0129898220724787,0.256179921966159,636000
2020-08-26,80.400002,81.209999,80.139999,81.120003,81.120003,0.022048632151368,37647.191406,-0.00280368573304433,0.255320618717289,900600
2020-08-27,81.199997,81.199997,79.970001,80.419998,80.419998,-0.008629252639451,37794.25,0.00390623014646889,0.254800827926954,1032800
2020-08-28,79.07,79.650002,78.800003,79.389999,79.389999,-0.012807747147669,36840.730469,-0.0252292221964981,0.256842226702112,1010000
2020-08-31,78.650002,78.980003,78.440002,78.639999,78.639999,-0.009447033750435,37487.988281,0.0175690819307896,0.254261358634497,777200
2020-09-01,79.230003,80.110001,78.75,79.5,79.5,0.010935923333366,37053.769531,-0.0115828768069711,0.25289109589249,1061900
2020-09-02,79.589996,80,78.800003,79.489998,79.489998,-0.000125811320755,36429.660156,-0.0168433436840442,0.252592121232066,888900
2020-09-03,78.849998,78.959999,76.709999,77.379997,77.379997,-0.026544232646729,36448.5,0.000517156732160702,0.251765908837222,1069300
2020-09-04,77.779999,78.470001,75.599998,77.660004,77.660004,0.003618596676865,36637.449219,0.00518400535001446,0.251828759820525,1241500
2020-09-08,76.709999,76.860001,75.870003,76.010002,76.010002,-0.021246483582463,36071.429688,-0.0154492068379714,0.254260357874781,1262300
2020-09-09,76.860001,77.949997,76.550003,77.480003,77.480003,0.019339573231428,36157.960938,0.00239888606435765,0.254473549856076,888300
2020-09-10,77.769997,77.940002,76.400002,76.5,76.5,-0.012648463630029,36180.738281,0.000629939919429025,0.254192401900782,979700
2020-09-11,77.18,77.389999,76.239998,77.019997,77.019997,0.006797346405229,36334.890625,0.00426061908418695,0.254373818583346,826100
2020-09-14,77.330002,78.260002,77.269997,77.720001,77.720001,0.009088600717551,36881.988281,0.0150570882859235,0.255024249020608,676200
2020-09-15,76.870003,77.300003,76.230003,76.459999,76.459999,-0.016212068756921,36729.148438,-0.00414402395650502,0.255399325175876,1383600
2020-09-16,77.879997,78,76.889999,76.989998,76.989998,0.006931716020556,36130.921875,-0.0162875151872857,0.254015088574867,1789200
2020-09-17,77.160004,78.290001,76.720001,77.610001,77.610001,0.008053033070607,36017.351563,-0.00314329959232471,0.253783971082355,1461500
2020-09-18,80.080002,80.169998,78.330002,78.959999,78.959999,0.017394639641868,35517.769531,-0.0138705932091134,0.251170227689285,1212000
2020-09-21,77.75,78.349998,77,78.269997,78.269997,-0.00873862726366,35853.578125,0.00945466448018104,0.249979125285333,762500
2020-09-22,79.07,79.080002,77.82,78.699997,78.699997,0.005493803711274,35829.578125,-0.000669389256389595,0.249953635254634,730800
2020-09-23,78.5,78.540001,76.989998,77.330002,77.330002,-0.017407815148964,36217.488281,0.0108265342853517,0.247484614597739,873100
2020-09-24,76.970001,78.480003,76.809998,77.779999,77.779999,0.005819177400254,36583.710938,0.0101117629736936,0.247721518302831,834700
2020-09-25,76.940002,77.389999,76.389999,77.260002,77.260002,-0.006685484786391,37231.5,0.0177070353277676,0.245733879152372,617700
2020-09-28,78.099998,78.099998,76.959999,77.279999,77.279999,0.000258827329567,37134.921875,-0.0025939896324349,0.245744039176078,790200
2020-09-29,77.43,77.82,77.080002,77.480003,77.480003,0.00258804351175,37458.691406,0.00871873467486588,0.245712050236017,449100
2020-09-30,76.75,77.440002,76.279999,76.75,76.75,-0.009421824622283,36626.109375,-0.0222266715613733,0.246941746564016,706700
2020-10-01,76.910004,76.919998,76.150002,76.449997,76.449997,-0.003908833876222,36642.378906,0.000444205821410648,0.246885250156985,719700
2020-10-02,74,74.949997,73.620003,74,74,-0.032047051617281,36740.328125,0.00267311298895944,0.245134177306503,1392000
2020-10-05,74.849998,75.220001,74.550003,75.07,75.07,0.014459459459459,36947.871094,0.00564891441072294,0.245683823245014,846200
2020-10-06,74.339996,74.410004,73.43,73.540001,73.540001,-0.020380964433196,37418.789063,0.0127454696321182,0.24243167443436,850800
2020-10-07,73.980003,73.980003,73.099998,73.370003,73.370003,-0.002311639892417,38404.050781,0.0263306681662298,0.240339520909496,1238400
2020-10-08,73.75,74.300003,73.529999,74.129997,74.129997,0.010358374934236,38478.578125,0.00194061153665783,0.240454985412313,744900
2020-10-09,74.349998,74.839996,73.93,74.550003,74.550003,0.005665803547786,38342.089844,-0.00354712381930038,0.240278864247032,755700
2020-10-12,74.07,74.879997,74.059998,74.589996,74.589996,0.000536458730927,38131.78125,-0.00548505819207224,0.240257492396088,770900
2020-10-13,74.790001,75.18,74.260002,74.690002,74.690002,0.001340742798807,38025.71875,-0.00278147247579734,0.240240245167249,907000
2020-10-14,74.610001,74.900002,74.269997,74.410004,74.410004,-0.003748801613367,38059.230469,0.000881290876323065,0.240171784159198,942800
2020-10-15,73.599998,73.599998,72.580002,73.269997,73.269997,-0.01532061468509,37876.488281,-0.00480152083339811,0.240639186453007,1129100
2020-10-16,72.760002,73.040001,72.449997,72.669998,72.669998,-0.008188877092488,37685.738281,-0.00503610573886508,0.240948394657932,1062600
2020-10-19,73.699997,73.860001,72.809998,72.93,72.93,0.003577845151448,38201.808594,0.0136940481078539,0.240932316903894,822200
2020-10-20,74.629997,75.870003,74.580002,75.57,75.57,0.036199095022624,38669.25,0.012236106697666,0.243812546633796,1215800
2020-10-21,75.330002,75.43,74.400002,74.639999,74.639999,-0.012306484054519,38652.191406,-0.000441141061696358,0.243715734020675,873200
2020-10-22,74.879997,74.970001,74.209999,74.599998,74.599998,-0.000535919085422,38707.71875,0.00143658980203079,0.243685089243742,661900
2020-10-23,75.190002,75.57,74.510002,75.43,75.43,0.011126032469867,38245.859375,-0.0119319709328001,0.242289171681751,751200
2020-10-26,75.75,76.43,75.550003,76.199997,76.199997,0.010208100225374,38001.308594,-0.00639417665065862,0.241647999956239,842500
2020-10-27,77.300003,78.290001,76.949997,77.470001,77.470001,0.016666719816275,37393.710938,-0.0159888613966293,0.238807391631843,1467300
2020-10-28,81.900002,81.949997,79.110001,81.599998,81.599998,0.053310919668118,36801.371094,-0.015840627451555,0.22917267644688,2727400
2020-10-29,83.760002,83.879997,82.559998,83.43,83.43,0.022426495647708,36987.859375,0.00506742752936188,0.229857313566068,1845100
2020-10-30,83.25,84.050003,82.580002,83.660004,83.660004,0.002756850053937,37466.089844,0.0129293902669922,0.229741296572228,1479300
2020-11-02,84.120003,85.919998,84.040001,85.5,85.5,0.021993735501136,37475.761719,0.000258150104274863,0.229556000827043,2077700
2020-11-03,86,87.25,86,86.410004,86.410004,0.010643321637427,38399.070313,0.0246374870489125,0.230564415622778,1059400
2020-11-04,85.379997,87.269997,85.169998,86.410004,86.410004,0,38530.5,0.00342273096532517,0.230496808613896,1039200
2020-11-05,88.75,90.879997,88.720001,90.389999,90.389999,0.046059423860228,39652.519531,0.0291202951168554,0.239431463248319,1823300
2020-11-06,89.099998,90.169998,88.660004,89.389999,89.389999,-0.011063170827118,40404.578125,0.018966224666053,0.236601203345007,1394500
2020-11-09,90,90,86.599998,86.610001,86.610001,-0.031099653552966,40858.949219,0.0112455349142444,0.232440649240622,1884900
2020-11-10,86.050003,86.440002,85.279999,85.910004,85.910004,-0.008082172865926,40335.949219,-0.0128001333856329,0.233181877821565,1300100
2020-11-11,86.480003,88.690002,86.260002,88.089996,88.089996,0.025375298550795,40791.808594,0.0113015655718168,0.234997820178412,1347400
2020-11-12,87.470001,88.139999,86.860001,87.110001,87.110001,-0.011124929554997,41948.789063,0.0283630588806541,0.230485953929751,1209000
2020-11-13,88.970001,90.050003,88.540001,89.720001,89.720001,0.029962116519778,42252.609375,0.00724264797116591,0.231682240674906,1094900
2020-11-16,90.690002,91.099998,90.050003,90.449997,90.449997,0.008136379757731,41868.820313,-0.00908320379917373,0.230993745298168,1151100
2020-11-17,90.239998,90.699997,89.519997,89.709999,89.709999,-0.008181293803691,41905.058594,0.000865519513783712,0.230860094666862,1751500
2020-11-18,88.860001,89.690002,88.239998,88.25,88.25,-0.016274651836748,42267.199219,0.0086419310019018,0.229212985390691,746400
2020-11-19,88.870003,88.989998,88.440002,88.849998,88.849998,0.006798844192635,42736.480469,0.0111027287984828,0.229521506632056,899900
2020-11-20,88.910004,90.269997,88.860001,89.980003,89.980003,0.01271812071397,42200.589844,-0.0125394187616531,0.227963023855029,623900
2020-11-23,90.099998,90.809998,89.470001,89.790001,89.790001,-0.002111602507948,42412.46875,0.00502075697954072,0.227762315368215,742800
2020-11-24,91.050003,91.550003,90.029999,90.800003,90.800003,0.01124849079799,41674.300781,-0.0174045036932683,0.225756344590147,1208900
2020-11-25,93.400002,93.5,91.910004,93.230003,93.230003,0.026762113653234,41778.871094,0.00250922777443885,0.225899255918205,1649700
2020-11-27,93.980003,94.5,93.82,94.07,94.07,0.00900994286142,42895.628906,0.0267302055502495,0.226502378917582,666900
2020-11-30,93.650002,94,92.620003,93.290001,93.290001,-0.008291687041565,43674.828125,0.0181650027956814,0.224425161127317,969700
2020-12-01,94.139999,94.82,93.959999,94.68,94.68,0.01489976401651,43934.210938,0.00593895440773407,0.224934104827173,1240200
2020-12-02,92.389999,93.349998,92.160004,92.620003,92.620003,-0.021757467258133,43646.03125,-0.00655934593673882,0.225856960955406,1188400
2020-12-03,93.800003,94.300003,93.580002,93.830002,93.830002,0.013064121796671,43255.25,-0.00895342002029108,0.224758633282489,754600
2020-12-04,93.900002,94.410004,93.800003,94.400002,94.400002,0.006074816027394,43098.640625,-0.0036205865183995,0.22458186955574,570100
2020-12-07,93,93.620003,92.940002,93.360001,93.360001,-0.011016959512353,42736.960938,-0.00839190475047619,0.225281015133041,901400
2020-12-08,93.400002,93.800003,93.150002,93.370003,93.370003,0.000107133674945,43518.710938,0.0182921289404296,0.224568793435769,717900
2020-12-09,94.589996,94.629997,93.25,94.129997,94.129997,0.008139594897518,43612.308594,0.0021507451388749,0.224652536713393,1988700
2020-12-10,93.699997,94.190002,93.330002,94.089996,94.089996,-0.00042495486322,43569.839844,-0.000973778994259494,0.224665862458593,725400
2020-12-11,94.309998,94.980003,94.160004,94.68,94.68,0.006270634765464,43543.351563,-0.000607949928088916,0.224623271336512,907600
2020-12-14,94.959999,95.050003,93.339996,93.370003,93.370003,-0.013836047739755,43790.421875,0.00567412252689217,0.223703534875906,855700
2020-12-15,93.800003,94.639999,93.550003,94.150002,94.150002,0.008353850004696,44326.050781,0.0122316452563292,0.224165736022918,824300
2020-12-16,94.269997,95.360001,94.050003,95.110001,95.110001,0.01019648411691,43873.808594,-0.0102026275526862,0.223200690959225,856800
2020-12-17,97.07,97.769997,96.769997,97.019997,97.019997,0.020081968036148,43246.238281,-0.0143039852958156,0.220425702338483,1199700
2020-12-18,99.099998,99.349998,98.139999,98.709999,98.709999,0.017419110000591,42601.710938,-0.0149036625755071,0.217946273880106,1289600
2020-12-21,98.889999,99.529999,97.809998,99.400002,99.400002,0.006990203697601,43597.300781,0.0233697149968677,0.218218066068175,939000
2020-12-22,97.959999,98.309998,97.279999,97.459999,97.459999,-0.019517132404082,43372.199219,-0.0051631995093168,0.218844572528822,743000
2020-12-23,98.129997,98.129997,97.239998,97.459999,97.459999,0,43883.410156,0.0117866040045313,0.218496452820223,669600
2020-12-24,97.459999,97.559998,96.540001,96.839996,96.839996,-0.006361615086821,44693.988281,0.018471174462479,0.216767110453028,301800
2020-12-28,98.190002,98.290001,97.830002,97.949997,97.949997,0.011462216499885,44693.960938,-0.000000611782502596416,0.216698189856359,963600
2020-12-29,100,100.830002,99.349998,100.43,100.43,0.025319071730038,44066.878906,-0.0140305763651133,0.213278839325619,988800
2020-12-30,99.800003,100.949997,99.660004,100.779999,100.779999,0.003485004480733,44703,0.0144353562083878,0.213221011782822,616200
2020-12-31,100.93,101.400002,100.610001,101.099998,101.099998,0.00317522329009,44908.121094,0.00458853083685663,0.213251002125477,670700
2021-01-04,101.5,101.620003,99.459999,100.07,100.07,-0.010187913159009,45587.160156,0.0151206295310965,0.211396075839439,1064000
2021-01-05,102.019997,103.519997,102,103.110001,103.110001,0.030378744878585,46188.660156,0.0131945047232962,0.213804797540275,1118700
2021-01-06,100.459999,101.989998,100.279999,101.080002,101.080002,-0.019687702262752,46729.300781,0.0117050510487642,0.211334211468981,981500
2021-01-07,101.080002,102.089996,100.860001,102,102,0.009101681656081,46395.320313,-0.00714713172288247,0.210771804363763,760700
2021-01-08,103.290001,104,102.940002,103.989998,103.989998,0.019509784313726,45951.769531,-0.00956024829676012,0.209020126030214,1400400
2021-01-11,104.330002,105,103.330002,103.839996,103.839996,-0.001442465649437,45740.148438,-0.00460528713387713,0.20910613958465,1036600
2021-01-12,104.300003,104.480003,103.279999,104.029999,104.029999,0.001829767019637,46070.910156,0.00723132148222788,0.209051202865833,1192300
2021-01-13,103.239998,104.339996,103.199997,103.889999,103.889999,-0.001345765657462,45892.28125,-0.00387726019293184,0.209124218853773,794400
2021-01-14,103.650002,103.980003,103.239998,103.419998,103.419998,-0.004524025455039,46458.019531,0.0123275257971622,0.20829110284812,831100
2021-01-15,101.790001,102.699997,101.529999,102.050003,102.050003,-0.013246906077101,45495.410156,-0.0207199830022388,0.210146084729852,1027600
2021-01-19,102.029999,102.440002,101.699997,102.230003,102.230003,0.001763841202435,45125.710938,-0.00812607726213114,0.210042919123582,701000
2021-01-20,102.43,103.599998,102.43,102.889999,102.889999,0.006455991202504,44810.210938,-0.00699157959934366,0.209676917126883,874000
2021-01-21,102.910004,103.199997,101.900002,102.550003,102.550003,-0.003304461107051,44683.550781,-0.00282659140291143,0.209770949412473,649200
2021-01-22,101.620003,101.93,101.029999,101.110001,101.110001,-0.014041949857379,45126.511719,0.0099132886768783,0.208254396445722,759600
2021-01-25,99.699997,99.940002,97.82,99.279999,99.279999,-0.018099119591543,45053.558594,-0.00161663559227167,0.208319947154143,1457800
2021-01-26,99.849998,100.18,99.389999,99.709999,99.709999,0.004331184572232,44262.011719,-0.0175690200663841,0.207498219665283,775000
2021-01-27,97.779999,98.879997,96.889999,97,97,-0.027178808817358,44280.730469,0.00042290780000776,0.206971407096757,1115200
2021-01-28,96.379997,98.419998,96.199997,97.650002,97.650002,0.006701051546392,42985.730469,-0.0292452266772474,0.204601272978652,1439700
2021-01-29,97,97.089996,95.089996,95.709999,95.709999,-0.019866901794841,43848.921875,0.020080882576196,0.200394248746544,859200
2021-02-01,97.610001,98.639999,96.940002,98.529999,98.529999,0.029464006158855,43957.070313,0.00246638761856665,0.200509329990287,1499500
2021-02-02,99.5,99.830002,99.169998,99.239998,99.239998,0.007205917052734,44167.578125,0.0047889409030462,0.200680952384776,1267700
2021-02-03,108.300003,112.290001,106.959999,111.309998,111.309998,0.121624347473284,44145.699219,-0.000495361233936757,0.19291171917309,3026200
2021-02-04,110.980003,111.150002,109.010002,110.879997,110.879997,-0.003863094131041,44197.511719,0.00117367038956538,0.192849076546593,1382400
2021-02-05,118.029999,118.5,115.239998,116.709999,116.709999,0.052579384539486,45020.960938,0.0186311216847532,0.198495272929463,2026500
2021-02-08,114.360001,115.639999,114.360001,115.620003,115.620003,-0.009339354034267,44718.230469,-0.00672421162704403,0.19896808982124,1067800
2021-02-09,112.57,113.43,111.989998,112.639999,112.639999,-0.025774121455437,44060.089844,-0.0147175015222537,0.201477709071521,1014300
2021-02-10,114.5,114.5,112.279999,113.309998,113.309998,0.005948144584057,44202.519531,0.00323262361707126,0.201558070767268,606400
2021-02-11,114.019997,114.739998,113.440002,113.970001,113.970001,0.005824755199449,44157.488281,-0.00101874848940271,0.201513341498323,470300
2021-02-12,112.809998,113.620003,112.790001,113.529999,113.529999,-0.003860682601907,44698.589844,0.0122539026576117,0.200792267571897,557700
2021-02-16,115.849998,115.900002,114.419998,114.970001,114.970001,0.012683889832501,45061.949219,0.00812910152799316,0.201326365792846,849400
2021-02-17,115.309998,115.309998,113.860001,114.919998,114.919998,-0.000434922149822,44507.949219,-0.012294186327972,0.201344050989143,592200
2021-02-18,113.25,113.870003,112.43,113.519997,113.519997,-0.01218239666172,44900.078125,0.0088103117056807,0.200230087632827,567200
2021-02-19,114.010002,117.809998,113.910004,115.540001,115.540001,0.017794256988925,44946.601563,0.00103615494544302,0.200215992614208,1988600
2021-02-22,113.529999,114.910004,113.029999,113.279999,113.279999,-0.019560342569151,45268.328125,0.00715797303493683,0.198794832314112,1096400
2021-02-23,110.970001,112.860001,109.540001,112.43,112.43,-0.007503522312001,45151.378906,-0.00258346671600216,0.198937864282398,1067300
2021-02-24,108.32,109.970001,108.110001,109.599998,109.599998,-0.025171235435382,44310.269531,-0.0186286531082715,0.20200658382965,1474800
2021-02-25,108.730003,109.089996,106.849998,107.080002,107.080002,-0.022992664653151,44592.910156,0.00637867085873313,0.200493711699712,1338000
2021-02-26,106.93,106.989998,105.370003,105.809998,105.809998,-0.011860328504663,44784.578125,0.00429817135346151,0.199959102922624,1002900
2021-03-01,107.330002,108.559998,106.849998,108.080002,108.080002,0.021453587023034,45682.191406,0.0200429102735909,0.202283383159084,935600
2021-03-02,107.18,107.260002,105.75,105.769997,105.769997,-0.021373102861342,46377.46875,0.0152198772125604,0.199144075676115,1082500
2021-03-03,106.410004,106.57,104.5,104.519997,104.519997,-0.011818096203596,46004.191406,-0.00804867868085194,0.199810640791122,1052700
2021-03-04,103.309998,104.019997,100.730003,101.839996,101.839996,-0.025641035944538,46342.539063,0.00735471370454019,0.197933270755355,1642500
2021-03-05,103.610001,104.25,101.279999,104.139999,104.139999,0.022584476535133,47075.410156,0.0158142196741466,0.199906189519574,1053900
2021-03-08,102.339996,103,100.199997,100.25,100.25,-0.037353553268231,47103.601563,0.000598856322368235,0.199089557606206,1242600
2021-03-09,100.25,101.989998,100.089996,101.519997,101.519997,0.01266829925187,47549.671875,0.00946998312652154,0.19970221803885,1288500
2021-03-10,102.470001,102.690002,100.510002,100.989998,100.989998,-0.005220636482091,47673.820313,0.00261092102436294,0.199555443024649,1073400
2021-03-11,102.279999,103.650002,101.769997,103.199997,103.199997,0.021883345319009,47769.871094,0.00201474898318173,0.199628190703699,915500
2021-03-12,103.169998,104.589996,102.510002,104.559998,104.559998,0.013178304646656,48203.949219,0.0090868598775541,0.200239710761041,870100
2021-03-15,104.879997,105.440002,104.169998,105.389999,105.389999,0.007938035729496,47679.488281,-0.0108800408783371,0.199542065117626,875500
2021-03-16,106.239998,107.25,106.150002,106.559998,106.559998,0.011101613161606,47572.390625,-0.00224619977816909,0.199315748725615,823900
2021-03-17,105.769997,106.300003,104.769997,105.93,105.93,-0.005912143504357,47028.039063,-0.0114425942200588,0.199778183942619,719100
2021-03-18,105.940002,106.129997,104.940002,105.339996,105.339996,-0.005569753610875,47225.441406,0.00419754569684601,0.199524612567383,860600
2021-03-19,105.809998,105.809998,104.510002,105.260002,105.260002,-0.000759388675124,46659.179688,-0.0119906072053793,0.199554545539935,622700
2021-03-22,106,107.419998,105.510002,106.889999,106.889999,0.01548543576885,46703.140625,0.000942171236056032,0.199540669871779,2082100
2021-03-23,106.330002,106.93,105.010002,105.110001,105.110001,-0.016652614993476,47012.371094,0.0066211921695577,0.198470756978269,761200
2021-03-24,104.809998,104.809998,102.309998,102.349998,102.349998,-0.026258233980989,47379.191406,0.00780263372095291,0.196487653617659,1270700
2021-03-25,102.360001,102.940002,101.459999,102.650002,102.650002,0.002931157849168,47747.359375,0.00777066805224916,0.196500951403958,971200
2021-03-26,104.160004,105.5,104.099998,105.419998,105.419998,0.026984860652998,47905,0.00330155692510482,0.196772550910412,823900
2021-03-29,105.900002,107.040001,105.040001,106.599998,106.599998,0.011193322162651,47246.261719,-0.0137509295689385,0.195504578555629,817100
2021-03-30,104.330002,104.900002,103.720001,104.510002,104.510002,-0.019605966596735,48245.851563,0.0211570144945036,0.191542416596214,695100
2021-03-31,105.559998,106.800003,105.260002,106.010002,106.010002,0.014352693247485,47985.429688,-0.00539780865220998,0.19090038140899,597500
2021-04-01,106.559998,107.120003,105.510002,106.860001,106.860001,0.008018101914572,47897.839844,-0.00182534249603476,0.190778417479861,450100
2021-04-05,110.800003,111.839996,109.82,111.389999,111.389999,0.042391895541906,48188.148438,0.00606099554688708,0.191753409510224,832400
2021-04-06,110.120003,110.279999,109.330002,109.900002,109.900002,-0.013376398360503,47627.671875,-0.0116310043271556,0.192798962001568,439100
2021-04-07,110.550003,111.339996,109.639999,110.860001,110.860001,0.008735204572608,47352.179688,-0.00578428833815433,0.192421690401747,489300
2021-04-08,109.300003,109.959999,109,109.82,109.82,-0.009381210451189,47503.710938,0.00320009028092114,0.19212008139608,562500
2021-04-09,111.510002,112.059998,110.510002,111.790001,111.790001,0.017938453833546,48329.839844,0.0173908288360511,0.193716675457934,823200
2021-04-12,111.489998,112.300003,111.129997,111.389999,111.389999,-0.00357815543807,48514.101563,0.00381258699790353,0.193556031337297,444700
2021-04-13,111.980003,112.360001,111.470001,111.879997,111.879997,0.004398940698437,48726.980469,0.00438797997162872,0.193617167640905,534800
2021-04-14,112.489998,112.809998,111.709999,111.779999,111.779999,-0.000893796949244,48072.621094,-0.0134290975698012,0.193652029709875,410800
2021-04-15,112.75,113.5,112.120003,112.769997,112.769997,0.008856664956671,48528.96875,0.00949288067957991,0.194019640876615,508200
2021-04-16,111.650002,111.669998,110.709999,111.099998,111.099998,-0.014808894603411,48867.621094,0.00697835442876585,0.193048752683756,642400
2021-04-19,111.050003,111.239998,109.410004,109.980003,109.980003,-0.010080963277785,49092.308594,0.00459788086610149,0.192601910220501,413700
2021-04-20,109.650002,110.099998,108,108.610001,108.610001,-0.012456828174482,49091.089844,-0.0000248256811485324,0.192547576720487,489100
2021-04-21,107.230003,108.589996,106.699997,108.440002,108.440002,-0.001565224182255,48923.929688,-0.00340510175127913,0.192611442673832,559200
2021-04-22,109.029999,110.050003,108.540001,108.940002,108.940002,0.004610844621711,48812.171875,-0.0022843179955638,0.192542931836015,906500
2021-04-23,109.790001,110.330002,109.389999,109.940002,109.940002,0.009179364619435,48487.941406,-0.00664241021338496,0.192081107695589,428500
2021-04-26,109,109.699997,108.849998,108.919998,108.919998,-0.009277824099003,48897.789063,0.0084525687235978,0.191311448726645,536900
2021-04-27,106.5,107.699997,105.360001,106.669998,106.669998,-0.020657363581663,48009.71875,-0.0181617682520534,0.193680258945174,1559200
2021-04-28,106.400002,106.419998,103.129997,104.489998,104.489998,-0.020436861731262,48498.640625,0.0101838104394227,0.191786028326098,1735200
2021-04-29,105.419998,105.489998,104.110001,104.849998,104.849998,0.003445305836832,48328.199219,-0.00351435429536842,0.191714616988884,908800
2021-04-30,101.330002,102.300003,100,100.160004,100.160004,-0.044730511105971,48399.800781,0.00148156900437222,0.190392090248971,1080000
2021-05-03,100.970001,101.190002,98.650002,99.370003,99.370003,-0.007887389860727,,,,1026600
2021-05-04,98.919998,99.230003,96.489998,96.790001,96.790001,-0.025963589837066,,,,1378500
2021-05-05,97.690002,98.07,97.260002,97.629997,97.629997,0.008678541081945,,,,679800
